part_sg_partido,desp_tx_segmento_despesa,part_qt_responsaveis,part_qt_deputados,part_qt_documentos,part_qt_fornecedores,part_vl_total_liquido,part_vl_medio_liquido,part_vl_max_liquido,part_vl_total_geral,part_pc_segmento,part_nr_ranking_segmento,part_tx_relevancia_segmento
AVANTE,Publicidade,9,9,785,114,3526964.93,4487.232735,68200.00,10598121.58,33.28,1,Principal categoria de gasto
AVANTE,Locomoção,10,10,359,25,2351796.10,6550.964067,14000.00,10598121.58,22.19,2,Categoria relevante
AVANTE,Viagens,10,10,1630,5,1805064.81,787.893850,4761.81,10598121.58,17.03,3,Categoria relevante
AVANTE,Outros,9,9,1691,123,1243856.01,687.213265,20000.00,10598121.58,11.74,4,Categoria complementar
AVANTE,Combustível,10,10,3264,849,1033571.15,316.657828,8015.99,10598121.58,9.75,5,Categoria complementar
AVANTE,Serviços profissionais,3,3,29,6,361466.16,12464.350345,30000.00,10598121.58,3.41,6,Categoria complementar
AVANTE,Comunicação,10,10,448,19,207116.10,227.850495,1550.74,10598121.58,1.95,7,Categoria complementar
AVANTE,Hotéis,7,7,141,95,54256.68,384.799149,2299.00,10598121.58,0.51,8,Categoria complementar
AVANTE,Alimentação,2,2,305,76,14029.64,45.998820,153.12,10598121.58,0.13,9,Categoria complementar
CIDADANIA,Publicidade,5,5,183,51,1529885.47,8360.029891,166600.00,4939573.55,30.97,1,Principal categoria de gasto
CIDADANIA,Outros,6,6,1490,83,1310788.21,841.867829,73400.00,4939573.55,26.54,2,Categoria relevante
CIDADANIA,Viagens,6,6,964,4,1128397.64,973.595893,30820.50,4939573.55,22.84,3,Categoria relevante
CIDADANIA,Locomoção,6,6,124,16,469251.29,3784.284597,12500.00,4939573.55,9.50,4,Categoria complementar
CIDADANIA,Combustível,5,5,1529,546,274814.30,179.734663,1026.45,4939573.55,5.56,5,Categoria complementar
CIDADANIA,Serviços profissionais,3,3,25,5,104362.00,4174.480000,6750.00,4939573.55,2.11,6,Categoria complementar
CIDADANIA,Comunicação,6,6,289,10,85247.33,167.809705,1172.39,4939573.55,1.73,7,Categoria complementar
CIDADANIA,Hotéis,3,3,113,58,29595.22,261.904602,1442.45,4939573.55,0.60,8,Categoria complementar
CIDADANIA,Alimentação,2,2,96,36,7232.09,75.334271,243.00,4939573.55,0.15,9,Categoria complementar
MDB,Publicidade,74,74,4122,697,30499922.78,7399.301984,163791.00,75609877.43,40.34,1,Principal categoria de gasto
MDB,Viagens,70,70,11986,16,14014485.70,859.099228,28730.80,75609877.43,18.54,2,Categoria relevante
MDB,Locomoção,66,66,2079,130,13742866.90,6607.147548,85000.00,75609877.43,18.18,3,Categoria relevante
MDB,Outros,72,72,7961,439,7914816.42,916.384904,16800.00,75609877.43,10.47,4,Categoria complementar
MDB,Combustível,72,72,18897,3714,5713781.48,302.364475,9300.00,75609877.43,7.56,5,Categoria complementar
MDB,Serviços profissionais,22,22,112,32,1534309.78,13699.194464,60000.00,75609877.43,2.03,6,Categoria complementar
MDB,Comunicação,75,75,1612,36,999288.18,211.938108,3202.01,75609877.43,1.32,7,Categoria complementar
MDB,Hotéis,49,49,2542,719,971928.88,382.348104,11231.20,75609877.43,1.29,8,Categoria complementar
MDB,Alimentação,35,35,3137,987,218477.31,69.645301,829.00,75609877.43,0.29,9,Categoria complementar
MISSÃO,Viagens,1,1,406,0,456348.99,977.192698,3945.28,546164.93,83.56,1,Principal categoria de gasto
MISSÃO,Outros,1,1,81,4,89787.84,1108.491852,7216.27,546164.93,16.44,2,Categoria relevante
MISSÃO,Comunicação,1,1,1,1,28.10,0.936667,3.31,546164.93,0.01,3,Categoria relevante
NOVO,Publicidade,9,9,593,58,1841890.56,3106.054907,46890.00,5990644.99,30.75,1,Principal categoria de gasto
NOVO,Viagens,10,10,1768,8,1498579.77,624.929012,22439.10,5990644.99,25.02,2,Categoria relevante
NOVO,Outros,10,10,2476,122,982249.58,395.908738,7096.42,5990644.99,16.40,3,Categoria relevante
NOVO,Locomoção,7,7,177,18,645604.60,3626.992135,9800.00,5990644.99,10.78,4,Categoria complementar
NOVO,Combustível,8,8,1795,633,452011.43,251.816953,1550.49,5990644.99,7.55,5,Categoria complementar
NOVO,Serviços profissionais,6,6,59,8,407198.91,6901.676441,18500.00,5990644.99,6.80,6,Categoria complementar
NOVO,Hotéis,8,8,170,96,100010.02,588.294235,9352.37,5990644.99,1.67,7,Categoria complementar
NOVO,Comunicação,10,10,247,6,62311.58,125.628185,598.97,5990644.99,1.04,8,Categoria complementar
NOVO,Alimentação,3,3,10,2,788.54,78.854000,93.66,5990644.99,0.01,9,Categoria complementar
PATRIOTA,Serviços profissionais,4,4,60,6,758400.00,12640.000000,29700.00,2412166.43,31.44,1,Principal categoria de gasto
PATRIOTA,Publicidade,5,5,105,29,450766.24,4293.011810,39952.80,2412166.43,18.69,2,Categoria relevante
PATRIOTA,Viagens,4,4,322,3,427046.85,1064.954738,6063.05,2412166.43,17.70,3,Categoria relevante
PATRIOTA,Outros,5,5,423,58,370062.37,766.174679,8000.00,2412166.43,15.34,4,Categoria complementar
PATRIOTA,Combustível,5,5,497,200,179158.63,360.480141,4947.17,2412166.43,7.43,5,Categoria complementar
PATRIOTA,Locomoção,3,3,49,6,172088.66,3512.013469,8100.00,2412166.43,7.13,6,Categoria complementar
PATRIOTA,Comunicação,5,5,76,10,23356.02,166.828714,751.10,2412166.43,0.97,7,Categoria complementar
PATRIOTA,Hotéis,5,5,47,21,20016.16,425.875745,1258.95,2412166.43,0.83,8,Categoria complementar
PATRIOTA,Alimentação,2,2,231,29,11271.50,48.794372,131.04,2412166.43,0.47,9,Categoria complementar
PCDOB,Publicidade,12,12,1215,141,6705944.24,5519.295671,69920.00,17261317.14,38.85,1,Principal categoria de gasto
PCDOB,Viagens,12,12,2657,9,3131770.81,913.852002,7638.54,17261317.14,18.14,2,Categoria relevante
PCDOB,Outros,11,11,2393,145,2941486.57,1167.256575,12000.00,17261317.14,17.04,3,Categoria relevante
PCDOB,Locomoção,12,12,461,32,2392350.23,5189.479892,13500.00,17261317.14,13.86,4,Categoria complementar
PCDOB,Combustível,12,12,3836,850,1342461.41,349.963871,9300.00,17261317.14,7.78,5,Categoria complementar
PCDOB,Serviços profissionais,5,5,26,7,328401.00,12630.807692,38181.00,17261317.14,1.90,6,Categoria complementar
PCDOB,Comunicação,12,12,435,24,277593.05,213.368985,1833.90,17261317.14,1.61,7,Categoria complementar
PCDOB,Hotéis,9,9,274,93,137671.48,502.450657,8606.75,17261317.14,0.80,8,Categoria complementar
PCDOB,Alimentação,6,6,47,23,3638.35,77.411702,155.00,17261317.14,0.02,9,Categoria complementar
PDT,Publicidade,27,27,1886,258,11232491.60,5952.565766,103500.00,27144671.17,41.38,1,Principal categoria de gasto
PDT,Viagens,26,26,4511,10,5383104.99,907.010108,10277.80,27144671.17,19.83,2,Categoria relevante
PDT,Locomoção,24,24,820,56,4475301.67,5451.037357,16487.70,27144671.17,16.49,3,Categoria relevante
PDT,Outros,27,27,2728,148,3128044.34,1010.676685,13000.00,27144671.17,11.52,4,Categoria complementar
PDT,Combustível,26,26,7234,1732,1817866.18,251.294744,6247.84,27144671.17,6.70,5,Categoria complementar
PDT,Serviços profissionais,10,10,53,13,463800.00,8750.943396,29000.00,27144671.17,1.71,6,Categoria complementar
PDT,Comunicação,27,27,742,26,381447.14,210.511667,2115.91,27144671.17,1.41,7,Categoria complementar
PDT,Hotéis,17,17,440,163,175441.41,398.730477,5308.56,27144671.17,0.65,8,Categoria complementar
PDT,Alimentação,15,15,1145,243,87173.84,76.134358,304.00,27144671.17,0.32,9,Categoria complementar
PL,Publicidade,141,141,10834,1471,62542643.08,5764.298901,159600.00,179112098.06,34.92,1,Principal categoria de gasto
PL,Viagens,143,143,30119,22,33528736.84,810.342634,24585.00,179112098.06,18.72,2,Categoria relevante
PL,Locomoção,138,138,6154,293,32651917.09,5298.915464,56000.00,179112098.06,18.23,3,Categoria relevante
PL,Outros,142,142,30668,1230,25906408.71,817.597952,31799.40,179112098.06,14.46,4,Categoria complementar
PL,Combustível,138,138,53771,8514,15423516.80,286.773084,9392.00,179112098.06,8.61,5,Categoria complementar
PL,Serviços profissionais,41,41,357,70,3232616.90,9029.656145,82500.00,179112098.06,1.80,6,Categoria complementar
PL,Hotéis,105,105,6214,1791,3231324.20,518.921503,15784.40,179112098.06,1.80,7,Categoria complementar
PL,Comunicação,147,147,3830,66,2007731.51,191.139710,3043.50,179112098.06,1.12,8,Categoria complementar
PL,Alimentação,69,69,8687,2104,587202.93,67.595595,730.80,179112098.06,0.33,9,Categoria complementar
PODE,Publicidade,40,40,3405,473,19749361.28,5800.106103,184428.00,41874339.25,47.16,1,Principal categoria de gasto
PODE,Locomoção,33,33,1116,76,6899269.59,6176.606616,65000.00,41874339.25,16.48,2,Categoria relevante
PODE,Viagens,39,39,5290,9,5616991.36,753.452899,30231.10,41874339.25,13.41,3,Categoria relevante
PODE,Outros,40,40,4129,307,5353071.58,1257.475119,30000.00,41874339.25,12.78,4,Categoria complementar
PODE,Combustível,41,41,9433,2321,3183111.25,337.408443,9040.20,41874339.25,7.60,5,Categoria complementar
PODE,Hotéis,30,30,966,374,401282.36,415.406170,3867.88,41874339.25,0.96,6,Categoria complementar
PODE,Comunicação,43,43,659,26,293728.29,167.844737,3100.00,41874339.25,0.70,7,Categoria complementar
PODE,Serviços profissionais,9,9,35,10,275759.00,7878.828571,45000.00,41874339.25,0.66,8,Categoria complementar
PODE,Alimentação,21,21,1420,476,101764.54,71.665169,347.53,41874339.25,0.24,9,Categoria complementar
PP,Publicidade,99,99,8559,1113,37513675.70,4378.857908,164900.00,101422678.41,36.99,1,Principal categoria de gasto
PP,Locomoção,91,91,3069,168,18768609.68,6097.663964,18970.40,101422678.41,18.51,2,Categoria relevante
PP,Viagens,99,99,15048,15,17036573.11,831.904542,42877.80,101422678.41,16.80,3,Categoria relevante
PP,Outros,101,101,14774,762,13065192.48,837.834583,18000.50,101422678.41,12.88,4,Categoria complementar
PP,Combustível,98,98,28110,4784,9633682.06,342.689316,9392.00,101422678.41,9.50,5,Categoria complementar
PP,Serviços profissionais,28,28,232,47,2487641.06,10676.571073,55000.00,101422678.41,2.45,6,Categoria complementar
PP,Comunicação,100,100,2671,52,1388753.03,201.385300,4142.85,101422678.41,1.37,7,Categoria complementar
PP,Hotéis,68,68,2994,1039,1212283.84,404.904422,24432.50,101422678.41,1.20,8,Categoria complementar
PP,Alimentação,46,46,4472,1423,316267.45,70.563911,417.61,101422678.41,0.31,9,Categoria complementar
PRD,Publicidade,5,5,488,56,2354232.43,4814.381247,60000.00,6417836.08,36.68,1,Principal categoria de gasto
PRD,Viagens,5,5,918,5,1226852.61,932.967764,5472.42,6417836.08,19.12,2,Categoria relevante
PRD,Locomoção,6,6,232,18,1202388.69,5182.709871,12699.90,6417836.08,18.74,3,Categoria relevante
PRD,Outros,6,6,815,67,762479.53,935.557706,10372.50,6417836.08,11.88,4,Categoria complementar
PRD,Combustível,6,6,2242,649,745632.71,332.574804,6015.34,6417836.08,11.62,5,Categoria complementar
PRD,Hotéis,6,6,130,67,68917.21,530.132385,3174.00,6417836.08,1.07,6,Categoria complementar
PRD,Comunicação,5,5,162,10,56684.37,196.820729,931.93,6417836.08,0.88,7,Categoria complementar
PRD,Alimentação,2,2,8,5,648.53,81.066250,126.00,6417836.08,0.01,8,Categoria complementar
PROS,Publicidade,5,5,106,34,553882.30,5225.304717,26600.00,1960206.15,28.26,1,Principal categoria de gasto
PROS,Viagens,5,5,335,3,461407.78,1119.921796,3971.70,1960206.15,23.54,2,Categoria relevante
PROS,Serviços profissionais,4,4,32,11,434500.00,13578.125000,30000.00,1960206.15,22.17,3,Categoria relevante
PROS,Locomoção,4,4,33,5,184783.30,5599.493939,11800.00,1960206.15,9.43,4,Categoria complementar
PROS,Combustível,5,5,338,160,171506.21,507.414822,5964.96,1960206.15,8.75,5,Categoria complementar
PROS,Outros,5,5,57,16,77203.39,735.270381,3000.00,1960206.15,3.94,6,Categoria complementar
PROS,Hotéis,4,4,86,35,47725.60,554.948837,28247.70,1960206.15,2.43,7,Categoria complementar
PROS,Comunicação,5,5,28,6,29165.57,343.124353,2294.98,1960206.15,1.49,8,Categoria complementar
PROS,Alimentação,1,1,1,1,32.00,32.000000,32.00,1960206.15,0.00,9,Categoria complementar
PSB,Publicidade,36,36,1965,393,12601639.99,6413.048341,70000.00,33575030.01,37.53,1,Principal categoria de gasto
PSB,Viagens,38,38,5900,11,6918180.53,884.338557,19639.60,33575030.01,20.61,2,Categoria relevante
PSB,Locomoção,32,32,1084,77,5116493.65,4715.662350,32000.00,33575030.01,15.24,3,Categoria relevante
PSB,Outros,39,39,7449,301,4031497.73,498.330993,14248.40,33575030.01,12.01,4,Categoria complementar
PSB,Combustível,38,38,10788,2097,2873309.32,266.343096,9120.94,33575030.01,8.56,5,Categoria complementar
PSB,Serviços profissionais,18,18,146,36,1155347.18,7913.336849,30000.00,33575030.01,3.44,6,Categoria complementar
PSB,Hotéis,33,33,1010,313,472037.32,467.363683,10972.00,33575030.01,1.41,7,Categoria complementar
PSB,Comunicação,39,39,859,28,381303.11,192.967161,1907.83,33575030.01,1.14,8,Categoria complementar
PSB,Alimentação,13,13,284,129,25221.18,88.495368,419.48,33575030.01,0.08,9,Categoria complementar
PSC,Publicidade,9,9,276,78,1203438.91,4360.285906,110000.00,3868981.73,31.10,1,Principal categoria de gasto
PSC,Viagens,10,10,497,4,708431.48,1161.363082,4370.32,3868981.73,18.31,2,Categoria relevante
PSC,Serviços profissionais,9,9,64,19,697862.59,10904.102969,25000.00,3868981.73,18.04,3,Categoria relevante
PSC,Locomoção,10,10,115,14,517894.54,4503.430783,12500.00,3868981.73,13.39,4,Categoria complementar
PSC,Combustível,10,10,540,246,359474.83,665.694130,13013.50,3868981.73,9.29,5,Categoria complementar
PSC,Outros,11,11,980,52,342693.54,330.147919,8000.00,3868981.73,8.86,6,Categoria complementar
PSC,Comunicação,11,11,107,10,27508.99,114.145187,535.65,3868981.73,0.71,7,Categoria complementar
PSC,Hotéis,3,3,9,8,5850.08,650.008889,1752.45,3868981.73,0.15,8,Categoria complementar
PSC,Alimentação,3,3,88,32,5826.77,66.213295,106.97,3868981.73,0.15,9,Categoria complementar
PSD,Publicidade,83,83,5923,824,32381866.36,5467.139348,168000.00,94198947.44,34.38,1,Principal categoria de gasto
PSD,Viagens,88,88,16157,18,17947659.94,831.718798,31560.30,94198947.44,19.05,2,Categoria relevante
PSD,Locomoção,73,73,2677,144,17101637.94,6385.973839,68400.00,94198947.44,18.15,3,Categoria relevante
PSD,Outros,86,86,13786,639,13497486.00,939.151545,21970.00,94198947.44,14.33,4,Categoria complementar
PSD,Combustível,84,84,27269,5053,8455903.43,309.944411,7861.00,94198947.44,8.98,5,Categoria complementar
PSD,Serviços profissionais,35,35,211,46,2032232.35,9631.432938,56000.00,94198947.44,2.16,6,Categoria complementar
PSD,Comunicação,90,90,2859,65,1433753.72,229.180582,3150.92,94198947.44,1.52,7,Categoria complementar
PSD,Hotéis,70,70,2279,831,1046665.50,459.265248,19069.40,94198947.44,1.11,8,Categoria complementar
PSD,Alimentação,41,41,4139,1306,301742.20,72.866989,748.00,94198947.44,0.32,9,Categoria complementar
PSDB,Publicidade,41,41,1743,306,10951259.40,6279.391858,150960.00,33515503.35,32.68,1,Principal categoria de gasto
PSDB,Viagens,41,41,5704,9,6416594.33,805.598786,16085.40,33515503.35,19.15,2,Categoria relevante
PSDB,Locomoção,32,32,828,68,5358884.79,6472.083080,34998.80,33515503.35,15.99,3,Categoria relevante
PSDB,Outros,41,41,4750,404,5239332.13,1057.382872,30000.00,33515503.35,15.63,4,Categoria complementar
PSDB,Combustível,41,41,7678,1729,3163362.73,411.307077,8965.20,33515503.35,9.44,5,Categoria complementar
PSDB,Serviços profissionais,13,13,125,28,1334870.74,10678.965920,50000.00,33515503.35,3.98,6,Categoria complementar
PSDB,Hotéis,23,23,1148,399,475803.37,414.102150,15435.00,33515503.35,1.42,7,Categoria complementar
PSDB,Comunicação,41,41,1040,34,465452.61,197.476712,2356.00,33515503.35,1.39,8,Categoria complementar
PSDB,Alimentação,16,16,1353,527,109943.25,81.258869,413.86,33515503.35,0.33,9,Categoria complementar
PSOL,Publicidade,16,16,1707,186,7616668.57,4462.020252,28500.00,22764377.99,33.46,1,Principal categoria de gasto
PSOL,Viagens,16,16,5248,4,6408303.25,984.227192,5340.90,22764377.99,28.15,2,Categoria relevante
PSOL,Outros,16,16,9901,322,4612230.40,461.915914,9493.33,22764377.99,20.26,3,Categoria relevante
PSOL,Locomoção,16,16,474,46,1971608.06,4150.753811,10000.00,22764377.99,8.66,4,Categoria complementar
PSOL,Combustível,15,15,4670,918,1215530.98,260.285006,3771.42,22764377.99,5.34,5,Categoria complementar
PSOL,Hotéis,14,14,578,231,405907.77,702.262578,10500.00,22764377.99,1.78,6,Categoria complementar
PSOL,Comunicação,16,16,840,21,298325.16,196.008647,2237.93,22764377.99,1.31,7,Categoria complementar
PSOL,Serviços profissionais,6,6,30,9,217728.92,7257.630667,16000.00,22764377.99,0.96,8,Categoria complementar
PSOL,Alimentação,7,7,473,67,18074.88,38.213277,309.73,22764377.99,0.08,9,Categoria complementar
PT,Publicidade,85,85,8814,1267,46814620.41,5310.188341,127500.00,133271462.83,35.13,1,Principal categoria de gasto
PT,Outros,90,90,48432,1106,24315497.07,494.841000,25000.00,133271462.83,18.25,2,Categoria relevante
PT,Viagens,87,87,19210,17,23002984.87,905.308547,6574.94,133271462.83,17.26,3,Categoria relevante
PT,Locomoção,79,79,4325,204,18851208.84,4355.639750,36300.00,133271462.83,14.14,4,Categoria complementar
PT,Combustível,88,88,44184,7940,13448183.92,304.347069,9392.00,133271462.83,10.09,5,Categoria complementar
PT,Comunicação,91,91,4580,74,2231790.21,223.626274,2405.93,133271462.83,1.67,6,Categoria complementar
PT,Hotéis,79,79,6802,1721,2134254.52,313.768674,12000.00,133271462.83,1.60,7,Categoria complementar
PT,Serviços profissionais,38,38,267,59,2092179.19,7835.877116,30000.00,133271462.83,1.57,8,Categoria complementar
PT,Alimentação,53,53,6737,1860,380743.80,56.515333,454.92,133271462.83,0.29,9,Categoria complementar
PTB,Viagens,4,4,320,3,461868.97,1438.844143,4856.62,1502024.75,30.75,1,Principal categoria de gasto
PTB,Publicidade,4,4,35,12,381590.00,10902.571429,100800.00,1502024.75,25.41,2,Categoria relevante
PTB,Locomoção,3,3,32,3,221509.70,6922.178125,9990.00,1502024.75,14.75,3,Categoria relevante
PTB,Serviços profissionais,3,3,11,3,188500.00,17136.363636,25000.00,1502024.75,12.55,4,Categoria complementar
PTB,Outros,3,3,470,38,123551.92,248.595412,5010.09,1502024.75,8.23,5,Categoria complementar
PTB,Combustível,2,2,175,64,86568.44,494.676800,5494.19,1502024.75,5.76,6,Categoria complementar
PTB,Comunicação,4,4,65,12,37827.62,317.879160,1481.18,1502024.75,2.52,7,Categoria complementar
PTB,Hotéis,1,1,1,1,608.10,608.100000,608.10,1502024.75,0.04,8,Categoria complementar
PV,Publicidade,8,8,562,123,3557539.22,6318.897371,60000.00,10442568.43,34.07,1,Principal categoria de gasto
PV,Locomoção,8,8,357,19,2221756.17,6223.406639,18600.00,10442568.43,21.28,2,Categoria relevante
PV,Viagens,8,8,1535,5,1675732.39,831.628978,9837.90,10442568.43,16.05,3,Categoria relevante
PV,Outros,8,8,1627,102,1670377.99,968.896746,17593.00,10442568.43,16.00,4,Categoria complementar
PV,Combustível,8,8,3462,901,836765.75,241.700101,5532.00,10442568.43,8.01,5,Categoria complementar
PV,Hotéis,5,5,359,101,211548.99,589.272953,7500.00,10442568.43,2.03,6,Categoria complementar
PV,Serviços profissionais,2,2,7,3,139849.00,19978.428571,74000.00,10442568.43,1.34,7,Categoria complementar
PV,Comunicação,9,9,134,10,73128.95,145.385586,789.95,10442568.43,0.70,8,Categoria complementar
PV,Alimentação,5,5,708,233,55869.97,78.801086,1732.50,10442568.43,0.54,9,Categoria complementar
REDE,Publicidade,8,8,254,67,2091271.50,8233.352362,95200.00,4701730.25,44.48,1,Principal categoria de gasto
REDE,Locomoção,7,7,175,18,758036.06,4331.634629,24900.00,4701730.25,16.12,2,Categoria relevante
REDE,Viagens,5,5,485,5,703039.38,1216.331107,14536.30,4701730.25,14.95,3,Categoria relevante
REDE,Outros,6,6,559,67,614373.05,1083.550353,5500.00,4701730.25,13.07,4,Categoria complementar
REDE,Combustível,7,7,974,283,249951.38,256.623593,5460.50,4701730.25,5.32,5,Categoria complementar
REDE,Serviços profissionais,2,2,16,3,122152.80,7634.550000,15000.00,4701730.25,2.60,6,Categoria complementar
REDE,Comunicação,5,5,141,8,64167.26,210.384459,749.34,4701730.25,1.36,7,Categoria complementar
REDE,Hotéis,5,5,71,30,51153.91,720.477606,9000.00,4701730.25,1.09,8,Categoria complementar
REDE,Alimentação,3,3,508,153,47584.91,93.671083,287.00,4701730.25,1.01,9,Categoria complementar
REPUBLICANOS,Publicidade,84,84,5578,721,36515674.96,6544.027771,140000.00,87503190.05,41.73,1,Principal categoria de gasto
REPUBLICANOS,Locomoção,76,76,2655,134,16283681.99,6133.213556,104258.00,87503190.05,18.61,2,Categoria relevante
REPUBLICANOS,Viagens,84,84,11545,17,13215891.61,839.264089,8013.75,87503190.05,15.10,3,Categoria relevante
REPUBLICANOS,Outros,81,81,9167,489,9375567.06,954.450479,20000.00,87503190.05,10.71,4,Categoria complementar
REPUBLICANOS,Combustível,79,79,25090,4625,7144229.21,284.698701,9392.00,87503190.05,8.16,5,Categoria complementar
REPUBLICANOS,Serviços profissionais,35,35,220,46,2761029.00,12550.131818,70000.00,87503190.05,3.16,6,Categoria complementar
REPUBLICANOS,Hotéis,58,58,2626,797,1061761.98,404.326725,6000.00,87503190.05,1.21,7,Categoria complementar
REPUBLICANOS,Comunicação,85,85,1767,45,904301.61,184.739859,3138.90,87503190.05,1.03,8,Categoria complementar
REPUBLICANOS,Alimentação,38,38,3556,1034,241052.63,67.787579,473.11,87503190.05,0.28,9,Categoria complementar
S.PART.,Publicidade,1,1,51,20,157860.00,3095.294118,12000.00,399039.18,39.56,1,Principal categoria de gasto
S.PART.,Locomoção,1,1,18,2,102446.66,5691.481111,8900.00,399039.18,25.67,2,Categoria relevante
S.PART.,Combustível,1,1,8,1,71468.96,8933.620000,8974.57,399039.18,17.91,3,Categoria relevante
S.PART.,Viagens,1,1,44,2,62146.49,1018.794918,3187.41,399039.18,15.57,4,Categoria complementar
S.PART.,Outros,1,1,11,2,4055.52,368.683636,613.43,399039.18,1.02,5,Categoria complementar
S.PART.,Comunicação,1,1,1,2,1061.55,31.222059,120.78,399039.18,0.27,6,Categoria complementar
SOLIDARIEDADE,Publicidade,15,15,796,153,5283542.53,6637.616244,125000.00,11195343.21,47.19,1,Principal categoria de gasto
SOLIDARIEDADE,Viagens,13,13,2051,7,2523058.51,966.689084,10166.90,11195343.21,22.54,2,Categoria relevante
SOLIDARIEDADE,Locomoção,13,13,244,28,1222894.31,5011.861926,55000.00,11195343.21,10.92,3,Categoria relevante
SOLIDARIEDADE,Outros,15,15,743,92,802355.42,926.507413,6500.00,11195343.21,7.17,4,Categoria complementar
SOLIDARIEDADE,Combustível,13,13,2287,631,685722.68,299.835015,5755.23,11195343.21,6.13,5,Categoria complementar
SOLIDARIEDADE,Serviços profissionais,5,5,44,13,475690.00,10811.136364,30000.00,11195343.21,4.25,6,Categoria complementar
SOLIDARIEDADE,Comunicação,15,15,183,11,100451.49,154.540754,1594.44,11195343.21,0.90,7,Categoria complementar
SOLIDARIEDADE,Hotéis,6,6,221,92,95427.42,429.853243,9043.54,11195343.21,0.85,8,Categoria complementar
SOLIDARIEDADE,Alimentação,7,7,108,40,6200.85,57.415278,250.00,11195343.21,0.06,9,Categoria complementar
UNIÃO,Publicidade,101,101,6371,1042,40636551.61,6374.361037,142723.00,110845736.77,36.66,1,Principal categoria de gasto
UNIÃO,Locomoção,93,93,3034,190,19501081.51,6425.397532,52000.00,110845736.77,17.59,2,Categoria relevante
UNIÃO,Viagens,101,101,16064,18,19043546.65,868.022547,26863.10,110845736.77,17.18,3,Categoria relevante
UNIÃO,Outros,102,102,12146,677,15193385.20,1185.964031,30000.00,110845736.77,13.71,4,Categoria complementar
UNIÃO,Combustível,98,98,27816,4883,10612373.69,381.397078,9392.00,110845736.77,9.57,5,Categoria complementar
UNIÃO,Serviços profissionais,33,33,254,54,2802795.90,11034.629528,79000.00,110845736.77,2.53,6,Categoria complementar
UNIÃO,Hotéis,65,65,2940,940,1440593.54,489.997803,24508.80,110845736.77,1.30,7,Categoria complementar
UNIÃO,Comunicação,104,104,2219,51,1387808.69,214.432739,2902.43,110845736.77,1.25,8,Categoria complementar
UNIÃO,Alimentação,41,41,3702,1051,227599.98,61.480276,528.62,110845736.77,0.21,9,Categoria complementar
