dept_id_deputado,dept_tx_nome_parlamentar,part_sg_partido,uf_sg_uf,qt_frentes,qt_coordenacoes,qt_presidencias,ranking_frentes
178993,Carlos Henrique Gaguim,UNIÃO,TO,582,6,0,1
150418,Márcio Marinho,REPUBLICANOS,BA,504,5,0,2
178876,Célio Silveira,MDB,GO,480,2,0,3
74156,Leonardo Monteiro,PT,MG,479,8,0,4
204491,Gilberto Abramo,REPUBLICANOS,MG,473,1,0,5
73486,Pompeo De Mattos,PDT,RS,466,2,0,6
160640,Eros Biondini,PL,MG,451,1,0,7
178947,Sóstenes Cavalcante,PL,RJ,449,1,0,8
74585,Lincoln Portela,PL,MG,443,4,0,9
178857,Jorge Solla,PT,BA,432,1,0,10
178986,Nilto Tatto,PT,SP,431,2,0,11
160604,Pedro Uczai,PT,SC,431,3,0,12
69871,Bacelar,PV,BA,427,3,0,13
204572,Capitão Alberto Neto,PL,AM,425,3,0,14
160666,Félix Mendonça Júnior,PDT,BA,422,2,0,15
204480,Rogério Correia,PT,MG,415,2,0,16
204388,Bibo Nunes,PL,RS,412,2,0,17
160556,Padre João,PT,MG,411,1,0,18
160665,Augusto Coutinho,REPUBLICANOS,PE,410,2,0,19
74060,Daniel Almeida,PCDOB,BA,407,0,0,20
178934,Toninho Wandscheer,PP,PR,404,2,0,21
160758,Domingos Sávio,PL,MG,399,2,0,22
204573,Otto Alencar Filho,PSD,BA,397,0,0,23
133439,André Figueiredo,PDT,CE,397,3,0,24
178896,Newton Cardoso Jr,MDB,MG,391,2,0,25
204351,Dr. Luiz Ovando,PP,MS,387,1,0,26
160512,Aureo Ribeiro,SOLIDARIEDADE,RJ,386,1,0,27
162332,Luiz Nishimori,PSD,PR,383,2,0,28
136811,Afonso Hamm,PP,RS,381,2,0,29
74044,Wilson Santiago,REPUBLICANOS,PB,376,0,0,30
160575,Erika Kokay,PT,DF,375,10,0,31
160600,Arthur Oliveira Maia,UNIÃO,BA,373,0,0,32
204425,Silvio Costa Filho,REPUBLICANOS,PE,368,2,0,33
178997,Moses Rodrigues,UNIÃO,CE,368,0,0,34
73441,Celso Russomanno,REPUBLICANOS,SP,367,9,0,35
178881,Aluisio Mendes,REPUBLICANOS,MA,367,0,0,36
204361,Carlos Chiodini,MDB,SC,363,1,0,37
74160,Patrus Ananias,PT,MG,360,2,0,38
204355,Da Vitoria,PP,ES,358,2,0,39
204495,Airton Faleiro,PT,PA,358,1,0,40
178908,Delegado Éder Mauro,PL,PA,357,1,0,41
204406,Pedro Westphalen,PP,RS,356,6,0,42
178873,Helder Salomão,PT,ES,353,0,0,43
74371,Rubens Otoni,PT,GO,353,0,0,44
204423,André Ferreira,PL,PE,345,1,0,45
160610,Valmir Assunção,PT,BA,342,0,0,46
74161,Reginaldo Lopes,PT,MG,340,2,0,47
139285,Lídice Da Mata,PSB,BA,338,3,0,48
178962,Carlos Gomes,REPUBLICANOS,RS,336,2,0,49
74299,Leônidas Cristino,PDT,CE,335,3,0,50
204522,Marco Bertaiolli,PSD,SP,332,2,0,51
204456,Gutemberg Reis,MDB,RJ,331,2,0,52
160535,Marcon,PT,RS,330,0,0,53
178987,Orlando Silva,PCDOB,SP,328,0,0,54
204396,Vermelho,PL,PR,325,0,0,55
178931,Luciano Ducci,PSB,PR,324,0,0,56
204497,Júnior Ferrari,PSD,PA,324,2,0,57
178970,João Daniel,PT,SE,323,0,0,58
74283,Vicentinho,PT,SP,322,2,0,59
161550,Emidinho Madeira,PL,MG,322,4,0,60
74273,Jefferson Campos,PL,SP,321,0,0,61
160559,Alceu Moreira,MDB,RS,319,1,0,62
204517,Zé Vitor,PL,MG,317,2,0,63
160673,Giovani Cherini,PL,RS,315,6,0,64
204488,Célio Studart,PSD,CE,314,3,0,65
204372,Julio Cesar Ribeiro,REPUBLICANOS,DF,313,7,0,66
178927,Aliel Machado,PV,PR,310,1,0,67
204492,Paulo Guedes,PT,MG,310,3,0,68
204416,Sanderson,PL,RS,309,2,0,69
74467,Damião Feliciano,UNIÃO,PB,308,2,0,70
74554,José Rocha,UNIÃO,BA,308,4,0,71
143632,Domingos Neto,PSD,CE,308,0,0,72
204501,Alencar Santana,PT,SP,306,1,0,73
220648,Marangoni,PODE,SP,305,4,0,74
204472,José Medeiros,PL,MT,305,0,0,75
178910,Joaquim Passarinho,PL,PA,304,2,0,76
74158,Mário Heringer,PDT,MG,304,2,0,77
141421,Eduardo Da Fonte,PP,PE,300,2,0,78
74398,Maria Do Rosário,PT,RS,298,2,0,79
160553,Antonio Brito,PSD,BA,298,5,0,80
204426,Carlos Veras,PT,PE,294,1,0,81
160592,Zeca Dirceu,PT,PR,294,2,0,82
178985,Miguel Lombardi,PL,SP,293,0,0,83
204378,Coronel Chrisóstomo,PL,RO,293,3,0,84
73801,Renildo Calheiros,PCDOB,PE,291,0,0,85
121948,Adriano Do Baldy,PP,GO,289,0,0,86
98057,Lafayette De Andrada,REPUBLICANOS,MG,289,1,0,87
178929,Diego Garcia,REPUBLICANOS,PR,286,2,0,88
74057,Alice Portugal,PCDOB,BA,286,3,0,89
122974,Pedro Lucas Fernandes,UNIÃO,MA,285,2,0,90
72442,Felipe Carreras,PSB,PE,284,10,0,91
160587,Fábio Trad,PSD,MS,284,2,0,92
204439,Dr. Leonardo,REPUBLICANOS,MT,283,1,0,93
141555,Vinicius Carvalho,PL,SP,282,2,0,94
141405,Celso Maldaner,MDB,SC,280,0,0,95
98057,Lafayette De Andrada,PL,MG,279,5,0,96
160545,Alexandre Leite,UNIÃO,SP,278,0,0,97
204559,Zé Neto,PT,BA,277,2,0,98
160588,Diego Andrade,PSD,MG,277,4,0,99
204553,Pastor Sargento Isidório,AVANTE,BA,277,0,0,100
178874,Sergio Vidigal,PDT,ES,276,3,0,101
141398,Carlos Zarattini,PT,SP,275,1,0,102
74253,Julio Lopes,PP,RJ,274,5,0,103
204558,Marcelo Nilo,REPUBLICANOS,BA,274,0,0,104
178964,Heitor Schuch,PSB,RS,274,1,0,105
81055,Márcio Jerry,PCDOB,MA,273,2,0,106
74317,Júlio Cesar,PSD,PI,273,1,0,107
204528,Adriana Ventura,NOVO,SP,272,4,0,108
92776,Stefano Aguiar,PSD,MG,272,0,0,109
178937,Altineu Côrtes,PL,RJ,270,0,0,110
160538,Bohn Gass,PT,RS,270,1,0,111
204566,Marreca Filho,PATRIOTA,MA,270,0,0,112
141450,Hugo Leal,PSD,RJ,268,5,0,113
160569,Waldenor Pereira,PT,BA,268,0,0,114
74459,Átila Lira,PP,PI,268,0,0,115
73701,Benedita Da Silva,PT,RJ,268,2,0,116
178829,Capitão Augusto,PL,SP,267,6,0,117
178928,Christiane De Souza Yared,PP,PR,265,0,0,118
177282,Subtenente Gonzaga,PSD,MG,264,1,0,119
74376,Vander Loubet,PT,MS,264,2,0,120
74159,Odair Cunha,PT,MG,263,0,0,121
74270,Gilberto Nascimento,PSC,SP,263,0,0,122
160598,Flávia Morais,MDB,GO,263,4,0,123
74419,Gonzaga Patriota,PSB,PE,262,1,0,124
204525,Rosana Valle,PL,SP,262,2,0,125
152610,Roberto Alves,REPUBLICANOS,SP,262,1,0,126
204576,João Roma,PL,BA,261,0,0,127
178951,Rafael Motta,PSB,RN,261,0,0,128
220588,Roberto Duarte,REPUBLICANOS,AC,261,0,0,129
178963,Covatti Filho,PP,RS,258,0,0,130
73604,Rui Falcão,PT,SP,258,0,0,131
135054,Cristiano Vale,PP,PA,257,0,0,132
204526,Luiz Philippe De Orleans E Bragança,PL,SP,257,0,0,133
204476,Chiquinho Brazão,UNIÃO,RJ,257,0,0,134
204473,General Girão,PL,RN,257,3,0,135
204535,Sâmia Bomfim,PSOL,SP,257,0,0,136
178831,André Abdon,PP,AP,256,0,0,137
122158,Pedro Paulo,PSD,RJ,256,2,0,138
141470,José Guimarães,PT,CE,254,0,0,139
116379,Darci De Matos,PSD,SC,254,2,0,140
220563,Icaro De Valmir,REPUBLICANOS,SE,254,1,0,141
220687,Márcio Honaiser,SOLIDARIEDADE,MA,254,1,0,142
204374,Bia Kicis,PL,DF,252,2,0,143
73579,Alberto Fraga,PL,DF,252,1,0,144
204556,Marcelo Ramos,PSD,AM,252,2,0,145
220646,Felipe Becari,PODE,SP,252,1,0,146
160517,Paulo Folletto,PSB,ES,252,0,0,147
134812,Edmilson Rodrigues,PSOL,PA,251,0,0,148
178981,Herculano Passos,REPUBLICANOS,SP,250,4,0,149
204454,Daniel Silveira,PTB,RJ,250,3,0,150
204530,Rodrigo Agostinho,PSB,SP,250,0,0,151
141531,Rodrigo De Castro,UNIÃO,MG,250,0,0,152
204367,Daniel Freitas,PL,SC,250,3,0,153
74571,Nelson Pellegrino,PT,BA,249,1,0,154
92102,Leur Lomanto Júnior,UNIÃO,BA,249,0,0,155
74052,Bosco Costa,PL,SE,248,0,0,156
178835,Afonso Motta,PDT,RS,248,2,0,157
141508,Mauro Nazif,PSB,RO,248,1,0,158
204507,Carla Zambelli,PL,SP,248,2,0,159
220656,Fernanda Pessoa,PSD,CE,248,1,0,160
204524,Pinheirinho,PP,MG,248,0,0,161
141408,Cleber Verde,MDB,MA,248,1,0,162
160558,Paulo Freire Costa,PL,SP,247,0,0,163
204463,Wladimir Garotinho,PSD,RJ,247,1,0,164
160635,Ruy Carneiro,PSC,PB,246,0,0,165
178954,Lucio Mosquini,PL,RO,246,2,0,166
74749,Mauro Lopes,PP,MG,245,1,0,167
197438,Tito,AVANTE,BA,245,0,0,168
66828,Fausto Pinato,UNIÃO,SP,245,3,0,169
141391,Arnaldo Jardim,CIDADANIA,SP,244,4,0,170
204412,Dr. Zacharias Calil,MDB,GO,244,2,0,171
204360,Silvia Cristina,PP,RO,244,3,0,172
153423,Renilce Nicodemos,MDB,PA,242,1,0,173
220625,Delegada Ione,AVANTE,MG,242,1,0,174
204414,Aroldo Martins,REPUBLICANOS,PR,240,1,0,175
141458,João Carlos Bacelar,PL,BA,240,1,0,176
204392,Francisco Jr.,PSD,GO,239,2,0,177
160655,Ricardo Izar,REPUBLICANOS,SP,239,4,0,178
141408,Cleber Verde,REPUBLICANOS,MA,238,2,0,179
137070,Vicentinho Júnior,PSDB,TO,238,0,0,180
178992,Vitor Lippi,PSD,SP,237,2,0,181
178871,Evair Vieira De Melo,PP,ES,237,3,0,182
204451,Delegado Antônio Furtado,UNIÃO,RJ,236,1,0,183
220564,Yandra Moura,UNIÃO,SE,235,1,0,184
204520,Junio Amaral,PL,MG,235,0,0,185
205476,Charles Fernandes,PSD,BA,234,1,0,186
161440,Pezenti,MDB,SC,234,0,0,187
178836,Alan Rick,UNIÃO,AC,233,1,0,188
204512,Delegado Marcelo Freitas,UNIÃO,MG,233,2,0,189
204518,Dr. Frederico,PATRIOTA,MG,232,0,0,190
141555,Vinicius Carvalho,REPUBLICANOS,SP,232,1,0,191
178863,Uldurico Junior,MDB,BA,232,0,0,192
154178,Milton Vieira,REPUBLICANOS,SP,232,0,0,193
204441,Otoni De Paula,MDB,RJ,231,1,0,194
141488,Paulo Teixeira,PT,SP,231,1,0,195
141431,Fernando Coelho Filho,UNIÃO,PE,231,0,0,196
204560,Adolfo Viana,PSDB,BA,230,0,0,197
178989,Renata Abreu,PODE,SP,229,0,0,198
204360,Silvia Cristina,PL,RO,229,1,0,199
104552,Socorro Neri,PP,AC,228,2,0,200
220610,Dr. Fernando Máximo,PL,RO,228,2,0,201
90201,Pedro Augusto Bezerra,PDT,CE,227,0,0,202
160518,Weliton Prado,PROS,MG,227,1,0,203
68720,Fábio Henrique,UNIÃO,SE,227,1,0,204
204554,Abílio Santana,PSC,BA,227,0,0,205
204453,Natália Bonavides,PT,RN,226,0,0,206
204487,Capitão Wagner,UNIÃO,CE,226,1,0,207
220534,Fred Linhares,REPUBLICANOS,DF,226,0,0,208
220599,Marcelo Crivella,REPUBLICANOS,RJ,226,0,0,209
160632,Zé Silva,SOLIDARIEDADE,MG,226,0,0,210
178948,Beto Rosado,PP,RN,226,0,0,211
204397,Boca Aberta,PROS,PR,225,0,0,212
178952,Walter Alves,MDB,RN,225,0,0,213
204410,Luisa Canziani,UNIÃO,PR,225,2,0,214
204444,Helio Lopes,PL,RJ,224,1,0,215
141553,Vanderlei Macris,PSDB,SP,224,0,0,216
171623,Fabio Reis,PSD,SE,224,0,0,217
74356,Silas Câmara,REPUBLICANOS,AM,224,1,0,218
220697,Jadyel Alencar,REPUBLICANOS,PI,224,1,0,219
220618,Sargento Portugal,PODE,RJ,224,0,0,220
220539,Defensor Stélio Dener,UNIÃO,RR,222,1,0,221
204557,Sidney Leite,PSD,AM,221,0,0,222
178895,Misael Varella,PSD,MG,220,0,0,223
204515,André Janones,AVANTE,MG,220,0,0,224
220543,Ricardo Ayres,REPUBLICANOS,TO,220,1,0,225
204380,Celina Leão,PP,DF,217,0,0,226
204503,Alexandre Padilha,PT,SP,216,0,0,227
220605,Bandeira De Mello,PV,RJ,216,1,0,228
220580,Professora Goreth,PDT,AP,216,2,0,229
220529,Gilson Daniel,PODE,ES,215,2,0,230
74856,Laura Carneiro,PSD,RJ,215,0,0,231
204571,Alex Santana,REPUBLICANOS,BA,214,0,0,232
220707,Amanda Gentil,PP,MA,214,1,0,233
178972,Alex Manente,CIDADANIA,SP,214,0,0,234
160161,Marcelo Queiroz,PSDB,RJ,214,2,0,235
160674,Hugo Motta,REPUBLICANOS,PB,213,0,0,236
178858,Mário Negromonte Jr.,PP,BA,213,1,0,237
132504,Enio Verri,PT,PR,213,0,0,238
220659,Dayany Bittencourt,UNIÃO,CE,212,1,0,239
204381,Luis Miranda,REPUBLICANOS,DF,212,1,0,240
204410,Luisa Canziani,PSD,PR,212,0,0,241
204366,Rodrigo Coelho,PODE,SC,211,0,0,242
220608,Cristiane Lopes,PODE,RO,211,2,0,243
220630,Pedro Aihara,PP,MG,211,1,0,244
74043,Wellington Roberto,PL,PB,211,0,0,245
74374,Geraldo Resende,UNIÃO,MS,211,0,0,246
204373,Hélio Costa,PSD,SC,210,0,0,247
109429,Benes Leocádio,UNIÃO,RN,209,1,0,248
220607,Max Lemos,PDT,RJ,209,1,0,249
220573,Dorinaldo Malafaia,PDT,AP,209,1,0,250
220695,Rogéria Santos,REPUBLICANOS,BA,209,4,0,251
220589,Eduardo Velloso,SOLIDARIEDADE,AC,209,3,0,252
178969,Fábio Mitidieri,PSD,SE,208,0,0,253
220531,Gilvan Maximo,REPUBLICANOS,DF,208,0,0,254
204379,Acácio Favacho,MDB,AP,207,1,0,255
220558,Zé Trovão,PL,SC,207,2,0,256
178887,Rubens Pereira Júnior,PT,MA,207,0,0,257
204536,Kim Kataguiri,MISSÃO,SP,206,1,0,258
204484,General Peternelli,UNIÃO,SP,206,0,0,259
178833,Alexandre Serfiotis,PSD,RJ,206,0,0,260
220650,Paulo Alexandre Barbosa,PSDB,SP,206,2,0,261
179001,Márcio Biolchi,MDB,RS,205,0,0,262
220591,Meire Serafim,UNIÃO,AC,205,1,0,263
195866,Vaidon Oliveira,UNIÃO,CE,204,0,0,264
204485,Luiz Carlos Motta,PL,SP,204,0,0,265
204479,Nicoletti,PL,RR,204,1,0,266
178889,Zé Carlos,PT,MA,204,2,0,267
204370,Célio Moura,PT,TO,204,1,0,268
220574,Cabo Gilberto Silva,PL,PB,203,0,0,269
204566,Marreca Filho,PRD,MA,203,2,0,270
198783,Emanuel Pinheiro Neto,MDB,MT,202,0,0,271
178871,Evair Vieira De Melo,REPUBLICANOS,ES,202,0,0,272
191923,Flávio Nogueira,PT,PI,201,1,0,273
178843,Marx Beltrão,PP,AL,201,0,0,274
220538,Albuquerque,REPUBLICANOS,RR,201,0,0,275
178930,Roman,PP,PR,200,1,0,276
90842,Santini,PTB,RS,199,2,0,277
74471,André De Paula,PSD,PE,198,0,0,278
220569,Silvye Alves,UNIÃO,GO,197,1,0,279
220595,Coronel Fernanda,PL,MT,197,0,0,280
220592,Zezinho Barbary,PP,AC,197,0,0,281
204400,Aline Sleutjes,PROS,PR,196,0,0,282
178953,Expedito Netto,PSD,RO,196,0,0,283
178983,Marcio Alvino,PL,SP,196,10,0,284
178929,Diego Garcia,UNIÃO,PR,195,1,0,285
160641,Professora Marcivania,PCDOB,AP,195,0,0,286
204505,Vavá Martins,REPUBLICANOS,PA,195,0,0,287
204562,Edilázio Júnior,PSD,MA,194,0,0,288
204404,Lucas Redecker,PSD,RS,194,3,0,289
194260,Nivaldo Albuquerque,REPUBLICANOS,AL,193,0,0,290
220712,Fausto Jr.,UNIÃO,AM,193,0,0,291
160601,Pr. Marco Feliciano,PL,SP,193,0,0,292
220691,Diego Coronel,REPUBLICANOS,BA,192,0,0,293
160653,Roberto De Lucena,REPUBLICANOS,SP,192,5,0,294
204476,Chiquinho Brazão,S.PART.,RJ,192,0,0,295
220548,Camila Jara,PT,MS,192,1,0,296
204504,Cezinha De Madureira,PL,SP,192,2,0,297
74084,Raimundo Santos,PSD,PA,191,0,0,298
220647,Mauricio Neves,PP,SP,191,1,0,299
204474,Juarez Costa,MDB,MT,189,0,0,300
204521,Abou Anni,UNIÃO,SP,189,1,0,301
220713,Saullo Vianna,MDB,AM,189,0,0,302
204427,Fernando Rodolfo,PRD,PE,189,1,0,303
220552,Zucco,PL,RS,188,0,0,304
210989,Bruno Farias,REPUBLICANOS,MG,188,1,0,305
179000,Marcelo Álvaro Antônio,PL,MG,188,1,0,306
220612,Bebeto,PP,RJ,188,0,0,307
141513,Bilac Pinto,UNIÃO,MG,186,0,0,308
73466,Rubens Bueno,CIDADANIA,PR,186,0,0,309
160651,Rogério Peninha Mendonça,MDB,SC,186,1,0,310
204499,Cássio Andrade,PSB,PA,186,1,0,311
220668,Maria Arraes,PSB,PE,186,0,0,312
160629,Romero Rodrigues,PODE,PB,186,0,0,313
204460,Carlos Jordy,PL,RJ,185,1,0,314
204446,Professor Joziel,PATRIOTA,RJ,185,1,0,315
141464,José Airton Félix Cirilo,PT,CE,185,0,0,316
178954,Lucio Mosquini,MDB,RO,185,2,0,317
220533,Prof. Reginaldo Veras,PV,DF,185,0,0,318
151208,Laercio Oliveira,PP,SE,184,3,0,319
204539,Hercílio Coelho Diniz,MDB,MG,183,0,0,320
204465,Haroldo Cathedral,PSD,RR,183,0,0,321
220590,Coronel Ulysses,UNIÃO,AC,183,2,0,322
204389,Elias Vaz,PSB,GO,182,0,0,323
220714,Adail Filho,MDB,AM,182,0,0,324
92346,Eduardo Bolsonaro,PL,SP,181,0,0,325
204404,Lucas Redecker,PSDB,RS,181,2,0,326
93083,Cacá Leão,PP,BA,180,0,0,327
74858,Lindbergh Farias,PT,RJ,180,1,0,328
220566,Lêda Borges,REPUBLICANOS,GO,180,0,0,329
160570,Jerônimo Goergen,PP,RS,179,3,0,330
220676,Andreia Siqueira,PSB,PA,179,0,0,331
141411,Dagoberto Nogueira,PSDB,MS,178,0,0,332
160531,Jhonatan De Jesus,REPUBLICANOS,RR,178,0,0,333
74090,Átila Lins,PSD,AM,178,0,0,334
214694,Jorge Goetten,REPUBLICANOS,SC,178,1,0,335
178884,Hildo Rocha,MDB,MA,177,4,0,336
220663,Eriberto Medeiros,PSB,PE,177,0,0,337
62881,Danilo Forte,PP,CE,177,0,0,338
204494,Fred Costa,PATRIOTA,MG,177,1,0,339
205865,Reinhold Stephanes Junior,PSD,PR,177,0,0,340
204352,Camilo Capiberibe,PSB,AP,177,0,0,341
74655,Eduardo Barbosa,PSDB,MG,177,0,0,342
204469,Manuel Marcos,REPUBLICANOS,AC,177,0,0,343
160528,Danilo Cabral,PSB,PE,176,2,0,344
74075,Elcione Barbalho,MDB,PA,176,1,0,345
178956,Mariana Carvalho,REPUBLICANOS,RO,176,1,0,346
205550,Jorge Braz,REPUBLICANOS,RJ,176,0,0,347
141523,Raul Henry,MDB,PE,176,0,0,348
171617,Paulão,PT,AL,176,0,0,349
220579,Silvia Waiãpi,PL,AP,175,0,0,350
204413,Alcides Rodrigues,PATRIOTA,GO,175,0,0,351
160532,Eli Corrêa Filho,UNIÃO,SP,174,1,0,352
222142,Coronel Telhada,PP,SP,174,1,0,353
204442,Gurgel,PL,RJ,173,1,0,354
204455,Luiz Lima,PL,RJ,173,0,0,355
204436,Isnaldo Bulhões Jr.,MDB,AL,173,0,0,356
178966,Geovania De Sá,PSDB,SC,173,1,0,357
220554,Alexandre Lindenmeyer,PT,RS,173,1,0,358
160632,Zé Silva,UNIÃO,MG,172,1,0,359
220530,Messias Donato,UNIÃO,ES,172,0,0,360
159237,Assis Carvalho,PT,PI,171,0,0,361
160642,Pastor Eurico,PL,PE,171,0,0,362
178839,Jéssica Sales,MDB,AC,170,0,0,363
107283,Gleisi Hoffmann,PT,PR,170,0,0,364
74366,João Campos,REPUBLICANOS,GO,170,0,0,365
178920,Ricardo Teobaldo,PODE,PE,170,0,0,366
204494,Fred Costa,PRD,MG,170,1,0,367
178842,Jhc,PSB,AL,169,0,0,368
204514,Coronel Tadeu,PL,SP,169,1,0,369
204398,Felipe Francischini,PODE,PR,169,1,0,370
180214,Pastor Diniz,UNIÃO,RR,169,0,0,371
98148,Cobalchini,MDB,SC,169,0,0,372
204541,Eduardo Bismarck,PDT,CE,168,1,0,373
220549,Any Ortiz,PP,RS,168,1,0,374
178933,Sergio Souza,MDB,PR,168,2,0,375
204534,Tabata Amaral,PSB,SP,168,0,0,376
220602,Dimas Gadelha,PT,RJ,168,0,0,377
74383,Giacobo,PSD,PR,168,0,0,378
156190,Marcel Van Hattem,NOVO,RS,167,2,0,379
67138,Iracema Portella,PP,PI,167,0,0,380
204435,Jesus Sérgio,PDT,AC,167,0,0,381
220662,Lucas Ramos,PSB,PE,167,0,0,382
204542,Denis Bezerra,PSB,CE,166,0,0,383
204540,Maria Rosas,REPUBLICANOS,SP,166,1,0,384
204567,Raimundo Costa,PSD,BA,166,0,0,385
204552,Eduardo Braide,PODE,MA,165,0,0,386
204441,Otoni De Paula,PSD,RJ,165,0,0,387
220542,Alexandre Guimarães,MDB,TO,165,1,0,388
220702,Geraldo Mendes,UNIÃO,PR,165,1,0,389
220672,Henderson Pinto,UNIÃO,PA,165,0,0,390
204427,Fernando Rodolfo,PL,PE,165,2,0,391
188097,Merlong Solano,PT,PI,165,0,0,392
204362,Ricardo Guidi,PSD,SC,165,0,0,393
204407,Fernanda Melchionna,PSOL,RS,164,3,0,394
204471,Mara Rocha,MDB,AC,163,0,0,395
204387,Sargento Fahur,PSD,PR,163,0,0,396
141417,Edio Lopes,PL,RR,163,0,0,397
160510,Luis Tibé,AVANTE,MG,162,0,0,398
160598,Flávia Morais,PDT,GO,162,2,0,399
220601,Washington Quaquá,PT,RJ,162,2,0,400
220683,Beto Richa,PSDB,PR,161,0,0,401
204422,Ossesio Silva,REPUBLICANOS,PE,161,0,0,402
160619,José Nunes,PSD,BA,161,0,0,403
204464,Talíria Petrone,PSOL,RJ,161,1,0,404
220617,Murillo Gouvea,PSDB,RJ,161,2,0,405
220686,Duarte Jr.,AVANTE,MA,160,1,0,406
137070,Vicentinho Júnior,PP,TO,160,1,0,407
143084,Tiago Dimas,PODE,TO,158,0,0,408
115746,Gelson Azevedo,PL,RJ,158,0,0,409
204536,Kim Kataguiri,UNIÃO,SP,158,0,0,410
220641,Rodrigo Gambale,PODE,SP,158,0,0,411
220704,Carol Dartora,PT,PR,157,0,0,412
204550,Júnior Mano,PSB,CE,157,0,0,413
204527,Geninho Zuliani,UNIÃO,SP,157,2,0,414
160642,Pastor Eurico,PSDB,PE,157,0,0,415
220682,Tadeu Veneri,PT,PR,157,2,0,416
204502,Bozzella,UNIÃO,SP,156,3,0,417
204498,Olival Marques,MDB,PA,156,0,0,418
204399,Schiavinato,PP,PR,156,1,0,419
66828,Fausto Pinato,PP,SP,156,5,0,420
220613,Roberto Monteiro Pai,PL,RJ,156,0,0,421
220568,Gustavo Gayer,PL,GO,155,2,0,422
204432,Marina Santos,REPUBLICANOS,PI,155,0,0,423
204555,José Ricardo,PT,AM,154,0,0,424
204531,Guilherme Derrite,PL,SP,154,0,0,425
204457,Juninho Do Pneu,PSDB,RJ,154,2,0,426
74270,Gilberto Nascimento,PODE,SP,154,2,0,427
160527,Aguinaldo Ribeiro,PP,PB,154,0,0,428
204467,Professora Rosa Neide,PT,MT,154,1,0,429
204356,Amaro Neto,REPUBLICANOS,ES,153,0,0,430
133968,Paulo Ramos,PDT,RJ,153,1,0,431
204541,Eduardo Bismarck,PV,CE,152,1,0,432
157130,Túlio Gadêlha,PSD,PE,152,1,0,433
204447,Flordelis,PSD,RJ,152,0,0,434
74848,Jandira Feghali,PCDOB,RJ,152,0,0,435
220666,Coronel Meira,PL,PE,152,2,0,436
204490,Charlles Evangelista,PP,MG,151,1,0,437
204506,Marcos Pereira,REPUBLICANOS,SP,151,3,0,438
204478,Vinicius Farah,UNIÃO,RJ,151,0,0,439
198783,Emanuel Pinheiro Neto,PSD,MT,151,0,0,440
204567,Raimundo Costa,PODE,BA,151,1,0,441
74537,Claudio Cajado,PP,BA,151,2,0,442
178909,Hélio Leite,UNIÃO,PA,151,0,0,443
220616,Luciano Vieira,PSDB,RJ,151,1,0,444
146307,Neri Geller,PP,MT,150,0,0,445
74305,Roberto Pessoa,PSDB,CE,150,3,0,446
204544,Alexandre Frota,PROS,SP,150,0,0,447
204529,Policial Katia Sastre,PL,SP,150,0,0,448
204383,Professor Israel Batista,PSB,DF,150,2,0,449
204561,Bira Do Pindaré,PSB,MA,149,1,0,450
220577,Augusto Puppio,MDB,AP,149,1,0,451
123756,Antônia Lúcia,MDB,AC,149,2,0,452
213274,Ricardo Silva,PSD,SP,148,0,0,453
160639,Professora Dorinha Seabra Rezende,UNIÃO,TO,148,0,0,454
81297,Dra. Soraya Manato,PTB,ES,148,0,0,455
73696,Angela Amin,PP,SC,148,0,0,456
141552,Valtenir Pereira,MDB,MT,147,0,0,457
178879,Lucas Vergilio,SOLIDARIEDADE,GO,146,0,0,458
209189,Joseildo Ramos,PT,BA,146,2,0,459
204398,Felipe Francischini,UNIÃO,PR,146,0,0,460
141516,Paulo Abi-ackel,PSDB,MG,144,0,0,461
204537,Enrico Misasi,MDB,SP,144,1,0,462
204496,Celso Sabino,PDT,PA,144,0,0,463
204418,Luizão Goulart,SOLIDARIEDADE,PR,144,0,0,464
204429,João H. Campos,PSB,PE,144,1,0,465
204455,Luiz Lima,NOVO,RJ,143,0,0,466
220572,Marussa Boldrin,REPUBLICANOS,GO,143,1,0,467
220645,Erika Hilton,PSOL,SP,142,1,0,468
74200,Gastão Vieira,PROS,MA,141,0,0,469
204409,Daniel Trzeciak,PSDB,RS,141,0,0,470
204462,Chris Tonietto,PL,RJ,141,3,0,471
178964,Heitor Schuch,PSD,RS,141,1,0,472
204433,Marcelo Calero,PSD,RJ,140,0,0,473
204548,Heitor Freire,UNIÃO,CE,140,0,0,474
220553,Denise Pessôa,PT,RS,140,0,0,475
220715,Amom Mandel,REPUBLICANOS,AM,138,0,0,476
220575,Sonize Barbosa,PL,AP,138,0,0,477
160635,Ruy Carneiro,PODE,PB,137,0,0,478
220619,Delegado Ramagem,PL,RJ,137,0,0,479
220598,Tarcísio Motta,PSOL,RJ,137,0,0,480
178959,Hiran Gonçalves,PP,RR,136,1,0,481
165470,Rodrigo Valadares,PL,SE,136,2,0,482
74784,Luiza Erundina,PSOL,SP,135,0,0,483
141428,Fábio Faria,PP,RN,135,0,0,484
204570,Pastor Gil,PL,MA,135,0,0,485
220700,Florentino Neto,PT,PI,135,1,0,486
221148,Alfredinho,PT,SP,134,1,0,487
220593,Abilio Brunini,PL,MT,134,0,0,488
73692,Osmar Terra,PL,RS,133,1,0,489
220571,Daniel Agrobom,PSD,GO,133,1,0,490
166402,Magda Mofatto,PL,GO,132,0,0,491
204368,Fabio Schiochet,UNIÃO,SC,132,0,0,492
204486,Mauro Benevides Filho,UNIÃO,CE,132,0,0,493
178922,Tadeu Alencar,PSB,PE,131,1,0,494
204511,David Soares,UNIÃO,SP,131,1,0,495
221338,Professora Luciene Cavalcante,PSOL,SP,131,0,0,496
204385,Valdevan Noventa,PL,SE,130,1,0,497
204450,Doutor Luizinho,PP,RJ,129,2,0,498
178946,Soraya Santos,PL,RJ,128,1,0,499
74439,Wolney Queiroz,PDT,PE,128,0,0,500
141487,Luiz Fernando Faria,UNIÃO,MG,128,3,0,501
152605,Glauber Braga,PSOL,RJ,127,1,0,502
220547,Marcos Pollon,PL,MS,127,0,0,503
204434,Dra. Vanda Milani,PROS,AC,127,0,0,504
204551,Bosco Saraiva,SOLIDARIEDADE,AM,127,0,0,505
164360,Carmen Zanotto,CIDADANIA,SC,126,3,0,506
204377,Paula Belmonte,CIDADANIA,DF,125,0,0,507
73433,Arlindo Chinaglia,PT,SP,125,0,0,508
204496,Celso Sabino,UNIÃO,PA,125,0,0,509
220528,Dr. Victor Linhalis,PODE,ES,125,0,0,510
220692,Dal Barreto,UNIÃO,BA,125,0,0,511
206231,Ted Conti,PSB,ES,124,0,0,512
204513,Guiga Peixoto,PSC,SP,124,0,0,513
220567,Jeferson Rodrigues,PSDB,GO,124,1,0,514
178992,Vitor Lippi,PSDB,SP,123,2,0,515
220638,Antonio Carlos Rodrigues,PL,SP,123,0,0,516
204440,Christino Aureo,PP,RJ,122,2,0,517
160976,Tiririca,PL,SP,122,0,0,518
204353,Aline Gurgel,REPUBLICANOS,AP,122,2,0,519
204549,Aj Albuquerque,PP,CE,122,0,0,520
73531,Ivan Valente,PSOL,SP,121,0,0,521
204395,Pedro Lupion,PP,PR,121,1,0,522
204376,Coronel Armando,PL,SC,121,0,0,523
220536,Zé Haroldo Cathedral,UNIÃO,RR,121,1,0,524
220644,Rosangela Moro,PL,SP,121,1,0,525
220703,Neto Carletto,AVANTE,BA,121,0,0,526
204479,Nicoletti,UNIÃO,RR,120,0,0,527
204386,Jose Mario Schreiner,MDB,GO,120,0,0,528
220604,Marcos Tavares,PDT,RJ,119,0,0,529
220614,Dr. Daniel Soranz,PSD,RJ,119,0,0,530
141335,Beto Faro,PT,PA,119,0,0,531
204483,Vilson Da Fetaemg,PSB,MG,119,0,0,532
160508,Afonso Florence,PT,BA,118,1,0,533
204369,Caroline De Toni,PL,SC,118,1,0,534
204354,Flávia Arruda,PL,DF,118,0,0,535
204481,Dr. Jaziel,PL,CE,118,1,0,536
74428,Mendonça Filho,PL,PE,118,1,0,537
178916,Daniel Coelho,CIDADANIA,PE,117,2,0,538
204511,David Soares,PODE,SP,117,1,0,539
178843,Marx Beltrão,UNIÃO,AL,117,0,0,540
220545,Filipe Martins,PL,TO,117,0,0,541
133810,Marcelo Moraes,PL,RS,116,0,0,542
204364,Eli Borges,PL,TO,116,0,0,543
73788,Ricardo Barros,PP,PR,116,3,0,544
204466,Tereza Nelma,PSD,AL,116,1,0,545
206018,Célia Xakriabá,PSOL,MG,116,1,0,546
204390,Professor Alcides,PSDB,GO,115,0,0,547
220540,Duda Ramos,PODE,RR,115,2,0,548
160667,Guilherme Mussi,PP,SP,114,0,0,549
220556,Ana Paula Lima,PT,SC,114,1,0,550
204390,Professor Alcides,PL,GO,113,0,0,551
178832,Leandre,PSD,PR,113,1,0,552
74041,Luiz Couto,PT,PB,112,0,0,553
220594,Coronel Assis,PL,MT,112,0,0,554
74079,José Priante,MDB,PA,112,0,0,555
220611,General Pazuello,PL,RJ,112,2,0,556
107970,Ana Paula Leão,PP,MG,112,1,0,557
204543,Luiz Flávio Gomes,PSB,SP,111,0,0,558
204356,Amaro Neto,PP,ES,111,0,0,559
204365,Gilson Marques,NOVO,SC,110,0,0,560
178912,Pedro Cunha Lima,PSDB,PB,110,0,0,561
160518,Weliton Prado,SOLIDARIEDADE,MG,110,2,0,562
204359,Léo Moraes,PODE,RO,109,1,0,563
204550,Júnior Mano,PL,CE,109,0,0,564
160669,Genecias Noronha,PL,CE,109,0,0,565
204574,Junior Lourenço,PL,MA,109,0,0,566
223128,Rodrigo Estacho,PSD,PR,109,0,0,567
74550,João Leão,PP,BA,109,0,0,568
204403,Marlon Santos,PL,RS,109,0,0,569
220550,Mauricio Marcon,PL,RS,108,0,0,570
204393,Frei Anastacio Ribeiro,PT,PB,108,0,0,571
204475,Ottaci Nascimento,SOLIDARIEDADE,RR,108,0,0,572
178939,Clarissa Garotinho,UNIÃO,RJ,106,0,0,573
193726,Paulo Eduardo Martins,PL,PR,106,0,0,574
204516,Alexis Fonteyne,NOVO,SP,106,1,0,575
220632,Ana Pimentel,PT,MG,106,1,0,576
220690,Capitão Alden,PL,BA,106,0,0,577
204533,Idilvan Alencar,PSB,CE,105,1,0,578
204437,Severino Pessoa,MDB,AL,105,0,0,579
220626,Rafael Simoes,UNIÃO,MG,105,0,0,580
220596,Amália Barros,PL,MT,105,1,0,581
220654,Delegado Paulo Bilynskyj,PL,SP,105,0,0,582
220669,Lula Da Fonte,PP,PE,104,0,0,583
204387,Sargento Fahur,PL,PR,104,0,0,584
220606,Reimont,PT,RJ,104,2,0,585
204575,Gil Cutrim,REPUBLICANOS,MA,103,0,0,586
204518,Dr. Frederico,PRD,MG,103,1,0,587
204428,Marília Arraes,SOLIDARIEDADE,PE,103,0,0,588
141411,Dagoberto Nogueira,PP,MS,103,0,0,589
220585,Mersinho Lucena,PSD,PB,103,0,0,590
178945,Rosangela Gomes,REPUBLICANOS,RJ,102,0,0,591
204486,Mauro Benevides Filho,PDT,CE,101,0,0,592
220667,Pedro Campos,PSB,PE,101,2,0,593
221328,Adilson Barroso,PL,SP,101,0,0,594
73482,Henrique Fontana,PT,RS,100,0,0,595
220655,Mario Frias,PL,SP,100,0,0,596
204459,Daniela Do Waguinho,UNIÃO,RJ,100,0,0,597
178924,Capitão Fábio Abreu,PSD,PI,100,1,0,598
88256,Clodoaldo Magalhães,PV,PE,100,0,0,599
73891,Darcísio Perondi,MDB,RS,99,0,0,600
198197,Greyce Elias,PL,MG,99,0,0,601
178975,Baleia Rossi,MDB,SP,98,0,0,602
220620,Rosângela Reis,PL,MG,98,1,0,603
178866,Luizianne Lins,REDE,CE,98,0,0,604
112437,João Marcelo Souza,MDB,MA,98,0,0,605
224333,Welter,PT,PR,97,0,0,606
74043,Wellington Roberto,PSD,PB,97,0,0,607
141518,Paulinho Da Força,SOLIDARIEDADE,SP,96,0,0,608
204563,Josimar Maranhãozinho,PL,MA,96,0,0,609
160645,Luiz Carlos,PSDB,AP,96,0,0,610
220706,Padovani,PP,PR,95,0,0,611
178861,Ronaldo Carletto,PP,BA,94,0,0,612
73943,Perpétua Almeida,PCDOB,AC,94,1,0,613
204452,Márcio Labre,PL,RJ,93,0,0,614
220688,Dr. Francisco,PT,PI,93,0,0,615
141485,Luiz Carlos Busato,UNIÃO,RS,93,0,0,616
220587,Gerlen Diniz,PP,AC,93,0,0,617
220576,Alfredo Gaspar,PL,AL,92,0,0,618
162067,Kiko Celeguim,PT,SP,92,0,0,619
204474,Juarez Costa,REPUBLICANOS,MT,91,0,0,620
204357,Rose Modesto,UNIÃO,MS,91,0,0,621
160548,Jonas Donizette,PSB,SP,91,0,0,622
220560,Thiago De Joaldo,REPUBLICANOS,SE,90,0,0,623
178866,Luizianne Lins,PT,CE,89,1,0,624
220633,Ricardo Salles,NOVO,SP,89,0,0,625
196358,Lourival Gomes,PP,RJ,89,1,0,626
204489,Robério Monteiro,PDT,CE,88,0,0,627
204468,Joenia Wapichana,REDE,RR,88,1,0,628
80815,Leo Prates,REPUBLICANOS,BA,88,0,0,629
204574,Junior Lourenço,MDB,MA,88,0,0,630
178882,André Fufuca,PP,MA,88,0,0,631
204382,Loester Trutis,PL,MS,88,3,0,632
179587,Major Vitor Hugo,PL,GO,88,5,0,633
198197,Greyce Elias,AVANTE,MG,88,0,0,634
92699,Fernando Monteiro,PP,PE,88,0,0,635
204538,Paulo Bengtson,PTB,PA,88,0,0,636
204569,Delegado Pablo,UNIÃO,AM,87,1,0,637
204421,Edna Henrique,REPUBLICANOS,PB,87,0,0,638
220621,Sargento Gonçalves,PL,RN,87,0,0,639
220628,Mauricio Do Vôlei,PL,MG,87,0,0,640
204523,Lucas Gonzalez,NOVO,MG,87,1,0,641
204391,José Nelto,PP,GO,87,0,0,642
74171,Chico Alencar,PSOL,RJ,87,0,0,643
220634,Marcelo Lima,PSB,SP,86,0,0,644
204430,Margarete Coelho,PP,PI,86,1,0,645
204565,Professora Dayane Pimentel,UNIÃO,BA,86,1,0,646
74574,Paulo Magalhães,PSD,BA,85,0,0,647
178860,Paulo Azi,UNIÃO,BA,85,0,0,648
220649,Delegado Da Cunha,UNIÃO,SP,85,0,0,649
204458,Major Fabiana,PL,RJ,85,0,0,650
204408,Gustinho Ribeiro,REPUBLICANOS,SE,84,0,0,651
220684,Tião Medeiros,PP,PR,84,0,0,652
220627,Paulinho Freire,UNIÃO,RN,84,0,0,653
220615,Pastor Henrique Vieira,PSOL,RJ,84,3,0,654
221378,Reginete Bispo,PT,RS,83,0,0,655
204482,Euclydes Pettersen,PSC,MG,83,0,0,656
141427,Fábio Ramalho,MDB,MG,83,0,0,657
207309,Enéias Reis,UNIÃO,MG,82,0,0,658
171619,Margarida Salomão,PT,MG,82,1,0,659
220557,Daniela Reinehr,PL,SC,82,0,0,660
220583,Delegado Fabio Costa,PP,AL,82,0,0,661
220565,Delegada Adriana Accorsi,PT,GO,82,0,0,662
204532,Vinicius Poit,NOVO,SP,81,1,0,663
204412,Dr. Zacharias Calil,UNIÃO,GO,81,0,0,664
220551,Franciane Bayer,REPUBLICANOS,RS,81,0,0,665
98615,Ismael,PL,SC,81,1,0,666
141439,Chico D'angelo,PDT,RJ,80,1,0,667
209787,Nikolas Ferreira,PL,MG,80,0,0,668
204415,Nereu Crispim,PSD,RS,80,2,0,669
141422,Efraim Filho,UNIÃO,PB,79,2,0,670
160976,Tiririca,PSD,SP,79,0,0,671
220674,Dra. Alessandra Haber,PODE,PA,79,0,0,672
73586,Júlio Delgado,PV,MG,79,0,0,673
204508,Igor Timo,PODE,MG,79,0,0,674
204405,Liziane Bayer,REPUBLICANOS,RS,78,0,0,675
108338,Jaqueline Cassol,PP,RO,78,0,0,676
178905,Fabio Garcia,UNIÃO,MT,78,0,0,677
204457,Juninho Do Pneu,UNIÃO,RJ,77,2,0,678
220559,Julia Zanatta,PL,SC,77,0,0,679
89536,Prof. Paulo Fernando,REPUBLICANOS,DF,77,1,0,680
204504,Cezinha De Madureira,PSD,SP,77,1,0,681
178921,Sebastião Oliveira,AVANTE,PE,77,0,0,682
220639,Guilherme Boulos,PSOL,SP,77,0,0,683
220561,Delegada Katarina,PSD,SE,77,0,0,684
220623,Duda Salabert,PSOL,MG,77,0,0,685
204363,Osires Damaso,PSC,TO,76,0,0,686
220603,Dani Cunha,PL,RJ,76,0,0,687
178854,Elmar Nascimento,UNIÃO,BA,76,0,0,688
204500,Eduardo Costa,PSD,PA,76,0,0,689
160511,Alessandro Molon,PSB,RJ,76,1,0,690
178925,Rejane Dias,PT,PI,75,1,0,691
220600,Lebrão,UNIÃO,RO,75,0,0,692
204408,Gustinho Ribeiro,PP,SE,75,0,0,693
215043,Josivaldo Jp,UNIÃO,MA,74,0,0,694
220578,Josenildo,PDT,AP,74,0,0,695
73808,Sérgio Brito,PSD,BA,73,0,0,696
220693,Roberta Roma,PL,BA,73,0,0,697
204477,Felício Laterça,PP,RJ,72,1,0,698
220673,Delegado Caveira,PL,PA,72,0,0,699
220640,Juliana Cardoso,PT,SP,72,1,0,700
220651,Simone Marquetto,PP,SP,72,0,0,701
204395,Pedro Lupion,REPUBLICANOS,PR,71,1,0,702
74400,Paulo Pimenta,PT,RS,71,0,0,703
160541,Arthur Lira,PP,AL,70,0,0,704
220584,Murilo Galdino,REPUBLICANOS,PB,70,0,0,705
220661,Matheus Noronha,PL,CE,70,0,0,706
220629,Dandara,PT,MG,70,0,0,707
222429,Luis Carlos Gomes,REPUBLICANOS,RJ,70,0,0,708
157130,Túlio Gadêlha,REDE,PE,69,1,0,709
220657,André Fernandes,PL,CE,69,0,0,710
204546,Joice Hasselmann,PSDB,SP,68,1,0,711
204371,Felipe Rigoni,UNIÃO,ES,68,0,0,712
66179,Norma Ayub,PP,ES,68,0,0,713
220658,Luiz Gastão,PSD,CE,67,1,0,714
220537,Helena Lima,PSD,RR,67,0,0,715
178966,Geovania De Sá,REPUBLICANOS,SC,67,0,0,716
204510,Franco Cartafina,PP,MG,66,0,0,717
221339,Dr. Benjamim,UNIÃO,MA,66,0,0,718
160599,Dimas Fabiano,PP,MG,65,0,0,719
204411,Filipe Barros,PL,PR,65,0,0,720
220597,Thiago Flores,UNIÃO,RO,65,0,0,721
73460,Gustavo Fruet,PDT,PR,64,0,0,722
204438,Sergio Toledo,PV,AL,64,0,0,723
204364,Eli Borges,REPUBLICANOS,TO,64,0,0,724
171786,Miguel Ângelo,PT,MG,64,0,0,725
160534,Lauriete,PSC,ES,63,0,0,726
164359,Delegado Waldir,UNIÃO,GO,63,0,0,727
220685,Paulo Litro,UNIÃO,PR,63,0,0,728
204515,André Janones,REDE,MG,63,0,0,729
220555,Daiana Santos,PCDOB,RS,63,1,0,730
141456,Jilmar Tatto,PT,SP,63,1,0,731
220527,Jack Rocha,PT,ES,63,0,0,732
220609,Maurício Carvalho,UNIÃO,RO,61,0,0,733
204358,Beto Pereira,REPUBLICANOS,MS,61,0,0,734
220694,Ricardo Maia,MDB,BA,61,0,0,735
220624,Robinson Faria,PP,RN,61,0,0,736
204449,Nelson Barbudo,PL,MT,60,0,0,737
204431,Marcos Aurélio Sampaio,PSD,PI,60,0,0,738
178977,Eduardo Cury,PSDB,SP,59,0,0,739
220570,Dr. Ismael Alexandrino,PSD,GO,59,0,0,740
204482,Euclydes Pettersen,REPUBLICANOS,MG,59,0,0,741
204509,Áurea Carolina,PSOL,MG,58,1,0,742
204448,Luiz Antônio Corrêa,PP,RJ,58,0,0,743
220696,Ivoneide Caetano,PT,BA,57,0,0,744
221329,Ricardo Abrão,PSDB,RJ,57,0,0,745
178994,Dulce Miranda,MDB,TO,56,0,0,746
220698,Beto Preto,PSD,PR,56,0,0,747
76874,Marcelo Freixo,PSB,RJ,55,1,0,748
204375,Leda Sadala,PP,AP,55,1,0,749
220532,Rafael Prudente,MDB,DF,55,0,0,750
220586,Rafael Brito,MDB,AL,55,1,0,751
74141,Josias Gomes,PT,BA,55,0,0,752
220689,Detinha,PL,MA,55,0,0,753
141459,João Maia,PL,RN,54,0,0,754
74646,Aécio Neves,PSDB,MG,54,0,0,755
204445,Fernando Mineiro,PT,RN,54,1,0,756
220675,Antônio Doido,MDB,PA,53,0,0,757
178858,Mário Negromonte Jr.,PSB,BA,53,0,0,758
207176,Bia Cavassa,PSDB,MS,53,0,0,759
219585,Marco Brasil,PP,PR,53,0,0,760
204420,Julian Lemos,UNIÃO,PB,52,0,0,761
204419,Glaustin Da Fokus,PODE,GO,52,0,0,762
138286,Luciano Alves,PSD,PR,52,0,0,763
204419,Glaustin Da Fokus,PSC,GO,51,0,0,764
204358,Beto Pereira,PSDB,MS,51,0,0,765
224117,Gabriel Mota,UNIÃO,RR,51,0,0,766
220635,Bruno Ganem,PODE,SP,51,0,0,767
141480,Lázaro Botelho,PP,TO,50,0,0,768
220665,Clarissa Tércio,PP,PE,50,0,0,769
220701,Delegado Matheus Laiola,UNIÃO,PR,49,0,0,770
75431,Maurício Dziedricki,PODE,RS,49,0,0,771
204394,Gervásio Maia,PCDOB,PB,49,0,0,772
91228,Waldemar Oliveira,AVANTE,PE,49,2,0,773
123086,Átila Lira,PP,PI,48,0,0,774
220526,Gilvan Da Federal,PL,ES,48,0,0,775
204394,Gervásio Maia,PSB,PB,48,0,0,776
143942,Caio Vianna,PSD,RJ,48,0,0,777
220705,Deltan Dallagnol,PODE,PR,47,0,0,778
74383,Giacobo,PL,PR,47,0,0,779
178961,Shéridan,PSDB,RR,47,0,0,780
220652,Delegado Palumbo,PODE,SP,46,0,0,781
74478,Luciano Bivar,UNIÃO,PE,45,0,0,782
74262,Carlos Sampaio,PSD,SP,44,0,0,783
220670,Iza Arruda,MDB,PE,44,0,0,784
160591,Vinicius Gurgel,PL,AP,44,0,0,785
74352,Nilson Pinto,PSDB,PA,43,0,0,786
220546,Rodolfo Nogueira,PL,MS,43,0,0,787
220631,Samuel Viana,UNIÃO,MG,43,0,0,788
204391,José Nelto,UNIÃO,GO,43,0,0,789
205548,David Miranda,PDT,RJ,42,0,0,790
220544,Antonio Andrade,PSDB,TO,42,0,0,791
160589,Bruna Furlan,PSDB,SP,42,0,0,792
204533,Idilvan Alencar,PDT,CE,41,0,0,793
178886,Juscelino Filho,UNIÃO,MA,41,0,0,794
73778,Luiz Carlos Hauly,PODE,PR,41,0,0,795
220660,Yury Do Paredão,MDB,CE,40,1,0,796
220581,Luciano Amaral,PSD,AL,39,0,0,797
204547,Léo Motta,REPUBLICANOS,MG,38,0,0,798
73768,Dilceu Sperafico,PP,PR,38,0,0,799
178996,Giovani Feltes,MDB,RS,38,0,0,800
160552,Danrlei De Deus Hinterholz,PSD,RS,38,1,0,801
205863,Marcelo Brum,REPUBLICANOS,RS,37,0,0,802
204461,Paulo Ganime,NOVO,RJ,37,1,0,803
204519,Tiago Mitraud,NOVO,MG,37,1,0,804
220664,Guilherme Uchoa,PSD,PE,37,0,0,805
74478,Luciano Bivar,MDB,PE,37,0,0,806
141459,João Maia,PP,RN,37,0,0,807
205865,Reinhold Stephanes,PL,PR,36,0,0,808
66385,Julio Arcoverde,PP,PI,36,0,0,809
204362,Ricardo Guidi,PL,SC,36,0,0,810
74212,Aníbal Gomes,UNIÃO,CE,35,0,0,811
141434,Flaviano Melo,MDB,AC,35,0,0,812
220622,Nely Aquino,PODE,MG,34,0,0,813
220708,Gabriel Nunes,PSD,BA,33,0,0,814
74454,Eunício Oliveira,MDB,CE,31,0,0,815
178990,Samuel Moreira,PSDB,SP,30,0,0,816
220582,Daniel Barbosa,PP,AL,29,0,0,817
146788,Marcelo Aro,PP,MG,28,2,0,818
178943,Marcos Soares,PSDB,RJ,28,0,0,819
92699,Fernando Monteiro,PSD,PE,28,0,0,820
211866,Fabiano Tolentino,CIDADANIA,MG,27,0,0,821
226179,Gisela Simona,UNIÃO,MT,27,0,0,822
220671,Dilvanda Faro,PT,PA,27,0,0,823
220699,Castro Neto,MDB,PI,26,0,0,824
225730,Enfermeira Ana Paula,PODE,CE,25,0,0,825
204498,Olival Marques,PODE,PA,25,0,0,826
160621,Sandro Alex,PSD,PR,24,0,0,827
204508,Igor Timo,UNIÃO,MG,24,0,0,828
103758,Luciano Azevedo,PSD,RS,22,0,0,829
227433,Douglas Viegas,UNIÃO,SP,22,0,0,830
220677,Keniston Braga,MDB,PA,22,0,0,831
122466,Ronaldo Martins,REPUBLICANOS,CE,21,0,0,832
226708,Allan Garcês,PP,MA,21,0,0,833
163321,Ronaldo Nogueira,REPUBLICANOS,RS,19,0,0,834
74696,Alberto Mourão,MDB,SP,19,0,0,835
178984,Miguel Haddad,PSDB,SP,18,0,0,836
204459,Daniela Do Waguinho,REPUBLICANOS,RJ,18,0,0,837
73692,Osmar Terra,MDB,RS,17,0,0,838
74095,Pauderney Avelino,UNIÃO,AM,17,0,0,839
73772,Hermes Parcianello,MDB,PR,17,0,0,840
204448,Luiz Antonio Corrêa,PP,RJ,17,0,0,841
226837,Saulo Pedroso,PSD,SP,17,1,0,842
220642,Delegado Bruno Lima,PODE,SP,15,0,0,843
74693,Rodrigo Maia,PSDB,RJ,14,0,0,844
204431,Marcos Aurélio Sampaio,MDB,PI,14,0,0,845
74262,Carlos Sampaio,PSDB,SP,13,0,0,846
213762,Carla Dickson,PL,RN,13,1,0,847
230767,Rodrigo Da Zaeli,PL,MT,12,0,0,848
229432,Luiz Fernando Vampiro,MDB,SC,12,0,0,849
175765,Ribamar Silva,PODE,SP,12,0,0,850
204564,Igor Kannário,UNIÃO,BA,11,1,0,851
230765,Enfermeira Rejane,PCDOB,RJ,11,0,0,852
141401,Carlos Bezerra,MDB,MT,10,0,0,853
218086,Ely Santos,REPUBLICANOS,SP,10,0,0,854
73806,Roseana Sarney,MDB,MA,10,0,0,855
215044,Vivi Reis,PSOL,PA,9,0,0,856
178844,Pedro Vilela,PSDB,AL,9,0,0,857
212749,Marcão Gomes,PL,RJ,9,0,0,858
141533,Rodrigo Rollemberg,PSB,DF,9,0,0,859
204449,Nelson Barbudo,PODE,MT,9,0,0,860
204545,Alê Silva,REPUBLICANOS,MG,9,0,0,861
215043,Josivaldo Jp,PSD,MA,8,0,0,862
141372,Aelton Freitas,PP,MG,8,0,0,863
62881,Danilo Forte,UNIÃO,CE,8,1,0,864
204489,Robério Monteiro,PSB,CE,8,0,0,865
213762,Carla Dickson,UNIÃO,RN,8,0,0,866
160517,Paulo Foletto,PSB,ES,8,0,0,867
115200,Raniery Paulino,REPUBLICANOS,PB,8,0,0,868
204384,Ney Leprevost,UNIÃO,PR,7,0,0,869
178825,Leo De Brito,PT,AC,7,0,0,870
228797,Júlio Oliveira,PP,TO,7,0,0,871
230768,Zé Adriano,PP,AC,7,0,0,872
233594,Rafael Fera,PODE,RO,7,0,0,873
178901,Tereza Cristina,PP,MS,6,0,0,874
217480,Jones Moura,PSD,RJ,6,0,0,875
92172,Milton Coelho,PSB,PE,6,1,0,876
229082,Lucyana Genésio,PDT,MA,6,0,0,877
225727,Flavinha,MDB,MT,6,0,0,878
168175,Simplício Araújo,SOLIDARIEDADE,MA,5,0,0,879
74399,Onyx Lorenzoni,PL,RS,5,0,0,880
227800,Duarte Gonçalves Jr,REPUBLICANOS,MG,5,0,0,881
226075,Priscila Costa,PL,CE,5,0,0,882
219592,Lucas Follador,PSC,RO,4,0,0,883
178982,Luiz Lauro Filho,PSDB,SP,4,0,0,884
229225,Missionária Michele Collins,PP,PE,4,0,0,885
220681,Fábio Macedo,PODE,MA,4,0,0,886
230957,João Cury,MDB,SP,4,0,0,887
227660,Nitinho,PSD,SE,4,0,0,888
223398,Ulisses Guimarães,MDB,MG,4,0,0,889
211649,Ricardo Pericar,UNIÃO,RJ,4,0,0,890
73463,Osmar Serraglio,PP,PR,4,0,0,891
178830,Dr. Sinval Malheiros,PODE,SP,4,0,0,892
178888,Victor Mendes,MDB,MA,4,0,0,893
74165,Neucimar Fraga,PP,ES,3,0,0,894
212504,Fernando Borja,AVANTE,MG,3,0,0,895
122195,Leonardo Gadelha,PSC,PB,3,0,0,896
74319,Paes Landim,UNIÃO,PI,3,0,0,897
204353,Aline Gurgel,UNIÃO,AP,3,0,0,898
214477,Rrenato Queiroz,PSD,RR,3,0,0,899
212625,Dr. Gonçalo,REPUBLICANOS,MA,3,0,0,900
205535,Patricia Ferraz,PL,AP,3,0,0,901
141515,Otavio Leite,PSDB,RJ,3,0,0,902
123756,Antônia Lúcia,REPUBLICANOS,AC,3,0,0,903
74065,Fatima Pelaes,REPUBLICANOS,AP,3,0,0,904
222565,Soldado Noelio,UNIÃO,CE,3,0,0,905
215045,Pedro Augusto Palareti,PP,RJ,2,0,0,906
128760,Paulo Marinho Jr,PL,MA,2,0,0,907
235776,Sérgio Turra,PP,RS,2,0,0,908
178886,Juscelino Filho,PSDB,MA,2,1,0,909
204376,Coronel Armando,PP,SC,2,0,0,910
227991,Dr Flávio,PL,RJ,2,0,0,911
74374,Geraldo Resende,PSDB,MS,2,0,0,912
216544,Paulo Vicente Caleffi,PSD,RS,2,0,0,913
231911,Lenir De Assis,PT,PR,2,0,0,914
230762,Pastor Claudio Mariano,UNIÃO,PA,2,0,0,915
160561,Missionário José Olimpio,PL,SP,2,1,0,916
233592,Paulo Lemos,PT,AP,2,0,0,917
230177,Tadeu Oliveira,PL,CE,2,0,0,918
229069,Capitão Samuel,PP,SE,2,0,0,919
227323,Luciano Galego,PL,MA,2,0,0,920
226410,Márcio Correa,MDB,GO,2,0,0,921
216313,Rafafá,PSDB,PB,1,0,0,922
160542,Márcio Macêdo,PT,SE,1,0,0,923
129618,Gorete Pereira,PL,CE,1,0,0,924
213679,Dr. João,PROS,BA,1,0,0,925
218245,Jorielson,PL,AP,1,0,0,926
234673,Vanderlan Alves,SOLIDARIEDADE,CE,1,0,0,927
227324,Henrique Júnior,PL,MA,1,0,0,928
234406,Elmano Férrer,PP,PI,1,0,0,929
233598,Samuel Santos,PODE,GO,1,0,0,930
77003,Sergio Santos Rodrigues,PODE,MG,1,0,0,931
227370,Felipe Saliba,PRD,MG,1,0,0,932
204531,Guilherme Derrite,PP,SP,1,0,0,933
122195,Leonardo Gadelha,PODE,PB,1,0,0,934
229112,Pedro Jr,PL,TO,1,0,0,935
178943,Marcos Soares,UNIÃO,RJ,1,0,0,936
74806,Tadeu Filippelli,MDB,DF,1,0,0,937
213854,Dr. Agripino Magalhães,UNIÃO,CE,1,0,0,938
178935,Rossoni,PSDB,PR,1,0,0,939
218879,Nelho Bezerra,UNIÃO,CE,1,0,0,940
219599,Sargento Alexandre,PODE,SP,1,0,0,941
217330,Pedro Dalua,PSC,AP,1,0,0,942
228837,Juliana Kolankiewicz,MDB,MT,1,0,0,943
228616,Dr. Remy Soares,PP,MA,1,0,0,944
234788,Heloísa Helena,REDE,RJ,1,0,0,945
227401,Dr Fabio Rueda,UNIÃO,AC,1,0,0,946
229939,Newton Bonin,UNIÃO,PR,1,0,0,947
233218,Nelinho Freitas,MDB,CE,1,0,0,948
182146,Wolmer Araújo,SOLIDARIEDADE,MA,1,0,0,949
234253,Lucas Abrahao,REDE,AP,1,0,0,950
220653,Fábio Teruel,MDB,SP,1,0,0,951
228272,Délio Pinheiro,PDT,MG,1,0,0,952
100689,Hildo Do Candango,REPUBLICANOS,GO,1,0,0,953
