frente_id_frente,frente_tx_titulo,qt_total_deputados,qt_total_partidos,indice_hhi_partidario,frente_tx_classificacao_diversidade
54158,Frente Parlamentar Em Defesa Do Patrimônio Histórico Nacional,224,22,0.0843,Alta diversidade partidária
54125,Frente Parlamentar Em Defesa Da Companhia Hidro Elétrica Do São Francisco (chesf),216,22,0.0891,Alta diversidade partidária
54114,Frente Parlamentar Mista Brasil-áfrica Com Participação Popular De Enfrentamento Ao Racismo,203,22,0.1067,Alta diversidade partidária
54488,Frente Parlamentar Mista Em Apoio Aos Consórcios Públicos,204,21,0.0966,Alta diversidade partidária
54211,Frente Parlamentar Em Prol Dos Jogos Eletrônicos E Games,201,20,0.0981,Alta diversidade partidária
54238,Frente Parlamentar Mista Da Inteligência Artificial,210,23,0.077,Alta diversidade partidária
54094,Frente Parlamentar Mista Em Defesa Da Saúde Nutricional Suplementar,223,22,0.0945,Alta diversidade partidária
54203,Frente Parlamentar Pela Valorização Do Setor Sucroenergético,214,21,0.0871,Alta diversidade partidária
54324,Frente Parlamentar Pelos Pequenos E Médios Municípios,210,19,0.0903,Alta diversidade partidária
54376,Frente Parlamentar Mista Em Defesa Do Comércio Internacional E Do Investimento - Frencomex,200,19,0.1087,Alta diversidade partidária
53911,Frente Parlamentar Mista Em Defesa Da Cadeia Produtiva Da Reciclagem No Brasil,228,22,0.0932,Alta diversidade partidária
54111,Frente Parlamentar Mista Pela Inovação Na Bioeconomia - Fpbioeconomia,210,22,0.0876,Alta diversidade partidária
53951,Frente Parlamentar Em Defesa Do Transporte Aéreo Nacional,205,20,0.0949,Alta diversidade partidária
54517,Frente Parlamentar Mista Em Defesa Dos Saberes Tradicionais E Das Práticas Integrativas E Complementares Em Saúde No Sus,192,21,0.1482,Alta diversidade partidária
55572,Frente Parlamentar Mista Da Mulher Catadora,200,21,0.0938,Alta diversidade partidária
54186,Frente Parlamentar Mista De Promoção E Defesa Dos Direitos Da Criança E Adolescente,202,22,0.0984,Alta diversidade partidária
54160,Frente Parlamentar Mista Em Defesa Do Comércio Internacional E Do Investimento - Frencomex,210,22,0.0955,Alta diversidade partidária
54193,Frente Parlamentar Mista Para O Desenvolvimento Da Indústria Elétrica E Eletrônica,235,22,0.0861,Alta diversidade partidária
53941,"Frente Parlamentar Mista Da Engenharia, Infraestrutura E Desenvolvimento Nacional",199,21,0.088,Alta diversidade partidária
54161,Frente Parlamentar Mista Em Defesa Da Propriedade Intelectual E De Combate À Pirataria,220,21,0.0849,Alta diversidade partidária
53904,Frente Parlamentar Mista Em Prol Da Luta Contra O Câncer,223,22,0.0921,Alta diversidade partidária
54559,Frente Parlamentar Mista Em Defesa Da Desoneração Da Folha De Pagamento,201,20,0.1113,Alta diversidade partidária
54431,Frente Parlamentar Em Defesa Do Pantanal,200,20,0.1285,Alta diversidade partidária
54207,Frente Parlamentar Mista De Assistência Técnica E Extensão Rural (frente De Ater),225,20,0.0871,Alta diversidade partidária
54565,Frente Parlamentar Do Etanol,193,20,0.1155,Alta diversidade partidária
55567,Frente Parlamentar Mista Da Indústria De Máquinas E Equipamentos - Fpmaq,206,20,0.1085,Alta diversidade partidária
54091,Frente Parlamentar Da Indústria De Máquinas E Equipamentos - Fpmaq,220,22,0.0958,Alta diversidade partidária
54296,Frente Parlamentar Em Defesa Do Comércio E Serviços - Fcs,189,19,0.136,Alta diversidade partidária
55582,Frente Parlamentar Mista Em Defesa Do Sistema Nacional De Auditoria Do Sus,201,21,0.1391,Alta diversidade partidária
53892,Frente Parlamentar Mista Em Defesa Dos Direitos Dos Animais,199,21,0.0878,Alta diversidade partidária
54357,Frente Parlamentar De Proteção Às Pessoas Com Transtorno Do Espectro Autista,219,20,0.0997,Alta diversidade partidária
53982,Frente Parlamentar Mista Da Juventude,197,23,0.0919,Alta diversidade partidária
54215,Frente Parlamentar Em Defesa Dos Municípios Em Risco De Extinção,212,21,0.0905,Alta diversidade partidária
55655,Frente Parlamentar Brasil - Asean,201,21,0.091,Alta diversidade partidária
54365,Frente Parlamentar Mista Em Apoio Ao Programa Antártico Brasileiro,198,21,0.1125,Alta diversidade partidária
54440,Frente Parlamentar Mista Em Defesa Das Práticas Integrativas E Complementares Em Saúde E Da Felicidade – Frente Holística,199,18,0.1446,Alta diversidade partidária
54371,Frente Parlamentar Brasil Singapura,199,17,0.1122,Alta diversidade partidária
54102,Frente Parlamentar Mista Em Defesa Da Tradição E Cultura Gaúcha,198,23,0.0924,Alta diversidade partidária
54074,Frente Parlamentar Mista Em Defesa Dos Municípios Sedes De Usinas Hidroelétricas E Alagados,272,22,0.0853,Alta diversidade partidária
54386,Frente Parlamentar Mista Dos Lojistas E Lojistas De Shoppings Centers,201,20,0.1028,Alta diversidade partidária
54014,Frente Parlamentar Mista Da Beleza E Bem Estar,200,21,0.0883,Alta diversidade partidária
53953,Frente Parlamentar Mista Em Defesa Dos Municípios Brasileiros - Fmb,311,23,0.0882,Alta diversidade partidária
54283,Frente Parlamentar Mista Em Defesa Do Turismo - Frentur,200,20,0.0983,Alta diversidade partidária
54450,Frente Parlamentar Da Vacina - Fpv,194,21,0.0857,Alta diversidade partidária
54146,Frente Parlamentar De Apoio Às Operações Especiais Das Forças Armadas E Das Forças De Segurança Pública (frepoesp),204,19,0.1084,Alta diversidade partidária
55601,Frente Parlamentar Mista Em Defesa Da Propriedade Intelectual E Combate À Pirataria,187,19,0.1101,Alta diversidade partidária
54280,Frente Parlamentar Em Defesa Dos Técnicos Agrícolas,205,20,0.0996,Alta diversidade partidária
54475,Frente Parlamentar Em Defesa E Proteção Das Crianças E Adolescentes Durante As Festas Populares E Grandes Eventos,198,20,0.0978,Alta diversidade partidária
54525,Frente Parlamentar Das Cooperativas De Transportes Rodoviário De Cargas - Frecooptrc,180,16,0.1999,Média diversidade partidária
54502,Frente Parlamentar Mista Em Defesa Da Tradição E Cultura Gaúcha,200,19,0.1162,Alta diversidade partidária
54256,Frente Parlamentar Em Defesa Do Comércio De Material De Construção,218,21,0.0931,Alta diversidade partidária
54099,Frente Parlamentar Mista Em Defesa Da Enfermagem,199,23,0.0799,Alta diversidade partidária
54083,Frente Parlamentar Em Defesa Das Guardas Municipais,225,21,0.0874,Alta diversidade partidária
54162,Frente Parlamentar Da Optometria,220,22,0.0885,Alta diversidade partidária
53901,Frente Parlamentar Em Defesa Do Esporte,203,21,0.0846,Alta diversidade partidária
54173,Frente Parlamentar Em Defesa Dos Trabalhadores Em Transporte Público,209,22,0.0924,Alta diversidade partidária
54079,Frente Parlamentar Mista De Apoio Aos Despachantes Documentalistas Do Brasil,205,20,0.0929,Alta diversidade partidária
54330,Frente Parlamentar Em Defesa Da Polícia Federal,205,20,0.1128,Alta diversidade partidária
54511,Frente Parlamentar Mista Em Apoio Às Rádios Comunitárias,208,20,0.0998,Alta diversidade partidária
55622,Frente Parlamentar Em Defesa Do Benefício De Prestação Continuada (bpc),200,18,0.1017,Alta diversidade partidária
54553,Frente Parlamentar Mista Em Defesa Do Patrimônio Histórico E Cultural Brasileiro,201,19,0.0888,Alta diversidade partidária
54523,Frente Parlamentar Mista Da Optometria,221,20,0.1012,Alta diversidade partidária
55606,Frente Parlamentar Em Defesa Da Polícia Penal,200,17,0.1811,Média diversidade partidária
53965,Frente Parlamentar Mista Brasil -tailândia,204,21,0.0886,Alta diversidade partidária
54381,Frente Parlamentar Em Defesa Do Fomento Ao Empreendedorismo Da Juventude,201,20,0.0973,Alta diversidade partidária
54293,Frente Parlamentar Mista Dos Portos Nacionais,202,21,0.1684,Média diversidade partidária
54391,Frente Parlamentar De Infraestrutura Logística,202,19,0.1447,Alta diversidade partidária
55708,Frente Parlamentar Mista Em Defesa Da Cannabis Medicinal E Do Cânhamo Industrial,196,20,0.1024,Alta diversidade partidária
54505,Frente Parlamentar Em Defesa Das Favelas E Respeito À Cidadania Dos Seus Moradores,201,20,0.1359,Alta diversidade partidária
55687,Frente Parlamentar Mista Pelo Fortalecimento Das Entidades Fechadas De Previdência Complementar (efpc),198,20,0.1434,Alta diversidade partidária
55695,Frente Parlamentar Pela Duplicação Da Br-290,200,19,0.1004,Alta diversidade partidária
54126,Frente Parlamentar Mista Em Defesa Da Distribuição De Veículos Automotores E A Mobilidade - Fremob,227,20,0.0861,Alta diversidade partidária
54377,Frente Parlamentar Mista Da Educação,218,20,0.0831,Alta diversidade partidária
53927,Frente Parlamentar Mista Em Defesa Dos Lotéricos,207,22,0.0913,Alta diversidade partidária
54546,Frente Parlamentar Mista Em Defesa Do Saneamento Público,196,18,0.1421,Alta diversidade partidária
55614,Frente Parlamentar Mista Em Defesa E Apoio Aos Despachantes Documentalistas Do Brasil,205,17,0.1351,Alta diversidade partidária
55712,Frente Parlamentar Em Defesa Do Mutualismo,202,18,0.108,Alta diversidade partidária
54265,Frente Parlamentar Mista Em Defesa Do Litoral Brasileiro,207,22,0.1168,Alta diversidade partidária
54527,Frente Parlamentar Mista De Combate Ao Trabalho Infantil E De Estímulo À Aprendizagem,197,19,0.1168,Alta diversidade partidária
54303,"Frente Parlamentar Mista De Apoio À Habitação De Interesse Social, Regularização Fundiária, Urbanização E Saneamento Para Favelas E Assentamentos Precários",197,21,0.0931,Alta diversidade partidária
55645,Frente Parlamentar Em Defesa Das Trabalhadoras E Dos Trabalhadores Da Economia Informal,201,19,0.1367,Alta diversidade partidária
54367,Frente Parlamentar Em Defesa Das Comunidades Terapêuticas,202,18,0.1404,Alta diversidade partidária
55584,Frente Parlamentar Mista Da Hotelaria Brasileira,221,19,0.112,Alta diversidade partidária
54155,"Frente Parlamentar Mista De Enfrentamento Às Ist, Hiv/aids E Das Hepatites Virais",211,22,0.1051,Alta diversidade partidária
55671,Frente Parlamentar Em Defesa Do Estado Laico E Da Liberdade Religiosa,203,17,0.1252,Alta diversidade partidária
54308,Frente Parlamentar Brasil-china,205,20,0.095,Alta diversidade partidária
54318,Frente Parlamentar Mista Em Defesa Dos Direitos Dos Povos Indígenas,195,19,0.1199,Alta diversidade partidária
54422,Frente Parlamentar Em Defesa Da Polícia Judiciária (civil),205,20,0.1042,Alta diversidade partidária
54143,Frente Parlamentar Mista De Enfrentamento A Pedofilia - Fpmep,183,23,0.1095,Alta diversidade partidária
54053,Frente Parlamentar Mista Em Atenção Integral Às Pessoas Com Doenças Raras,228,22,0.0838,Alta diversidade partidária
54508,Frente Parlamentar Em Defesa Da Duplicação Da Br - 235,203,19,0.1182,Alta diversidade partidária
53954,Frente Parlamentar Mista Da Reforma Tributária,196,21,0.0913,Alta diversidade partidária
53894,Frente Parlamentar Mista Do Esporte,203,21,0.1035,Alta diversidade partidária
54255,Frente Parlamentar Mista Em Defesa Da Renda Básica,206,22,0.1108,Alta diversidade partidária
54536,Frente Parlamentar Em Defesa Da Extensão Da Br-448,201,20,0.1143,Alta diversidade partidária
53909,Frente Parlamentar De Doenças Raras,227,22,0.0911,Alta diversidade partidária
54241,Frente Parlamentar Em Defesa Das Cirurgias Eletivas,232,21,0.0873,Alta diversidade partidária
54487,Frente Parlamentar Em Defesa Do Samba E Valorização Do Carnaval Brasileiro,198,21,0.1401,Alta diversidade partidária
54349,Frente Parlamentar Em Defesa Da Vacina - Fpdv,199,22,0.0951,Alta diversidade partidária
54551,"Frente Parlamentar Em Defesa Da Tarifa Zero - Transporte Público, Gratuito E De Qualidade",201,19,0.1444,Alta diversidade partidária
55699,Frente Parlamentar De Acolhimento E Desenvolvimento Integrado,203,17,0.1552,Média diversidade partidária
54061,Frente Parlamentar Mista Em Defesa Das Comunidades Quilombolas,222,21,0.0872,Alta diversidade partidária
54019,Frente Parlamentar Em Defesa Da Convivência Com O Semiárido,220,23,0.0918,Alta diversidade partidária
54204,Frente Parlamentar Dos Asilos E Orfanatos,226,23,0.0961,Alta diversidade partidária
54023,Frente Parlamentar Da Segurança Pública Do Estado Do Rio De Janeiro,204,21,0.0987,Alta diversidade partidária
54131,Frente Parlamentar Mista Para O Fortalecimento Da Gestão Pública,209,21,0.0871,Alta diversidade partidária
54325,Frente Parlamentar Mista Do Setor De Serviços - Fps,213,21,0.103,Alta diversidade partidária
54127,"Frente Parlamentar Mista Do Rodeio, Da Vaquejada E Das Provas Equestres",237,20,0.1123,Alta diversidade partidária
54291,Frente Parlamentar Mista Em Defesa Do Saneamento Básico,195,22,0.0985,Alta diversidade partidária
55570,Frente Parlamentar Do Desporto Escolar,201,21,0.1124,Alta diversidade partidária
54279,Frente Parlamentar Mista Das Cooperativas De Transporte Rodoviário De Cargas - Frecooptrc.,200,21,0.0902,Alta diversidade partidária
54216,Frente Parlamentar Mista Prosul,206,20,0.0851,Alta diversidade partidária
54147,Frente Parlamentar Da Informatização Na Saúde,235,21,0.0911,Alta diversidade partidária
54159,Frente Parlamentar Mista De Enfrentamento Às Fake News,207,21,0.0924,Alta diversidade partidária
54258,Frente Parlamentar Mista Da Telessaúde,201,22,0.094,Alta diversidade partidária
53926,Frente Parlamentar Mista De Logística E Infraestrutura - Frenlogi,211,22,0.0913,Alta diversidade partidária
54035,Frente Parlamentar Em Defesa Das 30 Horas Da Enfermagem,199,21,0.0904,Alta diversidade partidária
54416,Frente Parlamentar Em Defesa Do Comércio De Material De Construção,206,19,0.1568,Média diversidade partidária
55644,Frente Parlamentar Para O Fortalecimento Da Indústria Ferroviária Brasilieira,203,20,0.1236,Alta diversidade partidária
55590,Frente Parlamentar Mista Por Cidadania E Direitos Lgbti+,180,20,0.1602,Média diversidade partidária
54310,Frente Parlamentar Do Congresso Nacional Brics,214,20,0.0945,Alta diversidade partidária
53895,Frente Parlamentar Mista Da Micro E Pequena Empresa,194,20,0.0862,Alta diversidade partidária
53888,Frente Parlamentar Mista Ética Contra A Corrupção - Fecc,232,21,0.0958,Alta diversidade partidária
54199,Frente Parlamentar Mista Do Serviço Público,262,23,0.0934,Alta diversidade partidária
54251,Frente Parlamentar Mista Para Implantação Do Plenário Virtual No Poder Legislativo,210,23,0.0856,Alta diversidade partidária
54267,Frente Parlamentar Em Apoio Ao Produtor De Leite,203,20,0.1071,Alta diversidade partidária
54290,Frente Parlamentar Mista Em Defesa Da Saúde Das Mulheres,204,20,0.0896,Alta diversidade partidária
53925,Frente Parlamentar Mista Da Saúde - Fpms,179,21,0.0968,Alta diversidade partidária
54448,"Frente Parlamentar Em Defesa Da Br-319, Ligando Manaus, No Amazonas, A Porto Velho, Em Rondônia",201,19,0.1212,Alta diversidade partidária
54067,Frente Parlamentar Em Defesa Do Rio Jequitinhonha,206,21,0.0856,Alta diversidade partidária
54133,Frente Parlamentar Mista Pela Potencialização Do Alto Tietê,235,22,0.096,Alta diversidade partidária
54301,Frente Parlamentar Em Defesa Dos Direitos Das Pessoas Com Deficiência,205,16,0.1863,Média diversidade partidária
55599,Frente Parlamentar Por Doenças Crônicas De Pele,204,19,0.1031,Alta diversidade partidária
55662,Frente Parlamentar Mista Em Defesa Da Pessoa Com Epilepsia,200,20,0.1426,Alta diversidade partidária
54335,"Frente Parlamentar Mista Para A Prevenção, Diagnóstico E Tratamento De Diabetes",199,20,0.0937,Alta diversidade partidária
54007,Frente Parlamentar Para O Desenvolvimento Sustentável Do Petróleo E Energias Renováveis - Freper,204,21,0.0945,Alta diversidade partidária
53981,Frente Parlamentar Em Defesa Da Energia Solar No Brasil,203,22,0.0915,Alta diversidade partidária
54076,Frente Parlamentar Em Defesa Da Atividade Física Para O Desenvolvimento Humano,202,22,0.0884,Alta diversidade partidária
55701,Frente Parlamentar Brasil - Israel,192,15,0.1937,Média diversidade partidária
54113,Frente Parlamentar Mista Em Defesa Da Pessoa Com Epilepsia,193,21,0.0866,Alta diversidade partidária
54041,"Frente Parlamentar Mista Da Liberdade Religiosa, Refugiados E Ajuda Humanitária",213,21,0.085,Alta diversidade partidária
54297,Frente Parlamentar Mista Em Defesa Dos Aposentados E Pensionistas,184,20,0.1063,Alta diversidade partidária
55568,Frente Parlamentar Mista Da Medicina,196,19,0.1079,Alta diversidade partidária
54154,Frente Parlamentar Mista Em Defesa Das Organizações Da Sociedade Civil - Oscs,208,22,0.0997,Alta diversidade partidária
54429,Frente Parlamentar Mista Do Sistema Penitenciário,199,18,0.2012,Média diversidade partidária
54073,Frente Parlamentar Mista De Combate À Fome No Brasil,241,23,0.0896,Alta diversidade partidária
54268,Frente Parlamentar Mista Em Defesa Das Cidades Históricas - Patrimônio Cultural Brasileiro,185,22,0.1062,Alta diversidade partidária
53978,Frente Parlamentar Em Defesa Da Escola Pública E Em Respeito Ao Profissional Da Educação,215,22,0.0998,Alta diversidade partidária
54055,Frente Parlamentar Em Defesa Dos Direitos Humanos,201,22,0.0973,Alta diversidade partidária
54081,Frente Parlamentar Mista Da Redução Da Maioridade Penal,197,17,0.1316,Alta diversidade partidária
54396,"Frente Parlamentar Mista Do Rodeio, Da Vaquejada E Das Provas Equestres",201,18,0.1706,Média diversidade partidária
54465,Frente Parlamentar Mista Para O Fortalecimento Da Gestão Pública,202,18,0.0946,Alta diversidade partidária
55656,Frente Parlamentar Em Defesa Da Enfermagem,214,19,0.0912,Alta diversidade partidária
54468,Frente Parlamentar Em Defesa Dos Caminhoneiros Autônomos,200,19,0.1847,Média diversidade partidária
54184,Frente Parlamentar Mista Em Defesa Da Advocacia Pública,205,23,0.0878,Alta diversidade partidária
54086,Frente Parlamentar Pela Promoção Da Aviação Na Amazônia,207,22,0.0879,Alta diversidade partidária
54364,Frente Parlamentar Mista Da Indústria,207,20,0.1077,Alta diversidade partidária
54418,Frente Parlamentar Contra Os Juros Abusivos,212,19,0.1111,Alta diversidade partidária
54337,Frente Parlamentar Mista Em Prol Da Luta Contra O Câncer,203,18,0.1237,Alta diversidade partidária
54360,Frente Parlamentar Mista Da Saúde Digital,204,21,0.1047,Alta diversidade partidária
53964,Frente Parlamentar Mista Dos Agentes Comunitários De Saúde E De Combate Às Endemias,199,20,0.0982,Alta diversidade partidária
55686,Frente Parlamentar Mista Em Defesa Da União Nacional Dos Legisladores E Legislativos Estaduais,199,19,0.1224,Alta diversidade partidária
55705,Frente Parlamentar Em Defesa Da Ética Na Saúde Suplementar,206,18,0.1706,Média diversidade partidária
54501,Frente Parlamentar Do Cooperativismo (frencoop),285,21,0.094,Alta diversidade partidária
54284,Frente Parlamentar Mista Do Empreendedorismo - Fpe,226,19,0.1191,Alta diversidade partidária
54415,Frente Parlamentar Do Sistema Único De Saúde - Frente Sus,206,19,0.0972,Alta diversidade partidária
54423,Frente Parlamentar Mista De Logística E Infraestrutura – Frenlogi,262,20,0.1043,Alta diversidade partidária
54482,Frente Parlamentar Mista Para O Desenvolvimento Da Indústria Elétrica E Eletrônica,213,20,0.0996,Alta diversidade partidária
54504,Frente Parlamentar Mista Das Profissões Do Sistema Confea/crea E Mútua,219,18,0.1038,Alta diversidade partidária
54332,Frente Parlamentar Do Programa Nacional De Imunizações,199,21,0.0999,Alta diversidade partidária
53983,"Frente Parlamentar Mista Do Trabalho, Emprego E Renda",222,20,0.0961,Alta diversidade partidária
54082,Frente Parlamentar Mista Em Defesa Da Indústria Brasileira De Bebidas,195,23,0.0889,Alta diversidade partidária
54443,Frente Parlamentar Mista Pela Inclusão E Qualidade Na Educação Particular - Fpeduq,187,20,0.0914,Alta diversidade partidária
54393,Frente Parlamentar Mista Em Defesa Das Apaes,204,21,0.1151,Alta diversidade partidária
54321,Frente Parlamentar Mista Da Ligação Seca Santos-guarujá,200,22,0.0934,Alta diversidade partidária
54484,Frente Parlamentar Em Defesa Da Indústria Naval Brasileira,202,19,0.1218,Alta diversidade partidária
54246,Frente Parlamentar Brasil-rússia,228,21,0.0859,Alta diversidade partidária
54100,Frente Parlamentar De Incentivo À Adoção De Crianças,221,22,0.0809,Alta diversidade partidária
53915,Frente Parlamentar Mista Em Defesa Do Serviço Público,235,22,0.0922,Alta diversidade partidária
54231,Frente Parlamentar Mista De Segurança Contra Incêndio,198,21,0.085,Alta diversidade partidária
54063,Frente Parlamentar Da Alimentação E Saúde - Fpas,234,21,0.0926,Alta diversidade partidária
54542,Frente Parlamentar Pelo Desenvolvimento Da Agroecologia E Produção Orgânica,200,19,0.1354,Alta diversidade partidária
54486,Frente Parlamentar Da Mineração E Construção Civil,211,18,0.1558,Média diversidade partidária
54537,Frente Parlamentar Mista De Combate Às Drogas,200,17,0.1793,Média diversidade partidária
53931,Frente Parlamentar Em Defesa Dos Direitos Da Mulher,207,20,0.093,Alta diversidade partidária
54464,"Frente Parlamentar Mista De Proteção Aos Colecionadores, Atiradores Desportivos, Caçadores E Clubes De Tiro",198,17,0.2163,Média diversidade partidária
54141,Frente Parlamentar Mista Dos Municípios E De Apoio Aos Prefeitos E Vice-prefeitos Do Brasil - Fremaprev,212,22,0.0902,Alta diversidade partidária
54417,Frente Parlamentar Em Defesa Da Duplicação Da Br-423 Em Pernambuco,200,19,0.1214,Alta diversidade partidária
54362,Frente Parlamentar Em Defesa Dos Animais,222,21,0.0854,Alta diversidade partidária
54529,Frente Parlamentar Em Defesa Do Ciclista,209,19,0.0917,Alta diversidade partidária
53906,Frente Parlamentar Brasil-china,225,21,0.0901,Alta diversidade partidária
53907,Frente Parlamentar Em Defesa Dos Agentes Comunitários De Saúde E Dos Agentes De Combate Às Endemias,234,22,0.0887,Alta diversidade partidária
53932,Frente Parlamentar Mista De Fortalecimento Da Cooperação Entre Os Países Do Brics,191,20,0.0876,Alta diversidade partidária
54095,Frente Parlamentar Mista Brasil-índia,210,22,0.0887,Alta diversidade partidária
55605,Frente Parlamentar Mista Da Energia Limpa,207,20,0.0972,Alta diversidade partidária
53912,"Frente Parlamentar Mista De Desenvolvimento Estratégico Do Sistema Penitenciário, Combate Ao Narcotráfico E Crime Organizado No Brasil",202,21,0.0932,Alta diversidade partidária
54050,Frente Parlamentar Mista Em Defesa Dos Usuários Do Sistema Único De Saúde,216,21,0.088,Alta diversidade partidária
55652,Frente Parlamentar Mista Em Defesa Das Organizações Da Sociedade Civil,206,20,0.1186,Alta diversidade partidária
54476,Frente Parlamentar Da Odontologia,203,20,0.103,Alta diversidade partidária
54227,Frente Parlamentar Mista Em Defesa Da Democracia E Dos Direitos Humanos Com Participação Popular,179,20,0.1286,Alta diversidade partidária
54372,"Frente Parlamentar Em Defesa Da Empreendedora E Microempreendedora No Mercado Formal, Informal E E-commerce",203,20,0.0941,Alta diversidade partidária
54059,Frente Parlamentar Mista Em Defesa Do Setor Elétrico Brasileiro,207,22,0.1042,Alta diversidade partidária
54022,Frente Parlamentar De Apoio Ao Ensino Militar No Brasil - Fpaemb,199,19,0.1194,Alta diversidade partidária
54210,Frente Parlamentar Em Defesa Dos Conselheiros Tutelares,216,21,0.0886,Alta diversidade partidária
53946,Frente Parlamentar Mista Da Economia E Cidadania Digital,205,22,0.0799,Alta diversidade partidária
54165,"Frente Parlamentar De Defesa E Valorização Da Produção Nacional De Uvas, Vinhos, Espumantes E Seus Derivados",208,22,0.0832,Alta diversidade partidária
53942,Frente Parlamentar Em Defesa Do Trânsito Seguro,217,22,0.0944,Alta diversidade partidária
53887,Frente Parlamentar Mista De Combate À Corrupção,201,21,0.0914,Alta diversidade partidária
54170,Frente Parlamentar Em Defesa Da Região Dos Lagos No Rio De Janeiro,202,21,0.0897,Alta diversidade partidária
54120,Frente Parlamentar Mista Dos Lojistas E Lojistas De Shoppings Centers,247,21,0.0839,Alta diversidade partidária
55672,Frente Parlamentar Da Baixada Fluminense Do Rio De Janeiro,198,20,0.0927,Alta diversidade partidária
54549,Frente Parlamentar Da Telemedicina,199,18,0.1112,Alta diversidade partidária
54369,"Frente Parlamentar Para O Fomento Da Qualificação, Inclusão E Subsistência Das Mulheres Na Construção Civil",203,20,0.0939,Alta diversidade partidária
54117,Frente Parlamentar Mista Da Economia Criativa,208,23,0.0766,Alta diversidade partidária
55710,Frente Parlamentar Mista Brasil - Espanha,193,18,0.1307,Alta diversidade partidária
54451,Frente Parlamentar De Apoio Aos Conselhos Profissionais,207,20,0.1238,Alta diversidade partidária
55576,"Frente Parlamentar Mista Em Defesa Dos Institutos Federais De Educação, Ciência E Tecnologia",196,18,0.1205,Alta diversidade partidária
54042,Frente Parlamentar Mista Pelo Fortalecimento Dos Legislativos Municipais,204,20,0.0916,Alta diversidade partidária
53991,Frente Parlamentar Brasil-coreia Do Sul,221,20,0.0982,Alta diversidade partidária
54183,Frente Parlamentar Mista Em Defesa Do Setor Coureiro-calçadista,197,21,0.0874,Alta diversidade partidária
54134,Frente Parlamentar Mista Pelo Fortalecimento Do Vale Do Paraíba,243,22,0.096,Alta diversidade partidária
55619,"Frente Parlamentar Em Defesa Do Livro, Da Leitura E Da Escrita",200,20,0.1371,Alta diversidade partidária
55650,Frente Parlamentar Em Defesa Das Bacias Hidrográficas Brasileiras,203,18,0.1364,Alta diversidade partidária
54492,Frente Parlamentar Brasil - Líbano,200,21,0.1546,Média diversidade partidária
54230,"Frente Parlamentar Mista Em Defesa Da Lavoura Caucaeira, Da Ceplac E Do Cacau Cabruca",217,22,0.0871,Alta diversidade partidária
54150,Frente Parlamentar Mista Contra O Aborto E Em Defesa Da Vida,196,20,0.1157,Alta diversidade partidária
54526,Frente Parlamentar Mista Em Defesa Do Movimento Hip Hop,199,19,0.1318,Alta diversidade partidária
54085,"Frente Parlamentar Mista De Ciência, Tecnologia, Pesquisa E Inovação",165,23,0.0884,Alta diversidade partidária
53940,Frente Parlamentar Mista De Preservação Da Memória E Do Patrimônio Ferroviário,211,22,0.0948,Alta diversidade partidária
54060,Frente Parlamentar De Atenção Integral À Saúde Do Homem,209,22,0.0818,Alta diversidade partidária
54277,Frente Parlamentar Mista Do Artesão E Apoio Do Artesanato Brasileiro.,177,21,0.1278,Alta diversidade partidária
53977,Frente Parlamentar Mista Brasil-singapura,212,21,0.0855,Alta diversidade partidária
54538,Frente Parlamentar Em Defesa Da Vida E Da Família,191,16,0.1722,Média diversidade partidária
54462,Frente Parlamentar Mista Brasil Competitivo,195,18,0.1029,Alta diversidade partidária
54354,"Frente Parlamentar De Apoio Às Santas Casas, Hospitais E Entidades Filantrópicas",213,20,0.0975,Alta diversidade partidária
55618,Frente Parlamentar Por Melhorias Da Rodovia Federal Br-153,201,19,0.1121,Alta diversidade partidária
53916,"Frente Parlamentar Mista Pela Defesa, Apoio Ao Potássio Brasileiro",210,21,0.0903,Alta diversidade partidária
54380,"Frente Parlamentar Da Ciência, Tecnologia, Pesquisa E Inovação",206,20,0.1085,Alta diversidade partidária
54432,Frente Parlamentar Mista Em Defesa Da Advocacia Pública - Fpap,206,17,0.1002,Alta diversidade partidária
55647,"Frente Parlamentar Brasil-américa Latina, Caribe E África.",200,20,0.1463,Alta diversidade partidária
54469,"Frente Parlamentar De Cuidado Das Mães De Crianças E Adolescentes Com Deficiência, Autismo E Doenças Raras",221,20,0.0961,Alta diversidade partidária
54461,Frente Parlamentar De Valorização Do Clínico E Resgate Da Identidade Médica,207,21,0.1028,Alta diversidade partidária
54271,Frente Parlamentar Mista Do Empreendedorismo,202,20,0.1036,Alta diversidade partidária
53899,"Frente Parlamentar De Apoio As Santas Casas, Hospitais E Entidades Filantrópicas",249,21,0.0913,Alta diversidade partidária
54157,Frente Parlamentar Mista De Combate A Diabete,220,22,0.0872,Alta diversidade partidária
54016,Frente Parlamentar Pelo Livre Mercado,212,21,0.1096,Alta diversidade partidária
53990,Frente Parlamentar Do Congresso Nacional Em Defesa Das Pessoas Com Deficiência,195,21,0.0943,Alta diversidade partidária
54144,Frente Parlamentar Mista De Combate Ao Contrabando E A Falsificação,222,20,0.094,Alta diversidade partidária
53997,Frente Parlamentar Pela Luta Contra A Tuberculose,213,21,0.0881,Alta diversidade partidária
54489,Frente Parlamentar Mista Em Defesa Da Escola Pública,208,19,0.0823,Alta diversidade partidária
53996,Frente Parlamentar Da Saúde,205,21,0.0894,Alta diversidade partidária
54018,Frente Parlamentar Mista Pela Juventude,197,22,0.102,Alta diversidade partidária
54472,Frente Parlamentar Mista De Soberania E Segurança Alimentar E Nutricional E De Combate À Fome No Brasil,194,21,0.1418,Alta diversidade partidária
55641,Frente Parlamentar Conservadora Em Defesa Da Liberdade,192,16,0.2305,Média diversidade partidária
54384,Frente Parlamentar Para O Fortalecimento Da Cop-30 No Brasil,207,21,0.0902,Alta diversidade partidária
54077,Frente Parlamentar Mista Católica Apostólica Romana,207,21,0.1004,Alta diversidade partidária
54512,Frente Parlamentar Da Nefrologia (fpn),225,20,0.0946,Alta diversidade partidária
53910,Frente Parlamentar Da Agropecuária - Fpa,252,20,0.1018,Alta diversidade partidária
54495,Frente Parlamentar Em Defesa Dos Motoristas De Aplicativos - Fpma,216,18,0.1311,Alta diversidade partidária
54101,Frente Parlamentar Pela Duplicação E Conclusão Da Br 285,208,22,0.0891,Alta diversidade partidária
53985,Frente Parlamentar Mista Em Defesa Do Ensino Técnico E Profissionalizante - Frente Do Ensino Técnico,221,22,0.0881,Alta diversidade partidária
53962,Frente Parlamentar Mista De Combate Às Hepatites Virais,200,23,0.0931,Alta diversidade partidária
54240,Frente Parlamentar Em Apoio A Adoção No Brasil Do Ciclo Completo De Polícia,219,22,0.0908,Alta diversidade partidária
53930,Frente Parlamentar De Incentivo À Leitura,201,22,0.0905,Alta diversidade partidária
54406,Frente Parlamentar Mista Ambientalista,187,20,0.1494,Alta diversidade partidária
54421,Frente Parlamentar Mista Em Defesa Da Transição Climática Justa,204,20,0.0908,Alta diversidade partidária
54336,Frente Parlamentar Mista Em Prol Do Combate Às Doenças Cardiovasculares,200,18,0.1316,Alta diversidade partidária
54257,Frente Parlamentar Mista Pelo Fortalecimento Do Sus,187,21,0.1115,Alta diversidade partidária
55681,Frente Parlamentar Em Defesa Do Futebol Feminino,206,17,0.1114,Alta diversidade partidária
54379,Frente Parlamentar Mista Em Prol Da Luta Pela Prevenção De Cegueira - Fppc,201,20,0.1041,Alta diversidade partidária
54030,Frente Parlamentar Mista Da Suinocultura,214,21,0.0895,Alta diversidade partidária
54187,Frente Parlamentar Em Defesa Dos Povos Tradicionais De Matriz Africana,218,22,0.093,Alta diversidade partidária
54136,Frente Parlamentar Mista Do Agronegócio E Agricultura Familiar - Faaf,182,19,0.1083,Alta diversidade partidária
54013,Frente Parlamentar Em Defesa Da Amazônia,214,22,0.1146,Alta diversidade partidária
54088,Frente Parlamentar Mista Em Defesa Da Reforma Psiquiátrica E Da Luta Antimanicomial,203,21,0.1099,Alta diversidade partidária
55589,Frente Parlamentar Sobre O Limite Dos Juros E A Auditoria Integral Da Dívida Pública Com A Participação Popular,200,18,0.1359,Alta diversidade partidária
54264,Frente Parlamentar Mista Brasil Competitivo,198,21,0.0946,Alta diversidade partidária
54122,Frente Parlamentar Da Advocacia,204,22,0.0795,Alta diversidade partidária
54181,Frente Parlamentar Da Baixada Fluminense Do Rio De Janeiro,219,22,0.0967,Alta diversidade partidária
54222,Frente Parlamentar Mista Em Defesa Da Eletronorte,228,22,0.1022,Alta diversidade partidária
53963,Frente Parlamentar Mista Da Agricultura Familiar,202,20,0.0966,Alta diversidade partidária
54316,Frente Parlamentar De Combate Ao Câncer Infantil,217,20,0.1322,Alta diversidade partidária
54340,Frente Parlamentar Mista Do Biodiesel - Fpbio,204,20,0.1103,Alta diversidade partidária
54342,Frente Parlamentar Para O Fortalecimento Da Mulher,200,20,0.1064,Alta diversidade partidária
54444,Frente Parlamentar Mista Municipalista,221,19,0.0995,Alta diversidade partidária
54563,"Frente Parlamentar Em Apoio Ao Petróleo, Gás E Energia - Freppegen",293,20,0.1517,Média diversidade partidária
53905,Frente Parlamentar Mista Dos Portos Nacionais,198,21,0.0937,Alta diversidade partidária
54206,Frente Parlamentar Em Prol Da Iniciação Científica - Fpic,228,20,0.093,Alta diversidade partidária
54011,Frente Parlamentar Mista Pela Aprovação Do Marco Regulatório Dos Jogos No Brasil,206,21,0.0955,Alta diversidade partidária
55587,Frente Parlamentar Mista Em Defesa Da Exploração De Petróleo Na Margem Equatorial Do Brasil,191,20,0.1143,Alta diversidade partidária
55628,Frente Parlamentar Em Defesa Das Vítimas De Acidentes De Trânsito,208,18,0.109,Alta diversidade partidária
54515,Frente Parlamentar Mista Em Defesa Da Reforma Psiquiátrica E Da Luta Antimanicomial,189,19,0.143,Alta diversidade partidária
54329,Frente Parlamentar De Prevenção De Doenças Pulmonares Graves,202,21,0.0951,Alta diversidade partidária
54327,Frente Parlamentar Dos Portos Nacionais E Transportes Aquaviários,203,20,0.1033,Alta diversidade partidária
54036,Frente Parlamentar Mista Pela Conclusão Da Br 470 - Rio Grande Do Sul,220,22,0.0902,Alta diversidade partidária
54098,Frente Parlamentar Da Odontologia,232,22,0.0944,Alta diversidade partidária
54027,Frente Parlamentar Em Defesa Dos Municípios Produtores De Petróleo,205,22,0.0934,Alta diversidade partidária
54033,Frente Parlamentar Mista De Incentivo À Geração De Eletricidade Por Meio De Energias Renováveis,208,22,0.093,Alta diversidade partidária
53935,Frente Parlamentar Mista Dos Municípios Produtores De Água,205,22,0.0949,Alta diversidade partidária
53918,Frente Parlamentar Mista Em Defesa Do Consumidor,199,21,0.0892,Alta diversidade partidária
54229,Frente Parlamentar Mista Em Defesa Dos Povos E Comunidades Tradicionais Com Participação Popular,213,23,0.0864,Alta diversidade partidária
54196,Frente Parlamentar Mista Pelo Pacto Nacional Contra As Fake News (divulgação De Notícias Falsas),197,23,0.0993,Alta diversidade partidária
53924,Frente Parlamentar Brasil Japão,207,21,0.0882,Alta diversidade partidária
54072,Frente Parlamentar De Combate Ao Suicídio E Automutilação No Brasil,210,22,0.0751,Alta diversidade partidária
53936,Frente Parlamentar Mista Para Investimentos Federais Na Educação,209,22,0.0935,Alta diversidade partidária
55634,Frente Parlamentar Em Defesa Das Universidades Públicas,204,18,0.1371,Alta diversidade partidária
54366,Frente Parlamentar Em Defesa Do Esporte Escolar E Universitário,230,21,0.0971,Alta diversidade partidária
54189,Frente Parlamentar Em Defesa Da Sustentabilidade Dos Regimes Próprios De Previdência Social E Da Competitividade Do Mercado De Capitais,213,22,0.0877,Alta diversidade partidária
54564,Frente Parlamentar Pela Defesa E Valorização Dos Profissionais De Segurança Pública E Da Segurança Privada,205,19,0.1541,Média diversidade partidária
55571,Frente Parlamentar Mista De Apoio À Emancipação De Distritos No Brasil,199,18,0.092,Alta diversidade partidária
53998,Frente Parlamentar Luz Para Todos E Universalização Do Sistema Elétrico,214,23,0.083,Alta diversidade partidária
54064,Frente Parlamentar Em Defesa Da Liberdade Religiosa E Da Cultura De Paz,209,22,0.0947,Alta diversidade partidária
55651,Frente Parlamentar Esg Na Prática Do Congresso Nacional (fpesg),193,17,0.1448,Alta diversidade partidária
54373,Frente Parlamentar Em Defesa Dos Usuários Do Sistema Único De Saúde,201,19,0.0873,Alta diversidade partidária
55580,Frente Parlamentar Mista Pelo Combate Às Desigualdades,188,19,0.1537,Média diversidade partidária
54167,Frente Parlamentar Mista Em Defesa Da Soberania Nacional,241,22,0.1037,Alta diversidade partidária
54178,Frente Parlamentar Mista Em Defesa Dos Serviços De Ambulância,199,23,0.0895,Alta diversidade partidária
54252,Frente Parlamentar Em Defesa Do Plano Nacional De Educação,211,22,0.0961,Alta diversidade partidária
53917,Frente Parlamentar Mista Da Medicina,243,22,0.0861,Alta diversidade partidária
54345,Frente Parlamentar Parlamentar Para A Modernização Do Futebol Brasileiro,186,21,0.0804,Alta diversidade partidária
55604,Frente Parlamentar Mista Em Apoio Ao Acolhimento Humanitário De Migrantes Transnacionais E Refugiados,197,17,0.1617,Média diversidade partidária
54118,Frente Parlamentar Mista De Apoio Ao Protagonismo Infantojuvenil,209,21,0.0868,Alta diversidade partidária
54235,Frente Parlamentar Mista Para O Desenvolvimento Regional Sustentável,279,22,0.0826,Alta diversidade partidária
54034,"Frente Parlamentar Em Defesa Dos Trabalhadores Ativos, Aposentados E Pensionistas Da Petrobrás",197,22,0.0921,Alta diversidade partidária
54105,Frente Parlamentar Popular Em Defesa Das Favelas,207,20,0.0966,Alta diversidade partidária
54054,Frente Parlamentar Mista De Apoio A Habitação Rural/entidades,189,21,0.0939,Alta diversidade partidária
53956,Frente Parlamentar Mista Em Defesa Da Indústria Marítima Brasileira,206,22,0.1027,Alta diversidade partidária
54348,Frente Parlamentar Mista Da Agricultura Familiar,209,20,0.1052,Alta diversidade partidária
55575,Frente Parlamentar Mista De Apoio Ao Sistema Nacional De Fomento Para O Financiamento Do Desenvolvimento,200,20,0.0949,Alta diversidade partidária
54314,Frente Parlamentar Mista Em Defesa Da Advocacia,204,21,0.1073,Alta diversidade partidária
54010,Frente Parlamentar Evangélica Do Congresso Nacional,204,19,0.1203,Alta diversidade partidária
54213,Frente Parlamentar Pela Defesa E Valorização Dos Profissionais Da Segurança Pública E Da Segurança Privada,219,22,0.0922,Alta diversidade partidária
54212,Frente Parlamentar Em Defesa Da Radiodifusão,259,21,0.0875,Alta diversidade partidária
54503,Frente Parlamentar Mista Em Defesa Do Setor Coureiro - Calçadista,207,19,0.1155,Alta diversidade partidária
54471,Frente Parlamentar Mista Em Defesa Do Trânsito Seguro,202,19,0.0904,Alta diversidade partidária
54038,Frente Parlamentar Mista Pela Valorização Das Universidades Federais,201,23,0.11,Alta diversidade partidária
55669,Frente Parlamentar Mista Do Jogo Responsável,201,17,0.1136,Alta diversidade partidária
54358,Frente Parlamentar Em Defesa Da Cadeia Produtiva Da Reciclagem No Brasil,212,20,0.1019,Alta diversidade partidária
54317,Frente Parlamentar Da Segurança Pública,269,18,0.1582,Média diversidade partidária
54306,Frente Parlamentar Do Café,211,21,0.1179,Alta diversidade partidária
54344,Frente Parlamentar Mista De Apoio E Fortalecimento Das Defensorias Públicas Dos Estados E Da União,206,20,0.1053,Alta diversidade partidária
53993,"Frente Parlamentar Do Comércio, Serviços E Empreendedorismo - Fcs",198,20,0.0878,Alta diversidade partidária
55667,Frente Parlamentar De Representação Dos Importadores E Comércio Internacional,200,21,0.1036,Alta diversidade partidária
54024,Frente Parlamentar Em Defesa Dos Policiais Militares E Bombeiros Militares - Fpdpmbm,200,19,0.1025,Alta diversidade partidária
53929,Frente Parlamentar Da Justiça Notarial E Registral,333,22,0.0945,Alta diversidade partidária
53944,Frente Parlamentar Em Apoio À Indústria Da Construção Civil E Do Mercado Imobiliário,201,21,0.0919,Alta diversidade partidária
54322,Frente Parlamentar Mista Em Defesa Da Mulher Vítima De Violência Doméstica,206,20,0.0973,Alta diversidade partidária
54142,Frente Parlamentar Mista De Apoio Aos Parques Tecnológicos - Fpate,220,20,0.0892,Alta diversidade partidária
54044,Frente Parlamentar Do Cooperativismo (frencoop),261,23,0.0891,Alta diversidade partidária
54112,Frente Parlamentar Mista Em Defesa Dos Direitos Humanos E Pela Justiça Social,205,20,0.0921,Alta diversidade partidária
54467,Frente Parlamentar Mista Em Defesa E Valorização Dos Servidores Da Segurança Pública Civil,209,20,0.1077,Alta diversidade partidária
54107,Frente Parlamentar Mista Da Apicultura E Meliponicultura,257,22,0.0941,Alta diversidade partidária
54214,Frente Parlamentar Mista Em Defesa Da Vida Dos Agentes De Segurança Pública,209,22,0.0945,Alta diversidade partidária
55692,Frente Parlamentar Em Defesa Da Oftalmologia - Fpof,195,19,0.1075,Alta diversidade partidária
55586,Frente Parlamentar Em Defesa Dos Conselheiros Tutelares,202,19,0.0924,Alta diversidade partidária
54169,Frente Parlamentar Mista Em Apoio Ao Carvão Mineral,193,21,0.0924,Alta diversidade partidária
54507,Frente Parlamentar Da Endometriose,207,20,0.0984,Alta diversidade partidária
55566,Frente Parlamentar Mista Em Defesa Da Polícia Rodoviária Federal,204,20,0.0923,Alta diversidade partidária
54343,Frente Parlamentar Parlamentar Mista Da Agricultura Familiar E Desenvolvimento Rural Sustentável (fpaf),206,20,0.087,Alta diversidade partidária
53938,Frente Parlamentar Mista Em Defesa Dos Correios,213,19,0.0962,Alta diversidade partidária
53890,Frente Parlamentar Da Segurança Pública,307,22,0.1015,Alta diversidade partidária
54156,Frente Parlamentar Mista Em Defesa Da Economia Solidária,212,22,0.1056,Alta diversidade partidária
54109,Frente Parlamentar Da Indústria Pública De Medicamentos,223,22,0.0923,Alta diversidade partidária
53933,Frente Parlamentar Mista De Manutenção Das Unidades De Saúde,212,22,0.0906,Alta diversidade partidária
54163,Frente Parlamentar Mista De Prevenção Ao Suicídio E Valorização Da Vida,217,22,0.0845,Alta diversidade partidária
54449,Frente Parlamentar Mista Da Saúde,190,21,0.096,Alta diversidade partidária
54500,Frente Parlamentar Em Defesa Do Sistema De Modelagem Da Informação Da Construção (fpbim),203,21,0.0998,Alta diversidade partidária
53952,Frente Parlamentar Em Defesa Da Polícia Federal,212,21,0.0973,Alta diversidade partidária
54145,Frente Parlamentar Mista Em Apoio Aos Objetivos De Desenvolvimentos Sustentáveis Da Onu - Ods,209,22,0.1063,Alta diversidade partidária
54233,Frente Parlamentar Mista Para O Programa Espacial Brasileiro - Fpmpeb,185,23,0.0898,Alta diversidade partidária
54463,"Frente Parlamentar Mista Em Defesa Dos Agentes Comunitários De Saúde, E Dos Agentes De Combate Às Endemias.",197,19,0.0925,Alta diversidade partidária
55702,Frente Parlamentar De Combate À Violência Em Ambiente Digital Contra Crianças E Adolescentes,198,18,0.1002,Alta diversidade partidária
54521,Frente Parlamentar Mista Em Defesa Da Amazônia,199,20,0.0819,Alta diversidade partidária
54305,Frente Parlamentar Em Defesa Das Cirurgias Eletivas,204,20,0.113,Alta diversidade partidária
54412,Frente Parlamentar Em Defesa Da Cirurgia Reparadora De Pessoas Com Fissura Labiopalatina,208,20,0.0963,Alta diversidade partidária
55597,Frente Parlamentar Da Longevidade,206,19,0.1138,Alta diversidade partidária
54539,Frente Parlamentar Do Táxi,182,18,0.0993,Alta diversidade partidária
54037,Frente Parlamentar Mista Pela Conclusão Da Br 285 - Ligação Município De São José Dos Ausentes-rs Ao Estado De Santa Catarina,214,22,0.0915,Alta diversidade partidária
55640,Frente Parlamentar Mista Do Cooperativismo De Seguros E Do Mutualismo De Proteção Patrimonial - Frepam,203,20,0.1154,Alta diversidade partidária
54370,Frente Parlamentar Mista Da Tecnologia E Atividades Nucleares (fpn),207,21,0.101,Alta diversidade partidária
54557,Frente Parlamentar Em Defesa Da Educação Sem Doutrinação Ideológica - Fpde,185,15,0.2497,Média diversidade partidária
54311,Frente Parlamentar Mista Em Defesa Do Serviço Público,191,19,0.0921,Alta diversidade partidária
54556,"Frente Parlamentar Mista Pela Defesa Do Sistema De Proteção Social E Valorização Dos Agentes Comunitários De Saúde E Dos Agentes De Combate Às Endemias, Acs E Ace",211,18,0.1018,Alta diversidade partidária
53955,Frente Parlamentar Mista Da Agricultura Familiar - Fpaf,207,22,0.0929,Alta diversidade partidária
54323,Frente Parlamentar Da Agropecuária - Fpa,342,20,0.1317,Alta diversidade partidária
54428,"Frente Parlamentar Mista Pela Duplicação Da Br-304 Ligando Natal, No Rio Grande Do Norte, A Russas, No Ceará",210,17,0.1814,Média diversidade partidária
53920,"Frente Parlamentar Mista Em Defesa Das Apaes, Das Pestalozzis E De Entidades Coirmãs",209,22,0.0959,Alta diversidade partidária
54132,Frente Parlamentar Mista Em Defesa Dos Portos Do Norte Do Brasil,196,20,0.0935,Alta diversidade partidária
54004,Frente Parlamentar Armamentista - Fpar,205,20,0.1241,Alta diversidade partidária
54304,Frente Parlamentar Mista Em Defesa Da Doação De Órgãos E Tecidos,224,21,0.103,Alta diversidade partidária
55680,Frente Parlamentar Mista Da Valorização E Defesa Dos Direitos Das Pessoas Com Nanismo,196,19,0.1005,Alta diversidade partidária
54456,Frente Parlamentar Mista Em Prol Do Semiárido,209,16,0.1834,Média diversidade partidária
54312,Frente Parlamentar Mista Em Defesa Do Gerenciamento E Gestão Integrada De Resíduos Sólidos,202,21,0.0978,Alta diversidade partidária
54012,Frente Parlamentar Ambientalista,218,22,0.0833,Alta diversidade partidária
55700,Frente Parlamentar Mista Pela Integração Sul-americana,193,19,0.0968,Alta diversidade partidária
54070,"Frente Parlamentar Dos Atacadistas, Supermercados E Similares",222,20,0.0947,Alta diversidade partidária
53913,Frente Parlamentar Da Habitação E Desenvolvimento Urbano Do Congresso Nacional,212,22,0.0877,Alta diversidade partidária
54401,Frente Parlamentar Em Defesa Da Radiodifusão,231,20,0.1144,Alta diversidade partidária
54062,Frente Parlamentar Mista De Enfrentamento À Violência Nas Escolas,207,21,0.1052,Alta diversidade partidária
54140,Frente Parlamentar Mista Em Defesa Da Reforma Tributária Solidária,209,21,0.0932,Alta diversidade partidária
54040,"Frente Parlamentar Em Defesa Da Conclusão Das Obras De Duplicação Da Br-116, Trecho Guaíba - Pelotas/rs",198,22,0.0852,Alta diversidade partidária
54353,Frente Parlamentar Em Apoio Ao Produtor De Leite,210,18,0.1284,Alta diversidade partidária
53959,Frente Parlamentar Mista De Apoio Ao Programa Antártico Brasileiro,293,22,0.0949,Alta diversidade partidária
53995,"Frente Parlamentar Em Defesa Do Banco Do Nordeste, Sudene, Dnocs, Codefasf E Chesf",207,20,0.0843,Alta diversidade partidária
54097,Frente Parlamentar Em Defesa Da Extensão Da Br-448,220,21,0.088,Alta diversidade partidária
54089,Frente Parlamentar Mista De Energias Renováveis - Fpe,195,21,0.0963,Alta diversidade partidária
54065,Frente Parlamentar Mista Em Defesa Das Universidades Comunitárias,220,22,0.0885,Alta diversidade partidária
54477,Frente Parlamentar Evangélica Do Congresso Nacional,232,17,0.1847,Média diversidade partidária
54031,"Frente Parlamentar Mista Em Defesa Do Nióbio Das Pedras Preciosas, Semipreciosas E Grafeno - Frente Do Nióbio/grafeno",223,20,0.0962,Alta diversidade partidária
54533,Frente Parlamentar Mista Brasil-áfrica Com Participação Popular De Enfrentamento Ao Racismo,196,19,0.1392,Alta diversidade partidária
54180,Frente Parlamentar Mista Em Defesa Do Cinema E Do Audiovisual Brasileiros,248,21,0.0927,Alta diversidade partidária
54153,Frente Parlamentar De Apoio Aos Conselhos Profissionais De Classe,221,20,0.0943,Alta diversidade partidária
54166,Frente Parlamentar Mista Em Defesa Do Desenvolvimento Econômico-social Da Região Sul Do Brasil,214,21,0.0883,Alta diversidade partidária
54253,Frente Parlamentar Mista Pela Adoção E Convivência Familiar,224,21,0.0933,Alta diversidade partidária
54307,Frente Parlamentar Mista Do Transporte Público,203,19,0.0982,Alta diversidade partidária
54457,Frente Parlamentar Mista Em Defesa Do Profissional Nutricionista,202,20,0.0887,Alta diversidade partidária
54003,Frente Parlamentar Mista Brasil 200,196,17,0.1245,Alta diversidade partidária
54043,Frente Parlamentar Mista De Apoio Ao Escotismo No Brasil - Fpmaeb,231,22,0.0789,Alta diversidade partidária
53999,Frente Parlamentar Mista Em Defesa Dos Direitos Dos Povos Indígenas,210,22,0.1029,Alta diversidade partidária
54485,Frente Parlamentar Em Defesa Da Previdência Social Pública,186,19,0.1121,Alta diversidade partidária
54562,Frente Parlamentar Em Defesa Dos Municípios Da Amazônia Legal,203,20,0.0998,Alta diversidade partidária
54397,Frente Parlamentar Brasil-eua,204,20,0.1079,Alta diversidade partidária
54177,Frente Parlamentar De Proteção E Defesa Civil,234,21,0.087,Alta diversidade partidária
54225,Frente Parlamentar Mista Em Defesa Da Reforma Urbana E Dos Movimentos De Luta Por Moradia,204,20,0.1178,Alta diversidade partidária
54427,Frente Parlamentar Em Defesa Da Br-364,202,18,0.1407,Alta diversidade partidária
54499,Frente Parlamentar Em Defesa Dos Lotéricos,202,18,0.1027,Alta diversidade partidária
53961,Frente Parlamentar Em Defesa Da Educação Básica E Alfabetização No Brasil,207,22,0.0984,Alta diversidade partidária
54498,Frente Parlamentar Do Empreendedorismo Paulista,198,20,0.1086,Alta diversidade partidária
54453,Frente Parlamentar Em Defesa Da Segurança Nas Escolas,229,20,0.1144,Alta diversidade partidária
55569,Frente Parlamentar Da Economia Popular E Solidária,214,19,0.1291,Alta diversidade partidária
54493,Frente Parlamentar De Enfrentamento À Pedofilia,203,20,0.1011,Alta diversidade partidária
54223,Frente Parlamentar Em Defesa Dos Oficiais De Justiça,215,22,0.0881,Alta diversidade partidária
54009,Frente Parlamentar Mista Em Defesa Do Saneamento Básico,209,22,0.0907,Alta diversidade partidária
53958,Frente Parlamentar Em Defesa Dos Direitos Dos Idosos,197,23,0.0924,Alta diversidade partidária
54528,Frente Parlamentar Do Norte,221,19,0.0982,Alta diversidade partidária
54313,Frente Parlamentar Em Defesa Do Esporte,200,21,0.0878,Alta diversidade partidária
54483,Frente Parlamentar De Luta Contra A Tuberculose,214,20,0.0922,Alta diversidade partidária
55711,Frente Parlamentar Mista Do Ambiente De Negócios (fpn),204,19,0.1169,Alta diversidade partidária
55595,Frente Parlamentar Mista Em Defesa Dos Correios,184,18,0.1562,Média diversidade partidária
54326,Frente Parlamentar Católica Apostólica Romana,218,20,0.1247,Alta diversidade partidária
53939,Frente Parlamentar Mista Em Defesa Das Comunidades Terapêuticas E Apac's,181,21,0.094,Alta diversidade partidária
54217,Frente Parlamentar Do Programa Nacional De Imunizações,213,23,0.0794,Alta diversidade partidária
54302,Frente Parlamentar Da Juventude,198,19,0.1103,Alta diversidade partidária
54458,Frente Parlamentar Mista Para Promoção Da Saúde Mental,200,21,0.0934,Alta diversidade partidária
54514,Frente Parlamentar Mista Em Defesa Dos Direitos Da População Em Situação De Rua,196,19,0.1418,Alta diversidade partidária
55670,Frente Parlamentar Mista Pela Democratização Do Crédito E Serviços Financeiros,196,17,0.1678,Média diversidade partidária
54103,Frente Parlamentar Do Alho,212,22,0.0914,Alta diversidade partidária
54197,Frente Parlamentar Mista Em Defesa Da Casa Da Moeda,229,21,0.0978,Alta diversidade partidária
54328,"Frente Parlamentar Mista Em Defesa Da Lavoura Cacaueira, Da Ceplac E Do Cacau Cabruca",204,20,0.0858,Alta diversidade partidária
53908,Frente Parlamentar Em Defesa Dos Direitos Das Pessoas Com Transtorno Do Espectro Autista,236,23,0.0854,Alta diversidade partidária
54108,Frente Parlamentar Mista Do Biodiesel,203,21,0.0899,Alta diversidade partidária
54347,Frente Parlamentar Mista De Defesa Da Pesca Artesanal,200,19,0.105,Alta diversidade partidária
53914,Frente Parlamentar Em Defesa Do Nordeste,201,21,0.0896,Alta diversidade partidária
54069,Frente Parlamentar Mista Do Transporte Público -fpmtp,211,20,0.0871,Alta diversidade partidária
53937,Frente Parlamentar Mista De Infraestrutura Viária E Mobilidade Urbana,208,22,0.0917,Alta diversidade partidária
54039,Frente Parlamentar Mista De Apoio Ao Mercado Imobiliário,214,20,0.0883,Alta diversidade partidária
54243,Frente Parlamentar Mista Em Defesa Da Cadeia Produtiva Do Coco,215,22,0.0869,Alta diversidade partidária
54425,Frente Parlamentar Em Defesa Da Gestão E Revitalização Do Rio São Francisco,205,20,0.135,Alta diversidade partidária
54409,Frente Parlamentar Em Defesa Da Regularização Fundiária Rural No Brasil,207,19,0.1071,Alta diversidade partidária
54338,Frente Parlamentar Dos Recicladores Do Brasil,210,21,0.0868,Alta diversidade partidária
55660,Frente Parlamentar De Combate À Ludopatia E De Proteção De Crianças E Adolescentes Contra Os Riscos Das Apostas E Jogos De Azar.,200,18,0.1909,Média diversidade partidária
54519,Frente Parlamentar Mista Pela Transparência Pública,230,20,0.0976,Alta diversidade partidária
54375,Frente Parlamentar Mista Em Defesa Da Produção Cultural E Entretenimento,210,20,0.0864,Alta diversidade partidária
54045,Frente Parlamentar De Segurança Alimentar E Nutricional - Fpsan,185,21,0.107,Alta diversidade partidária
54028,Frente Parlamentar Em Defesa Da Regularização Fundiária Rural,208,21,0.0926,Alta diversidade partidária
54026,Frente Parlamentar Do Café,204,22,0.0904,Alta diversidade partidária
54239,Frente Parlamentar Em Apoio Ao Bambu - Frente Do Bambu,215,22,0.0922,Alta diversidade partidária
54263,Frente Parlamentar Em Defesa Das Energias Renováveis - Fer,205,22,0.0847,Alta diversidade partidária
54320,Frente Parlamentar Mista De Combate À Corrupção,199,18,0.208,Média diversidade partidária
55653,Frente Parlamentar Mista Dos Correspondentes Bancários,203,21,0.1087,Alta diversidade partidária
54333,Frente Parlamentar Mista Contra O Aborto E Em Defesa Da Vida,190,15,0.2348,Média diversidade partidária
54547,Frente Parlamentar Em Defesa Das Cooperativas E Pequenos Laticínios Do Brasil Com Leite Nacional E Da Pecuária Leiteira Brasileira (fpdcplb),214,17,0.1502,Média diversidade partidária
54190,Frente Parlamentar Mista Pela Contagem Pública Dos Votos (escrutínio Público Do Voto),187,19,0.1042,Alta diversidade partidária
54188,Frente Parlamentar Em Defesa Da Educação No Trânsito E Formação Dos Condutores,196,20,0.1022,Alta diversidade partidária
53928,Frente Parlamentar Mista Pelos Direitos Das Pessoas Com Parkinson,216,20,0.0942,Alta diversidade partidária
55594,"Frente Parlamentar Mista De Fiscalização, Integridade E Transparência - Fit",201,19,0.1391,Alta diversidade partidária
54545,Frente Parlamentar Mista Da Economia Verde,208,21,0.0839,Alta diversidade partidária
54513,Frente Parlamentar Pelo Fortalecimento Do Samu - Serviço De Atendimento Móvel De Urgência.,209,19,0.1146,Alta diversidade partidária
53984,Frente Parlamentar Mista Em Defesa Dos Consumidores De Energia Elétrica,194,22,0.0812,Alta diversidade partidária
54198,Frente Parlamentar Em Defesa Do Sistema De Modelagem Da Informação Da Construção - Bim,199,20,0.0903,Alta diversidade partidária
53975,"Frente Parlamentar Em Defesa Dos Institutos Federais De Educação, Ciência E Tecnologia",215,21,0.0888,Alta diversidade partidária
54426,Frente Parlamentar Mista Do Novo Pacto Federativo Em Defesa Dos Municípios Brasileiros,195,21,0.0989,Alta diversidade partidária
54496,Frente Parlamentar Mista De Enfrentamento As Ist/hiv/aids E Hepatites Virais,201,19,0.1242,Alta diversidade partidária
53992,"Frente Parlamentar Mista Pela Competitividade Da Cadeia Produtiva Do Setor Químico, Petroquímico E De Plástico",236,21,0.0835,Alta diversidade partidária
54460,Frente Parlamentar Mista José Alencar Para O Desenvolvimento Da Indústria Têxtil E De Confecção Do Brasil,186,18,0.1121,Alta diversidade partidária
54520,Frente Parlamentar Em Defesa Das Zonas De Processamento De Exportação - Zpe Com Vista Ao Seu Desenvolvimento E Aprimoramento No Marco Legal,206,20,0.1326,Alta diversidade partidária
54480,Frente Parlamentar Mista Pela Inovação Na Bioeconomia - Fpbioeconomia,189,20,0.1084,Alta diversidade partidária
54084,Frente Parlamentar Mista Em Defesa Da Indústria Brasileira De Bebidas,210,21,0.0944,Alta diversidade partidária
54185,Frente Parlamentar Brasil-eua,270,21,0.0921,Alta diversidade partidária
53987,Frente Parlamentar Em Defesa Do Sistema Único De Assistência Social (suas),201,22,0.0833,Alta diversidade partidária
53923,Frente Parlamentar Mista Em Defesa Dos Estados Sede De Usinas Hidrelétricas,204,23,0.0822,Alta diversidade partidária
54128,Frente Parlamentar Mista Em Defesa Da Eletrosul,203,22,0.0948,Alta diversidade partidária
54315,Frente Parlamentar Mista Em Defesa Do Consumidor,207,19,0.0995,Alta diversidade partidária
55639,Frente Parlamentar Em Defesa Da Liberdade De Expressão - Fpdle,198,17,0.2081,Média diversidade partidária
54494,"Frente Parlamentar Para A Defesa Do Susp (sistema Único De Segurança Pública) E Desburocratização Na Alocação E Execução Dos Recursos Em Prol Dos Estados, Do Fundo Nacional De Segurança Pública",198,19,0.1455,Alta diversidade partidária
54356,Frente Parlamentar Em Defesa Do Nordeste,200,20,0.1021,Alta diversidade partidária
54298,Frente Parlamentar Em Defesa Da Saúde Mental E Emocional,198,18,0.1117,Alta diversidade partidária
54232,Frente Parlamentar Mista Da Reforma Administrativa,221,22,0.0967,Alta diversidade partidária
53979,Frente Parlamentar Mista Dos Consórcios Públicos,259,22,0.0881,Alta diversidade partidária
54558,Frente Parlamentar Mista Em Apoio Aos Objetivos De Desenvolvimento Sustentável Da Onu - Ods,195,18,0.138,Alta diversidade partidária
54410,Frente Parlamentar Mista De Promoção E Defesa Dos Direitos Da Criança E Adolescente,216,20,0.1244,Alta diversidade partidária
53994,Frente Parlamentar Em Defesa Da Indústria Da Música,226,22,0.0899,Alta diversidade partidária
54032,Frente Parlamentar Mista José Alencar Para O Desenvolvimento Da Indústria Têxtil E De Confecção,211,22,0.0866,Alta diversidade partidária
54104,Frente Parlamentar Mista Em Defesa Do Caminhoneiro Autônomo E Celetista,236,22,0.087,Alta diversidade partidária
53902,Frente Parlamentar Mista Em Defesa Do Turismo - Frentur,227,20,0.0879,Alta diversidade partidária
54058,Frente Parlamentar Com Participação Popular Feminista E Antirracista,213,22,0.1004,Alta diversidade partidária
54479,Frente Parlamentar Mista Para Garantia Do Direito À Identidade,200,20,0.0887,Alta diversidade partidária
55638,Frente Parlamentar Mista Da Causa Qesa,209,20,0.1194,Alta diversidade partidária
54555,Frente Parlamentar Do Mercosul,198,20,0.1316,Alta diversidade partidária
53919,Frente Parlamentar Em Defesa Da Água No Nordeste,213,20,0.0948,Alta diversidade partidária
54497,Frente Parlamentar Mista Em Apoio Ao Bambu - Frente Do Bambu,199,19,0.1409,Alta diversidade partidária
55583,Frente Parlamentar Mista Dos Estados Da Amazônia Legal,194,19,0.1077,Alta diversidade partidária
55588,Frente Parlamentar Em Defesa Da Soberania Nacional,200,21,0.1467,Alta diversidade partidária
54266,Frente Parlamentar Dos Transplantes,235,22,0.104,Alta diversidade partidária
54168,Frente Parlamentar De Enfrentamento Às Drogas,202,21,0.1078,Alta diversidade partidária
54121,Frente Parlamentar Em Defesa Dos Agentes Comunitários De Saúde,207,22,0.0898,Alta diversidade partidária
53893,Frente Parlamentar Mista Da Primeira Infância,236,22,0.0894,Alta diversidade partidária
54194,Frente Parlamentar Mista Em Defesa Da Prevenção De Queimaduras E Atenção Global Ao Paciente Queimado,201,23,0.0816,Alta diversidade partidária
55573,Frente Parlamentar Em Defesa Da Arte E Cultura Periférica,190,19,0.1557,Média diversidade partidária
54560,"Frente Parlamentar Mista Em Defesa Da Criança, Do Adolescentes E Dos Conselhos Tutelares",199,20,0.1086,Alta diversidade partidária
54535,Frente Parlamentar Em Defesa Dos Trabalhadores Por Aplicativo,199,18,0.1461,Alta diversidade partidária
54352,Frente Parlamentar Mista Em Defesa Dos Cuidados Paliativos,198,21,0.0887,Alta diversidade partidária
54052,Frente Parlamentar Da Prevenção E Combate Ao Câncer Infantil,218,20,0.0881,Alta diversidade partidária
54135,Frente Parlamentar Mista Em Defesa Das Associações Comerciais Do Brasil,204,21,0.089,Alta diversidade partidária
54087,Frente Parlamentar Mista Em Defesa Da Petrobrás,202,20,0.1187,Alta diversidade partidária
54017,Frente Parlamentar Em Defesa Da Conclusão Das Obras Públicas Inacabadas,200,23,0.0837,Alta diversidade partidária
54096,Frente Parlamentar Pela Preservação Da Soberania Energética Nacional Mantendo E Fortalecendo As Concessionárias Públicas De Energia Elétrica,203,21,0.0935,Alta diversidade partidária
54208,Frente Parlamentar Do Terceiro Setor E Filantropia,231,22,0.0879,Alta diversidade partidária
54080,Frente Parlamentar Mista Da Mineração,234,21,0.0948,Alta diversidade partidária
54176,Frente Parlamentar Mista Internacional Humanitária Pela Paz Mundial (fremhpaz),197,22,0.0895,Alta diversidade partidária
54071,Frente Parlamentar Em Defesa Da Cruz Vermelha,231,22,0.0927,Alta diversidade partidária
55688,Frente Parlamentar Mista Em Defesa Das Universidades Públicas Estaduais E Municipais,198,18,0.0935,Alta diversidade partidária
54339,"Frente Parlamentar Mista Pela Competitividade Da Cadeia Produtiva Do Setor Químico, Petroquímico E De Plástico E Da Química Fina",207,22,0.088,Alta diversidade partidária
54385,Frente Parlamentar Mista Em Defesa Do Ensino Técnico E Profissionalizante - Frente Do Ensino Técnico,201,18,0.1428,Alta diversidade partidária
55636,Frente Parlamentar Mista Para A Defesa E Valorização Das Polícias Institucionais,201,19,0.121,Alta diversidade partidária
54047,Frente Parlamentar Mista De Apoio Ao Jovem Aprendiz,230,22,0.0841,Alta diversidade partidária
54548,"Frente Parlamentar Da Engenharia, Infraestrutura E Desenvolvimento Nacional",197,19,0.0857,Alta diversidade partidária
54299,Frente Parlamentar Em Defesa Dos Direitos Dos Idosos,198,19,0.112,Alta diversidade partidária
53968,Frente Parlamentar Mista Nacional Da Silvicultura - Fps,219,21,0.0876,Alta diversidade partidária
54550,Frente Parlamentar Mista Brasil - Portugal,207,20,0.1019,Alta diversidade partidária
54195,Frente Parlamentar Mista Em Defesa Dos Criadores De Animais De Estimação,224,23,0.0805,Alta diversidade partidária
55697,Frente Parlamentar Mista Em Defesa Dos Vereadores E Das Câmaras Municipais,204,19,0.1107,Alta diversidade partidária
54237,Frente Parlamentar Mista Em Defesa Das Centrais Geradoras Hidrelétricas (cghs) E Das Pequenas Centrais Hidrelétricas (pchs),214,21,0.1027,Alta diversidade partidária
54221,Frente Parlamentar Mista Dos Aplicativos De Transporte,206,22,0.0881,Alta diversidade partidária
54090,Frente Parlamentar Mista Da Marinha Mercante Brasileira,199,21,0.1008,Alta diversidade partidária
54540,Frente Parlamentar Mista Para O Desenvolvimento Da Navegação Interior,203,20,0.1007,Alta diversidade partidária
54220,"Frente Parlamentar Mista Em Defesa Da Finep, Do Desenvolvimento Da Ciência, Da Pesquisa E Da Inovação",299,23,0.0823,Alta diversidade partidária
54164,Frente Parlamentar Em Defesa Dos Direitos Da População Em Situação De Rua,201,22,0.1039,Alta diversidade partidária
54398,Frente Parlamentar Mista Da Economia E Cidadania Digitais (frente Digital),223,20,0.1132,Alta diversidade partidária
54470,Frente Parlamentar Em Defesa Das Estradas E Rodovias,199,20,0.1063,Alta diversidade partidária
54532,Frente Parlamentar Em Defesa Da Carnaúba,203,20,0.0902,Alta diversidade partidária
54259,Frente Parlamentar Em Defesa Da Desoneração Da Folha De Pagamento,195,21,0.0936,Alta diversidade partidária
54075,Frente Parlamentar Em Defesa Da Ciclomobilidade,212,22,0.0893,Alta diversidade partidária
54295,Frente Parlamentar Mista Da Inovação E Tecnologias Em Saúde Para Doenças Raras,183,18,0.1242,Alta diversidade partidária
54554,Frente Parlamentar Mista Da Economia Criativa - Fecriativa,185,19,0.0996,Alta diversidade partidária
54289,Frente Parlamentar Mista Das Micro E Pequenas Empresas,202,17,0.1714,Média diversidade partidária
54388,Frente Parlamentar Mista Em Defesa Da Indústria E Comércio De Moto Peças,204,20,0.0997,Alta diversidade partidária
54452,Frente Parlamentar Em Defesa Do Secretário Parlamentar E Cargos De Natureza Especiais,199,19,0.1185,Alta diversidade partidária
54224,Frente Parlamentar Mista Em Defesa Da Prisão Em Segunda Instância,184,19,0.1089,Alta diversidade partidária
54051,Frente Parlamentar Mista Em Prol Do Semiárido,194,20,0.1092,Alta diversidade partidária
54261,Frente Parlamentar Da Câmara Dos Deputados Brasil - Bolívia.,214,20,0.0917,Alta diversidade partidária
53989,Frente Parlamentar Em Defesa Da Polícia Rodoviária Federal,254,22,0.0893,Alta diversidade partidária
54270,Frente Parlamentar De Prevenção De Doenças Pulmonares Graves,198,21,0.0886,Alta diversidade partidária
54442,Frente Parlamentar De Prevenção De Desastres E Apoio Humanitário,199,21,0.0914,Alta diversidade partidária
54242,Frente Parlamentar Em Defesa Da Mulher Advogada Fpdma,210,23,0.0922,Alta diversidade partidária
53897,Frente Parlamentar Mista Em Defesa Do Pacto Federativo,204,21,0.0923,Alta diversidade partidária
54182,Frente Parlamentar Em Defesa Das Pessoas Desaparecidas,209,22,0.0818,Alta diversidade partidária
53967,"Frente Parlamentar Para Modernização Do Centro De Lançamento De Alcântara, No Estado Do Maranhão",200,22,0.0866,Alta diversidade partidária
54531,Frente Parlamentar Mista Prosul,200,19,0.1004,Alta diversidade partidária
54368,Frente Parlamentar De Gestão De Riscos E Desastres,211,21,0.0847,Alta diversidade partidária
54544,Frente Parlamentar Mista Do Artesão E Apoio Do Artesanato Brasileiro,203,19,0.1319,Alta diversidade partidária
53922,Frente Parlamentar Contra O Abuso E Exploração Sexual De Crianças E Adolescentes,197,23,0.0855,Alta diversidade partidária
54115,Frente Parlamentar Mista Para Ampliação Dos Cursos De Medicina,198,19,0.1125,Alta diversidade partidária
53947,Frente Parlamentar Mista De Defesa Da Pesca Artesanal,190,19,0.0929,Alta diversidade partidária
54341,Frente Parlamentar Mista Pelo Livre Mercado - Fplm,193,18,0.1583,Média diversidade partidária
54359,Frente Parlamentar Contra O Abuso E Exploração Sexual De Crianças E Adolescentes,199,20,0.0883,Alta diversidade partidária
54106,Frente Parlamentar Mista De Apoio Às Empresas Franqueadas,193,22,0.0845,Alta diversidade partidária
54171,Frente Parlamentar Mista Para A Criação De Estímulos Econômicos Para A Preservação Ambiental,219,23,0.0812,Alta diversidade partidária
54123,Frente Parlamentar Em Defesa De Desportos Equestres,199,20,0.0874,Alta diversidade partidária
54152,Frente Parlamentar Mista Em Defesa De Furnas,388,23,0.0836,Alta diversidade partidária
54200,Frente Parlamentar Mista Em Defesa Da Produção Cultural E Entretenimento,209,21,0.0891,Alta diversidade partidária
54260,Frente Parlamentar Mista De Apoio Ao Mercado De Varejo E E-commerce-frevec,211,21,0.0876,Alta diversidade partidária
54490,Frente Parlamentar Brasil - Coréia Do Sul,202,18,0.1117,Alta diversidade partidária
55598,Frente Parlamentar Em Prol Dos Jogos Eletrônicos E Games,201,19,0.1527,Média diversidade partidária
54445,Frente Parlamentar Da Conectividade Rural,219,20,0.1058,Alta diversidade partidária
54402,Frente Parlamentar Mista Cristã E Em Defesa Da Religião,202,19,0.1157,Alta diversidade partidária
55621,Frente Parlamentar Mista Em Defesa Do Empreendedorismo Rural,212,18,0.1234,Alta diversidade partidária
54294,Frente Parlamentar Mista De Portos E Aeroportos,214,21,0.0977,Alta diversidade partidária
54516,Frente Parlamentar Em Defesa Das Guardas Municipais,216,20,0.1061,Alta diversidade partidária
54292,"Frente Parlamentar Mista Em Apoio À Regularização Fundiária, Desenvolvimento Habitacional E Desenvolvimento Urbano Sustentável - Fpdus",195,22,0.1042,Alta diversidade partidária
54068,Frente Parlamentar Em Defesa Do Ciclista,217,20,0.0949,Alta diversidade partidária
54151,Frente Parlamentar Em Favor Do Pagamento Por Serviços Ambientais E Produção Sustentável,215,22,0.0914,Alta diversidade partidária
53986,"Frente Parlamentar Do Congresso Nacional Brics (brasil, Rússia, Índia, China E África Do Sul)",209,22,0.0957,Alta diversidade partidária
53943,Frente Parlamentar Pelo Desenvolvimento Da Agroecologia E Produção Orgânica,212,21,0.0952,Alta diversidade partidária
54245,Frente Parlamentar Mista Em Defesa Da Indústria Do Mobiliário (fremob),213,21,0.084,Alta diversidade partidária
53889,Frente Parlamentar Mista Em Defesa Dos Direitos Animais,213,22,0.0852,Alta diversidade partidária
54226,Frente Parlamentar Mista Pela Causa Da Prematuridade,224,23,0.081,Alta diversidade partidária
54172,Frente Parlamentar Mista Em Defesa Da Disposição Final De Resíduos Sólidos,237,23,0.0893,Alta diversidade partidária
54174,Frente Parlamentar Mista Pelo Fortalecimento Das Câmaras Municipais E Vereadores,233,21,0.0874,Alta diversidade partidária
55581,Frente Parlamentar Mista Pelo Fortalecimento Das Relações Comerciais Brasil-texas,193,20,0.227,Média diversidade partidária
55629,Frente Parlamentar Em Defesa Dos Profissionais Do Sistema Socioeducativo,200,18,0.1391,Alta diversidade partidária
53988,Frente Parlamentar Em Defesa Da Vida E Da Família,220,20,0.1106,Alta diversidade partidária
54552,Frente Parlamentar Mista Em Defesa Dos Fretadores - Frenfret,203,20,0.1029,Alta diversidade partidária
53900,Frente Parlamentar Mista Da Energia Limpa E Sustentável,213,20,0.0972,Alta diversidade partidária
54000,Frente Parlamentar Mista Da Educação,316,23,0.0768,Alta diversidade partidária
54078,Frente Parlamentar Mista Em Defesa Dos Médicos Brasileiros Formados No Exterior E Da Revalidação,225,23,0.1131,Alta diversidade partidária
54424,Frente Parlamentar Em Defesa Dos Oficiais De Justiça,209,17,0.1059,Alta diversidade partidária
54363,Frente Parlamentar Mista Pela Mulher Empreendedora,188,21,0.0968,Alta diversidade partidária
54474,Frente Parlamentar Em Defesa Da Aviação Civil,206,21,0.0899,Alta diversidade partidária
55625,Frente Parlamentar Em Defesa Das Pessoas Com Doenças Reumáticas,198,18,0.1009,Alta diversidade partidária
54282,Frente Parlamentar Mista Da Contabilidade Brasileira,203,20,0.0918,Alta diversidade partidária
54192,Frente Parlamentar Pela Causa Da Psoríase E Artrite Psoriásica,217,22,0.0876,Alta diversidade partidária
53980,Frente Parlamentar Em Defesa Do Homeschooling,235,19,0.123,Alta diversidade partidária
54110,Frente Parlamentar Mista Pela Educação No Campo - Fpmedoc,198,22,0.1016,Alta diversidade partidária
54466,Frente Parlamentar Mista Pela Reestatização Da Eletrobras,190,19,0.1478,Alta diversidade partidária
54566,Frente Parlamentar Mista Do Desenvolvimento Tecnológico E Cultural Do Brasil E Coreia Do Sul,201,19,0.1223,Alta diversidade partidária
54250,Frente Parlamentar Em Apoio Ao Ecoturismo - Ecofpar,234,21,0.0904,Alta diversidade partidária
54249,Frente Parlamentar Em Defesa Dos Profissionais Do Sistema Socioeducativo,236,23,0.0842,Alta diversidade partidária
55607,Frente Parlamentar Da Neurodiversidade,200,20,0.0922,Alta diversidade partidária
54334,Frente Parlamentar Mista Em Prol Da Saúde 4.0 E Do Acesso E Uso Racional De Equipamentos E Dispositivos Médicos - Fpmedtec,204,20,0.1066,Alta diversidade partidária
54378,Frente Parlamentar De Apoio Ao Empreendedorismo Do Jovem Aprendiz,205,19,0.1056,Alta diversidade partidária
54201,"Frente Parlamentar Das Hortaliças, Flores E Frutas",264,23,0.0929,Alta diversidade partidária
54049,Frente Parlamentar Em Defesa Dos Agentes Penitenciários,214,21,0.086,Alta diversidade partidária
54274,Frente Parlamentar Dos Recicladores Do Brasil (fprb).,208,22,0.1034,Alta diversidade partidária
54119,Frente Parlamentar Mista Em Defesa Da Pessoa Idosa,210,22,0.0927,Alta diversidade partidária
53950,Frente Parlamentar Mista De Apoio A Produção E Industrialização De Pescado,191,22,0.0975,Alta diversidade partidária
54021,Frente Parlamentar Mista Em Defesa Da Cultura E Do Desenvolvimento Social,215,21,0.0917,Alta diversidade partidária
54248,Frente Parlamentar Em Defesa Da Democratização Do Ministério Público,210,20,0.0927,Alta diversidade partidária
54175,Frente Parlamentar Mista Dos Aeronautas (fpaer),206,21,0.0864,Alta diversidade partidária
55603,Frente Parlamentar Em Defesa Dos Profissionais Da Dança,211,20,0.1345,Alta diversidade partidária
54179,Frente Parlamentar Em Defesa Do Setor De Serviços,212,22,0.0924,Alta diversidade partidária
54149,Frente Parlamentar Pela Formação Dos Agentes Comunitários De Saúde - Acs,246,21,0.0887,Alta diversidade partidária
55637,Frente Parlamentar Da Influência Digital (frenid),190,20,0.1155,Alta diversidade partidária
54066,Frente Parlamentar Em Defesa Do Rio São Francisco,209,21,0.0889,Alta diversidade partidária
53966,Frente Parlamentar Mista Pela Reforma Política,271,21,0.0859,Alta diversidade partidária
54025,Frente Parlamentar Mista Para A Sustentabilidade Do Vale Do Ribeira,228,22,0.0928,Alta diversidade partidária
53960,Frente Parlamentar Mista Em Defesa E Desenvolvimento Da Profissão De Bombeiro Civil - Fpmbc,209,22,0.0929,Alta diversidade partidária
54029,Frente Parlamentar Mista Em Defesa Da Previdência Social,213,22,0.1089,Alta diversidade partidária
55704,Frente Parlamentar Mista De Telecomunicações E Soluções Digitais.,202,17,0.1039,Alta diversidade partidária
54202,Frente Parlamentar Fiscais Da Nação,200,20,0.0927,Alta diversidade partidária
54130,Frente Parlamentar Em Defesa Do Regime Especial De Aposentadoria Dos Professores,219,21,0.0876,Alta diversidade partidária
53934,Frente Parlamentar Mista De Segurança Pública Em Defesa Dos Municípios,207,21,0.0951,Alta diversidade partidária
54408,Frente Parlamentar Em Defesa Do Sistema Único De Assistência Social - Suas,213,19,0.0922,Alta diversidade partidária
54473,Frente Parlamentar Para O Fortalecimento Do Nordeste,202,19,0.1065,Alta diversidade partidária
54481,Frente Parlamentar Pela Administração,199,20,0.109,Alta diversidade partidária
53921,Frente Parlamentar Em Defesa Da Pesca,211,21,0.0881,Alta diversidade partidária
54093,Frente Parlamentar Mista Em Defesa Dos Bancos Públicos,210,21,0.1065,Alta diversidade partidária
54048,Frente Parlamentar Mista Em Defesa Das Práticas Integrativas E Complementares Em Saúde E Da Felicidade - Frente Holística,210,21,0.0966,Alta diversidade partidária
54534,Frente Parlamentar Mista Dos Técnicos Agrícolas,220,20,0.1026,Alta diversidade partidária
54116,Frente Parlamentar Mista De Combate Ao Trabalho Infantil E De Estímulo À Aprendizagem,229,22,0.082,Alta diversidade partidária
54459,Frente Parlamentar Do Serviço Notarial E Registral,214,18,0.0936,Alta diversidade partidária
54361,Frente Parlamentar Mista Da Mineração Sustentável,195,20,0.1056,Alta diversidade partidária
54129,Frente Parlamentar Mista Em Defesa Dos Bombeiros Voluntários,233,22,0.0935,Alta diversidade partidária
53969,Frente Parlamentar Mista Nacional Da Indústria - Fpi,225,22,0.0872,Alta diversidade partidária
54309,Frente Parlamentar Para O Desenvolvimento Sustentável Do Petróleo E Energias Renováveis (freper),206,19,0.1159,Alta diversidade partidária
54454,Frente Parlamentar Mista Em Defesa Dos Serviços De Saúde,214,20,0.098,Alta diversidade partidária
54092,Frente Parlamentar Para A Liberdade Religiosa Do Congresso,201,22,0.0865,Alta diversidade partidária
54124,Frente Parlamentar Da Silvicultura No Brasil,207,22,0.0849,Alta diversidade partidária
54234,Frente Parlamentar Em Defesa Dos Pequenos E Médios Municípios,199,21,0.0834,Alta diversidade partidária
54288,Frente Parlamentar Mista Da Primeira Infância,201,21,0.1048,Alta diversidade partidária
54543,Frente Parlamentar Mista Pela Educação No Campo - Fpmedoc,204,19,0.1302,Alta diversidade partidária
54447,Frente Parlamentar Mista Da Aquicultura E Pesca,201,19,0.1281,Alta diversidade partidária
55649,Frente Parlamentar Mista Pela Valorização Do Serviço Social,199,19,0.1017,Alta diversidade partidária
54522,Frente Parlamentar Mista Brasil - Itália,230,20,0.1006,Alta diversidade partidária
54478,Frente Parlamentar Das Defensorias Públicas,182,17,0.1014,Alta diversidade partidária
53898,Frente Parlamentar Mista Para O Futuro Do Porto De Santos,201,22,0.0849,Alta diversidade partidária
54491,Frente Parlamentar Mista Da Contabilidade Brasileira (fcb),232,22,0.0872,Alta diversidade partidária
54006,Frente Parlamentar Em Defesa Da Saúde Preventiva,202,21,0.0915,Alta diversidade partidária
54561,Frente Parlamentar Mista Em Defesa Do Serviço Público,197,18,0.1443,Alta diversidade partidária
