prop_id_proposicao,tram_id_evento,tram_ts_tramitacao,tram_dt_tramitacao,tram_tx_sigla_orgao,tram_tx_descricao_tramitacao,tram_tx_descricao_situacao,tram_tx_despacho,alert_tx_tipo,alert_tx_mensagem,alert_fl_notificar
2484905,2,2025-02-20T11:22:00.000Z,2025-02-20,MESA,Análise Parecer,,"Parecer do Relator, Dep. Altineu Côrtes (PL-RJ), pela aprovação.",OUTRA_MOVIMENTACAO,Movimentação registrada.,0
2485471,1,2025-02-26T09:48:00.000Z,2025-02-26,PLEN,Apresentação De Proposição,Aguardando Providências Internas,"Apresentação do RPD n. 21 PLEN (Votação Nominal do Requerimento de Retirada de Matéria da Ordem do Dia), pelo Deputado Sóstenes Cavalcante (PL/RJ).",OUTRA_MOVIMENTACAO,Movimentação registrada.,0
2482707,9,2025-02-11T00:00:00.000Z,2025-02-11,PLEN,Publicação De Despacho,Tramitação Finalizada,Publicação inicial no DCD do dia 12/02/2025,OUTRA_MOVIMENTACAO,Movimentação registrada.,0
2485204,6,2025-02-27T17:04:00.000Z,2025-02-27,MESA,Distribuição,Arquivada,"Publique-se e, após, arquive-se.",ARQUIVAMENTO,Proposição foi arquivada.,1
2482130,6,2025-02-11T12:53:00.000Z,2025-02-11,MESA,Distribuição,Aguardando Remessa Ao Arquivo,"Publique-se. Encaminhe-se e, após, arquive-se.",ARQUIVAMENTO,Proposição foi arquivada.,1
2485204,8,2025-02-27T00:00:00.000Z,2025-02-27,PLEN,Publicação De Despacho,Arquivada,Publicação inicial no DCD do dia 28/02/2025,ARQUIVAMENTO,Proposição foi arquivada.,1
2485530,17,2025-04-08T11:00:00.000Z,2025-04-08,MESA,Ratificação De Parecer,Aguardando Remessa Ao Arquivo,"Ratificado o despacho \"ad referendum\"",ARQUIVAMENTO,Proposição foi arquivada.,1
2482130,12,2025-02-11T00:00:00.000Z,2025-02-11,CCP,Publicação De Proposição,Aguardando Encaminhamento,Encaminhada à publicação. Publicação Inicial no DCD de 12/02/2025.,OUTRA_MOVIMENTACAO,Movimentação registrada.,0
2484957,2,2025-02-20T11:28:00.000Z,2025-02-20,MESA,Análise Parecer,,"Parecer do Relator, Dep. Altineu Côrtes (PL-RJ), pela aprovação.",OUTRA_MOVIMENTACAO,Movimentação registrada.,0
2485530,19,2025-04-10T00:00:00.000Z,2025-04-10,1SECM,Providência Interna - Comunicação De Resposta Ostensiva,Aguardando Remessa Ao Arquivo,Encaminhamento de resposta por meio do sistema Infoleg,ARQUIVAMENTO,Proposição foi arquivada.,1
2484291,1,2025-02-18T15:09:00.000Z,2025-02-18,MESA,Apresentação De Proposição,Aguardando Despacho Do Presidente Da Câmara Dos Deputados,"Apresentação do REQ n. 552/2025 (Requerimento de Sessão Solene), pelo Deputado Messias Donato (REPUBLIC/ES) e outros, que \"Requer a realização de Sessão Solene em homenagem ao Dia da Bíblia\".",OUTRA_MOVIMENTACAO,Movimentação registrada.,0
2485530,12,2025-03-19T00:00:00.000Z,2025-03-19,PLEN,Publicação De Despacho,Aguardando Remessa Ao Arquivo,Publicação inicial no DCD do dia 20/03/2025,ARQUIVAMENTO,Proposição foi arquivada.,1
2485530,18,2025-04-10T00:00:00.000Z,2025-04-10,1SECM,Recebimento De Resposta,Aguardando Remessa Ao Arquivo,"Recebimento de resposta conforme Ofício nº 167/2025/GM-MME, de 10 de abril de 2025, do Ministério de Minas e Energia.",ARQUIVAMENTO,Proposição foi arquivada.,1
2482130,1,2025-02-03T08:10:00.000Z,2025-02-03,MESA,Apresentação De Proposição,Aguardando Remessa Ao Arquivo,"Apresentação da INC n. 7/2025 (Indicação ), pelo Deputado Leo Prates (PDT/BA), que \"“Indica a Ministra do Meio Ambiente para que promova o reforço da equipe de servidores da Superintendência do IBAMA na Bahia.”\".",ARQUIVAMENTO,Proposição foi arquivada.,1
2485530,16,2025-04-07T00:00:00.000Z,2025-04-07,1SECM,Abertura De Prazo,Aguardando Remessa Ao Arquivo,Prazo para Resposta Externas (de 08/04/2025 a 07/05/2025),ARQUIVAMENTO,Proposição foi arquivada.,1
2483380,3,2025-02-10T00:00:00.000Z,2025-02-10,MESA,Relatório De Conferência De Assinaturas,Aguardando Despacho Do Presidente Da Câmara Dos Deputados,Relatório de Conferência de Assinaturas Eletrônicas.,OUTRA_MOVIMENTACAO,Movimentação registrada.,0
2483380,1,2025-02-10T10:06:00.000Z,2025-02-10,MESA,Apresentação De Proposição,Aguardando Despacho Do Presidente Da Câmara Dos Deputados,"Apresentação do REQ n. 279/2025 (Requerimento de Sessão Solene), pelo Deputado Sargento Portugal (PODE/RJ) e outros, que \"Requer a realização de sessão solene em homenagem aos 460 anos da cidade do Rio de Janeiro\".",OUTRA_MOVIMENTACAO,Movimentação registrada.,0
2485530,8,2025-03-14T09:30:00.000Z,2025-03-14,MESA,Parecer Do(a) Relator(a),Aguardando Encaminhamento,"Parecer do Relator, Dep. Altineu Côrtes (PL-RJ), pela aprovação.",OUTRA_MOVIMENTACAO,Movimentação registrada.,0
2482130,14,2025-03-19T00:00:00.000Z,2025-03-19,1SECM,Remessa A Ministério,Aguardando Remessa Ao Arquivo,"Remessa por meio do Ofício 1ªSec/I/E nº  41 e outros/2025, a Ministra de Estado da Secretaria de Relações Institucionais da Presidência da República.",ARQUIVAMENTO,Proposição foi arquivada.,1
2484291,3,2025-02-18T15:16:00.000Z,2025-02-18,MESA,Relatório De Conferência De Assinaturas,Aguardando Despacho Do Presidente Da Câmara Dos Deputados,Relatório de Conferência de Assinaturas Eletrônicas.,OUTRA_MOVIMENTACAO,Movimentação registrada.,0
2485204,1,2025-02-24T15:36:00.000Z,2025-02-24,MESA,Apresentação De Proposição,Arquivada,"Apresentação da REQ n. 640/2025 (Requerimento de Moção), pelo Deputado Sargento Portugal (PODE/RJ), que \"Requer Moção de Louvor e Regozijo ao Procurador Chefe da PRT 1ª Região Fábio Goulart Villela pelos excelentes serviços prestados ao estado do Rio de Janeiro como Secretário de Segurança Institucional do MPT\".",ARQUIVAMENTO,Proposição foi arquivada.,1
2485530,1,2025-02-26T13:35:00.000Z,2025-02-26,MESA,Apresentação De Proposição,Aguardando Encaminhamento,"Apresentação do RIC n. 559/2025 (Requerimento de Informação), pelo Deputado Filipe Barros (PL/PR), que \"Solicita o envio de expediente ao Ministro de Estado de Minas e Energia\".",OUTRA_MOVIMENTACAO,Movimentação registrada.,0
2482130,16,2025-06-09T00:00:00.000Z,2025-06-09,1SECM,Providência Interna - Comunicação De Resposta Ostensiva,Aguardando Remessa Ao Arquivo,Encaminhamento de resposta por meio do sistema Infoleg,ARQUIVAMENTO,Proposição foi arquivada.,1
2482707,1,2025-02-04T14:02:00.000Z,2025-02-04,MESA,Apresentação De Proposição,Tramitação Finalizada,"Apresentação da REQ n. 164/2025 (Requerimento de Moção), pelo Deputado Pastor Henrique Vieira (PSOL/RJ -Fdr PSOL-REDE), que \"Requer Moção de Aplauso e Reconhecimento a Milton Nascimento, por toda a sua inestimável contribuição à cultura brasileira, representando-a em importante premiação internacional\".",OUTRA_MOVIMENTACAO,Movimentação registrada.,0
2483469,1,2025-02-06T19:42:00.000Z,2025-02-06,MESA,Apresentação De Proposição,,"Apresentação do DOC n. 13/2025 (Ofício do Senado Federal), pelo Senado Federal, que \"Comunica restituição de Projeto de Lei sancionado\".",OUTRA_MOVIMENTACAO,Movimentação registrada.,0
2485530,15,2025-04-07T00:00:00.000Z,2025-04-07,1SECM,Remessa A Ministério,Aguardando Remessa Ao Arquivo,"Remessa por meio do Ofício 1ªSec/RI/E nº 57/2025, ao Ministro de Estado de Minas e Energia.",ARQUIVAMENTO,Proposição foi arquivada.,1
2482130,13,2025-02-12T12:29:00.000Z,2025-02-12,1SECM,Recebimento,Aguardando Remessa Ao Arquivo,Recebimento pela 1SECM.,ARQUIVAMENTO,Proposição foi arquivada.,1
2482707,6,2025-02-11T18:43:00.000Z,2025-02-11,MESA,Distribuição,Tramitação Finalizada,"Publique-se e, após, arquive-se.",OUTRA_MOVIMENTACAO,Movimentação registrada.,0
2485530,6,2025-03-12T12:16:00.000Z,2025-03-12,1VIPR,Recebimento,Aguardando Elaboração Do Parecer Pelo(a) Relator(a),Recebimento pela 1VIPR.,OUTRA_MOVIMENTACAO,Movimentação registrada.,0
2485530,10,2025-03-19T20:41:00.000Z,2025-03-19,MESA,Distribuição,Aguardando Encaminhamento,"Aprovação pelo Presidente, Dep. Hugo Motta, \"ad referendum\" da Mesa, do parecer do senhor Deputado Altineu Côrtes, Primeiro Vice-Presidente, pelo encaminhamento.",OUTRA_MOVIMENTACAO,Movimentação registrada.,0
2485530,14,2025-03-21T14:59:00.000Z,2025-03-21,1SECM,Recebimento,Aguardando Remessa Ao Arquivo,Recebimento pela 1SECM.,ARQUIVAMENTO,Proposição foi arquivada.,1
2484957,1,2025-02-20T11:28:00.000Z,2025-02-20,MESA,Apresentação De Proposição,,"Apresentação do PRL n. 1 MESA (Parecer do Relator), pela 1ª Vice-Presidência da Câmara dos Deputados.",OUTRA_MOVIMENTACAO,Movimentação registrada.,0
2485530,7,2025-03-14T09:30:00.000Z,2025-03-14,MESA,Recebimento - Relator(a),Aguardando Encaminhamento,"Apresentação do PRL n. 1 MESA (Parecer do Relator), pela 1ª Vice-Presidência da Câmara dos Deputados.",OUTRA_MOVIMENTACAO,Movimentação registrada.,0
2482130,15,2025-06-06T00:00:00.000Z,2025-06-06,1SECM,Recebimento De Resposta,Aguardando Remessa Ao Arquivo,Recebimento de resposta conforme 89/2025/INDIC-PARLAMENTAR/SEPAR/SRI/PR,ARQUIVAMENTO,Proposição foi arquivada.,1
2485530,5,2025-03-07T00:00:00.000Z,2025-03-07,MESA,Designação De Relator(a),Aguardando Encaminhamento,"Designado Relator, Dep. Altineu Côrtes (PL-RJ), 1º Vice-Presidente",OUTRA_MOVIMENTACAO,Movimentação registrada.,0
2484905,1,2025-02-20T11:22:00.000Z,2025-02-20,MESA,Apresentação De Proposição,,"Apresentação do PRL n. 1 MESA (Parecer do Relator), pela 1ª Vice-Presidência da Câmara dos Deputados.",OUTRA_MOVIMENTACAO,Movimentação registrada.,0
