evt_id_evento,evt_tx_descricao,evt_tx_situacao,evt_tx_tipo,evt_tx_situacao_curada,evt_tx_tipo_curado,evt_tx_local_interno,evt_tx_local_externo,evt_tx_tipo_local,evt_dt_inicio,evt_dt_fim,evt_nr_ano,evt_nr_mes,evt_nr_semana_ano,data_tx_ano_mes,org_id_orgao,org_sg_orgao,org_tx_nome,org_tx_tipo_curado
81812,Homenagem Aos 80 Anos Da Universidade Federal Da Bahia - Ufba  Homenagem Aos Oitenta Anos Da Universidade Federal Da Bahia - Ufba,Agendada,Sessão Não Deliberativa Solene,Agendada,Sessão,Plenário Da Câmara Dos Deputados,,Câmara,2026-07-08,,2026,7,28,2026-07,180,PLEN,Plenário,Plenário
81461,"Qualidade Do Serviço Prestado Pela Amazonas Energia S/a  Requerimentos Nº 24/2025 (cdc),  24/2025 (cme) E 14/2026 (cdc),  Do Deputado Fausto Santos Jr.. Convidados: Alexandre Silveira De Oliveira Ministro De Estado De  Minas E Energia Sandoval De Araújo Feitosa Neto Diretor-geral Da Agência Nacional De Energia Elétrica - Aneel Márcio Pereira Zimmermann Diretor-presidente Da Amazonas Energia S/a Jalil Fraxe Campos Diretor-presidente Do Procon Do Amazonas - Confirmado Leda Mara Nascimento Albuquerque Procuradora-geral De Justiça Do Ministério Público Do Amazonas Dep.mário César Filho Presidente Da Comissão De Defesa Do Consumidor Da Assembleia Legislativa Do Estado Do Amazonas. Representante Da Âmbar Energia",Convocada,Audiência Pública,Convocado,Audiência Pública,A Definir,,Câmara,2026-05-26,,2026,5,22,2026-05,2004,CDC,Comissão De Defesa Do Consumidor,Comissão
81528,"Comenda Incentivadores Do Esporte  Cerimônia De Homenagem Para Concessão De Prêmio Denominado \"comenda Incentivadores Do Esporte\", Em Atenção Ao Requerimento Nº 10/2026, De Autoria Do Deputado Saulo Pedroso. Convidados: Sr. Paulo Henrique Perna Cordeiro, Ministro Do Ministério Do Esporte; Sra. Carolinne Gomes Neves De Carvalho, Diretora De Programas E Políticas De Incentivo Ao Esporte; Incentivadores Confirmados: Itaú Seguros S.a. Proponentes Confirmados: Instituto Ltp Brasil Incentivadores Homenageados: Vale S.a. Nu Financeira Salobo Metais S/a Shell Brasil Petróleo Ltda. Petrobras S.a. Companhia De Saneamento Básico Do Estado De São Paulo Redecard Instituição De Pagamentos S.a Transportadora Associada De Gás S.a. Bradesco Administradora De Consórcios Ltda. Proponentes Homenageados: Clube De Regatas Do Flamengo Confederação Brasileira De Judô Conexão Esportiva & Cultural Instituto De Estudos Superiores Em Gestão Do Esporte",Convocada,Homenagem,Convocado,Homenagem,,Salão Nobre,Externo,2026-05-26,,2026,5,22,2026-05,537236,CESPO,Comissão Do Esporte,Comissão
81837,Homenage Ao Dia Nacional Da Mata Atlântica,Agendada,Sessão Não Deliberativa Solene,Agendada,Sessão,Plenário Da Câmara Dos Deputados,,Câmara,2026-05-28,,2026,5,22,2026-05,180,PLEN,Plenário,Plenário
81932,Homenagem Aos 35 Anos Da Confederação Nacional Dos Trabalhadores Em Estabelecimentos De Ensino – Contee,Agendada,Sessão Não Deliberativa Solene,Agendada,Sessão,Plenário Da Câmara Dos Deputados,,Câmara,2026-06-17,,2026,6,25,2026-06,180,PLEN,Plenário,Plenário
81444,"Reurbanização Das Favelas Para O Desenvolvimento Social  Câmara Dos Deputados Centro De Estudos E Debates Estratégicos 57ª Legislatura - 4ª Sessão Legislativa Ordinária Seminário Reurbanização Das Favelas Para O Desenvolvimento Social Local: Plenário 4    Data: 21/05/26    Horário: 9h00 Às 13h00 P A U T A Convidamos Toda A Comunidade Para Participar Do Seminário \"reurbanização Das Favelas Para O Desenvolvimento Social\", Que Integra O Importante Estudo Do Centro De Estudos E Debates Estratégicos Da Câmara Dos Deputados Intitulado \"favelas E Comunidades Urbanas: Conectividade E Inclusão Digital Para O Desenvolvimento Socioeconômico Do Trabalhador 5.0\". Este Evento Representa Uma Oportunidade Única De Debater Soluções Inovadoras Para A Transformação Das Comunidades Urbanas, Promovendo A Inclusão Digital E O Desenvolvimento Socioeconômico Em Um Contexto De Constantes Mudanças Tecnológicas E Sociais. O Seminário Será Conduzido Pelo Deputado Hélio Lopes E Acontecerá No Dia 21 De Maio De 2026, Das 9h Às 13h, No Plenário 4 Da Câmara Dos Deputados. Durante O Encontro, Especialistas, Gestores Públicos E Representantes Da Sociedade Civil Discutirão Estratégias De Reurbanização Que Conectem Infraestrutura Urbana, Inclusão Digital E Oportunidades De Trabalho Para Os Moradores De Favelas E Comunidades. Sua Presença E Participação São Fundamentais Para Construirmos Juntos Um Futuro Mais Justo E Inclusivo. Não Perca Esta Oportunidade De Contribuir Com Ideias E Conhecer As Propostas Que Podem Transformar A Realidade De Milhões De Brasileiros! Programação  9h - 11h - Mesa 1  - Moderador: Deputado Hélio Lopes, Relator Do Estudo E Membro Do Cedes -  Deputado Márcio Jerry, Presidente Do Centro De Estudos E Debates Estratégicos Da Câmara Dos          Deputados - Jader Barbalho Filho, Ministro Das Cidades - Guilherme Simões, Secretário Nacional De Periferias Do Ministério Das Cidades - Luiz Fernando Pezão, Prefeito De Piraí, Rj - Rayne Ferreti Moraes, Chefe Do Escritório Do Brasil Da Onu-habitat, Escritório Regional Para      América Latina E O Caribe, Brasil E Cone Sul - Maria Migliore, Diretora De Integração Produtiva Na Organização Fundar E Ex-ministra De Desenvolvimento Humano E Hábitat Da Cidade De Buenos Aires 11h - 13h - Mesa 2  - Deputado Hélio Lopes, Relator Do Estudo E Membro Do Cedes - João Porto De Albuquerque, Diretor Do Urban Big Data Centre Da Universidade De Glasgow  - Gustavo Taniguchi, Ceo Da Urbtec Engenharia, Planejamento E Consultoria  - Jeroen Johannes Klink, Diretor Do Centro De Estudos Da Favela - Cefavela - Raul Juste Lores, Jornalista, Escritor, Pesquisador De Arquitetura E Urbanismo E Criador Do Projeto São    Paulo Nas Alturas",Convocada,Seminário,Convocado,Seminário,"Anexo Ii, Plenário 04",,Câmara,2026-05-21,,2026,5,21,2026-05,537020,CEDES,Centro De Estudos E Debates Estratégicos,Conselho
81810,"Homenagem Aos 203 Anos Do Dia 02 De Julho, Data Comemorativa Da Independência Da Bahia  Homenagem Aos Duzentos E Três Anos Do Dia 02 De Julho, Data Comemorativa Da Independência Da Bahia",Agendada,Sessão Não Deliberativa Solene,Agendada,Sessão,Plenário Da Câmara Dos Deputados,,Câmara,2026-07-08,,2026,7,28,2026-07,180,PLEN,Plenário,Plenário
81542,Homenagem Ao Centenário Do Geógrafo Milton Santos,Agendada,Sessão Não Deliberativa Solene,Agendada,Sessão,Plenário Da Câmara Dos Deputados,,Câmara,2026-05-27,,2026,5,22,2026-05,180,PLEN,Plenário,Plenário
81599,Homenagem Aos 50 Anos Da Fundação Nacional De Artes (funarte),Agendada,Sessão Não Deliberativa Solene,Agendada,Sessão,Plenário Da Câmara Dos Deputados,,Câmara,2026-05-29,,2026,5,22,2026-05,180,PLEN,Plenário,Plenário
81534,Homenagem Aos 475 Anos Da Diocese De Salvador,Convocada,Sessão Não Deliberativa Solene,Convocado,Sessão,Plenário Da Câmara Dos Deputados,,Câmara,2026-05-27,,2026,5,22,2026-05,111,CN,Congresso Nacional,Órgão Do Congresso Nacional
81913,Homenagem Ao Dia Nacional Do Desporto Escolar,Agendada,Sessão Não Deliberativa Solene,Agendada,Sessão,Plenário Da Câmara Dos Deputados,,Câmara,2026-05-25,,2026,5,22,2026-05,180,PLEN,Plenário,Plenário
81581,Homenagem Aos 100 Anos De Fundação Do Instituto De Engenharia Do Paraná – Iep,Agendada,Sessão Não Deliberativa Solene,Agendada,Sessão,Plenário Da Câmara Dos Deputados,,Câmara,2026-05-26,,2026,5,22,2026-05,180,PLEN,Plenário,Plenário
81804,"Homenagem Ao Dia Das Micro, Pequenas E Médias Empresas  Homenagem Ao Dia Nacional Da Micro E Pequena Empresa",Agendada,Sessão Não Deliberativa Solene,Agendada,Sessão,Plenário Da Câmara Dos Deputados,,Câmara,2026-07-01,,2026,7,27,2026-07,180,PLEN,Plenário,Plenário
81818,Homenagem À Organização Touchpeace,Agendada,Sessão Não Deliberativa Solene,Agendada,Sessão,Plenário Da Câmara Dos Deputados,,Câmara,2026-06-30,,2026,6,27,2026-06,180,PLEN,Plenário,Plenário
81788,"Balanço Dos Jogos Paralímpicos De Inverno E Ciclo Los Angeles 2028  Audiência Pública  Com O Comitê Paralímpico Brasileiro (cpb) Para Apresentar O Ciclo De Preparação Para Os Jogos Paralímpicos Los Angels 2028 E Realizar Um Balanço Da Participação Brasileira Nos Jogos Paralímpicos De Inverno Em Milão-cortina (2026), Em Atenção Ao Requerimento Nº 20/2026, De Autoria Da Deputada Iza Arruda. Convidado: Sr. José Antônio Ferreira Freire, Presidente Do Comitê Paralímpico Brasileiro (cpb).",Convocada,Audiência Pública,Convocado,Audiência Pública,"Anexo Ii, Plenário 04",,Câmara,2026-05-20,,2026,5,21,2026-05,537236,CESPO,Comissão Do Esporte,Comissão
81659,"Homenagem Ao  Aniversário De Criação Dos Municípios De Senador Guiomard, Assis Brasil E Manoel Urbano Do Estado Do Acre",Agendada,Sessão Não Deliberativa Solene,Agendada,Sessão,Plenário Da Câmara Dos Deputados,,Câmara,2026-05-20,,2026,5,21,2026-05,180,PLEN,Plenário,Plenário
81656,"Políticas Públicas Voltadas Às Pessoas Com Altas Habilidades/superdotação (ah/sd)  1) (a Confirmar) Representante Do Ministério Da Educação (mec);  2)  (a Confirmar) Representante Da Secretaria De Estado De Educação Do Governo Do Distrito Federal (seedf);  3) Jhoyce Hayne (a Confirmar) - Presidente Da Comissão De Defesa Dos Direitos Das Pessoas Com Altas Habilidades/superdotação Ou Dupla Excepcionalidade; 4) Denise Fleith (a Confirmar) -  Pesquisadora Do Instituto De Psicologia (ip) Da Universidade De Brasília (unb);  5)  Robertha Munique (a Confirmar) - Especialista Em Atendimento Educacional Especializado Em Altas Habilidades/superdotação (mec/unb) E Presidente Do Instituto Raises  - Rede De Apoio, Incentivo E Suporte Educacional E Emocional Ao Superdotado;  6)  Amábile Pacios (a Confirmar) - Presidente Da Federação Nacional Das Escolas Particulares (fenep);  7)  Rafael Kessler (a Confirmar) -  Estudante, Programador, Inventor Da Língua Hyroasc E Criador Da Fómula De Kessler, Reconhecida Pela Unb;  8)  Lucas Freitas (a Confirmar) - Estudante, Primeiro Medalhista Olímpico De Ouro Do Brasil Em Competição De Cibersegurança Na China, (req 14/2026 Ce, Da Deputada Nely Aquino)",Convocada,Audiência Pública,Convocado,Audiência Pública,A Definir,,Câmara,2026-05-26,,2026,5,22,2026-05,2009,CE,Comissão De Educação,Comissão
81877,Homenagem Aos Galos De Pernambuco: Galo Da Madrugada E Galo Gigante,Agendada,Sessão Não Deliberativa Solene,Agendada,Sessão,Plenário Da Câmara Dos Deputados,,Câmara,2026-05-20,,2026,5,21,2026-05,180,PLEN,Plenário,Plenário
81551,Homenagem Ao Dia Nacional De Combate Ao Abuso E À Exploração Sexual De Crianças E Adolescentes,Agendada,Sessão Não Deliberativa Solene,Agendada,Sessão,Plenário Da Câmara Dos Deputados,,Câmara,2026-05-19,,2026,5,21,2026-05,180,PLEN,Plenário,Plenário
81446,Celebração Dos 118 Anos De Imigração Japonesa No Brasil,Convocada,Sessão Não Deliberativa Solene,Convocado,Sessão,Plenário Da Câmara Dos Deputados,,Câmara,2026-06-17,,2026,6,25,2026-06,111,CN,Congresso Nacional,Órgão Do Congresso Nacional
81584,Comparecimento Da Ministra De Estado Da Cultura Margareth Menezes,Convocada,Reunião De Comparecimento De Ministro(a),Convocado,Reunião,"Anexo Ii, Plenário 09",,Câmara,2026-05-27,,2026,5,22,2026-05,536996,CCULT,Comissão De Cultura,Comissão
81564,"Homenagem À Campanha Nacional Da Voz, Promovida Pela Academia Brasileira De Laringologia E Voz – Ablv",Agendada,Sessão Não Deliberativa Solene,Agendada,Sessão,Plenário Da Câmara Dos Deputados,,Câmara,2026-05-27,,2026,5,22,2026-05,180,PLEN,Plenário,Plenário
81811,Homenagem Ao Centenário De Adauto Bezerra E Humberto Bezerra,Agendada,Sessão Não Deliberativa Solene,Agendada,Sessão,Plenário Da Câmara Dos Deputados,,Câmara,2026-06-16,,2026,6,25,2026-06,180,PLEN,Plenário,Plenário
81839,Homenagem Ao Dia Mundial Do Meio Ambiente,Agendada,Sessão Não Deliberativa Solene,Agendada,Sessão,Plenário Da Câmara Dos Deputados,,Câmara,2026-06-23,,2026,6,26,2026-06,180,PLEN,Plenário,Plenário
81780,"Trecho Rodoviário Da Br 364 E O Processo De Concessão No Estado De Rondônia.  (req 25/2026 Cvt, Do Deputado Rafael Fera) . George Santoro,  Ministro Dos Transportes;  . Guilherme Theo Rodrigues,  Diretor Geral Da Agência Nacional De Transportes Terrestres- Antt; .  Responsável Pela Nova 364 S.a; . Representante Do Ministério Público Federal.",Convocada,Audiência Pública,Convocado,Audiência Pública,"Anexo Ii, Plenário 11",,Câmara,2026-05-26,,2026,5,22,2026-05,2016,CVT,Comissão De Viação E Transportes,Comissão
81854,Homenagem À Atuação E Ao Reconhecimento Da Associação Dos Veteranos Do Estado De Goiás (avego) Aos Profissionais Do Sistema De Segurança Pública  Homenagem Ao Reconhecimento Da Associação Dos Veteranos Do Estado De Goiás (avego) Aos Profissionais Do Sistema De Segurança Pública,Agendada,Sessão Não Deliberativa Solene,Agendada,Sessão,Plenário Da Câmara Dos Deputados,,Câmara,2026-05-21,,2026,5,21,2026-05,180,PLEN,Plenário,Plenário
81343,"Milton Santos - 100 Anos De Pensamento Geográfico Crítico E Cidadão  Câmara Dos Deputados Centro De Estudos E Debates Estratégicos Bancada Negra Da Câmara Dos Deputados Coordenação Edições Câmara Dos Deputados 57ª Legislatura - 4ª Sessão Legislativa Ordinária Seminário Milton Santos - 100 Anos De Pensamento Geográfico Crítico E Cidadão Local: Auditório Nereu Ramos    Data: 19/05/26    Horário: 9h00 Às 14h00 Participe Presencial Ou Online!!! Zoom: Https://us02web.zoom.us/j/83958993120 Id Webinar: 839 5899 3120 Transmissão Ao Vivo Pelo Youtube: Http://cd.leg.br/youtube P A U T A No Ano Em Que Se Celebra O Centenário De Nascimento De Milton Santos (1926-2001), Este Seminário Propõe Um Diálogo Entre Memória E Futuro, Entre A Trajetória De Um Dos Maiores Pensadores Do Século Xx E A Permanente Atualidade De Suas Formulações. Milton Santos Revolucionou A Geografia Brasileira Ao Colocar O Espaço No Centro Do Pensamento Social, Evidenciando Que O Território Não É Apenas Palco Das Relações Sociais, Mas Produto E Agente Dessas Relações. Articulando Rigor Acadêmico E Intervenção Pública, Sua Obra Atravessou Fronteiras Disciplinares, Dialogou Com Movimentos Sociais E Inspirou Uma Geografia Cidadã, Comprometida Com A Democracia, A Justiça Social E A Soberania Dos Povos.  Este Encontro Na Câmara Dos Deputados, Sede Do Poder Legislativo Brasileiro, Reafirma O Compromisso De Milton Santos Com A Dimensão Pública Do Conhecimento E Com O Papel Político Do Intelectual. Em Duas Mesas De Debate, Buscaremos Não Apenas Honrar Sua Memória, Mas Principalmente Interrogar: O Que O Pensamento Miltoniano Nos Ensina Sobre Os Desafios Do Presente? Como Suas Categorias Analíticas Nos Ajudam A Compreender O Meio Técnico-científico-informacional Contemporâneo, A Aceleração Contemporânea, As Desigualdades Socioespaciais E A Busca Por Uma Outra Globalização? Ao Reunir Pesquisadoras E Pesquisadores Que Conheceram Milton Santos Pessoalmente E Aqueles Que Seguem Desenvolvendo E Atualizando Seu Pensamento, Este Seminário Pretende Contribuir Para Que Seu Legado Continue Vivo, Inspirando Novas Gerações Na Construção De Um Pensamento Social Brasileiro Crítico, Criativo E Comprometido Com A Transformação Social. Revisitar Milton Santos É Também Recolocar O Território No Centro Do Debate Político Nacional. Suas Formulações Sobre O Uso Desigual Do Território, A Cidadania Incompleta, O Papel Do Estado E A Possibilidade De Uma Outra Globalização Seguem Oferecendo Ferramentas Fundamentais Para Pensar Políticas Públicas, Planejamento, Direitos E Participação Social No Brasil. Realizado Por Iniciativa Do Mandato Do Deputado Federal Orlando Silva, Representando A Bancada Negra, E Em Parceria Com O Centro De Estudos E Debates Estratégicos (cedes), O Evento Inscreve O Legado De Milton Santos No Espaço Institucional Da Política Democrática, Reafirmando-o Como Um Intelectual Público Cuja Obra Permanece Viva, Insurgente E Necessária. Programação Do Seminário 9h - 10h - Abertura -  Deputado Hugo Motta, Presidente Da Câmara Dos Deputados -  Deputado Orlando Silva,  1º Vice-coordenador Da Bancada Negra Da Câmara Dos Deputados -  Deputado Márcio Jerry, Presidente Do Centro De Estudos E Debates Estratégicos Da Câmara Dos             Deputados -   Nina Dos Santos, Secretária Adjunta De Políticas Digitais Na Secretaria De Comunicação Da       Presidência Da República E Neta De Milton Santos 10h - 12h - Mesa \" Milton Santos: Pensar O Brasil, Compreender O Mundo E Construir Um Outro Mundo Possível \" - Coordenação E Mediação: Orlando Silva -  Jaime Tadeu Oliva, Professor Do Instituto De Estudos Brasileiros Da Universidade De São Paulo         (ieb-usp) -  Maria Mónica Arroy, Professora De Geografia Da Universidade De São Paulo -  Maurício Costa De Carvalho, Professor Do Instituto Federal De São Paulo (ifsp)  -  Antonio Carlos Malachias (billy Malachias), Pesquisador Do Laboratório De Geografia Política Da        Universidade De São Paulo (geopo/usp) -  Aldo Paviani, Professor Emérito Da Universidade De Brasília (unb)  12h - 13h - Lançamento Da Publicação \"milton Santos No Território Da Democracia: Contribuições Ao Parlamento Brasileiro\" 13h00 - 14h00 - Coquetel",Convocada,Seminário,Convocado,Seminário,Auditório Nereu Ramos,,Câmara,2026-05-19,,2026,5,21,2026-05,537020,CEDES,Centro De Estudos E Debates Estratégicos,Conselho
81806,Homenagem Aos 54 De Colonização Na Região Transamazônica,Agendada,Sessão Não Deliberativa Solene,Agendada,Sessão,Plenário Da Câmara Dos Deputados,,Câmara,2026-07-07,,2026,7,28,2026-07,180,PLEN,Plenário,Plenário
81814,Homenagem Aos 65 Anos Do Movimento De Educação De Base – Meb,Agendada,Sessão Não Deliberativa Solene,Agendada,Sessão,Plenário Da Câmara Dos Deputados,,Câmara,2026-06-18,,2026,6,25,2026-06,180,PLEN,Plenário,Plenário
81496,Homenagem Aos 400 Anos Das Missões Jesuíticas-guarani,Agendada,Sessão Não Deliberativa Solene,Agendada,Sessão,Plenário Da Câmara Dos Deputados,,Câmara,2026-05-20,,2026,5,21,2026-05,180,PLEN,Plenário,Plenário
81597,Homenagem Aos 48 Anos Da Associação Brasileira Das Entidades Fechadas De Previdência Complementar – Abrapp,Agendada,Sessão Não Deliberativa Solene,Agendada,Sessão,Plenário Da Câmara Dos Deputados,,Câmara,2026-05-15,,2026,5,20,2026-05,180,PLEN,Plenário,Plenário
81890,"Polilaminina Como Tratamento Na Regeneração Da Medula Espinhal   Req. 17/2026 Csaude, Do Deputado Zé Vitor Req. 18/2026 Csaude, Do Deputado Diego Garcia Convidados(as) A Confirmar: - Tatiana Lobo Coelho De Sampaio (ufrj) - Representante Do Laboratório Cristalia - Bruno Drummond De Freitas (paciente) - Representante Do Ministério Da Saúde - Representante Da Anvisa",Convocada,Audiência Pública,Convocado,Audiência Pública,"Anexo Ii, Plenário 07",,Câmara,2026-06-02,,2026,6,23,2026-06,2014,CSAUDE,Comissão De Saúde,Comissão
81598,Homenagem Ao Dia Nacional Da Luta Antimanicomial,Agendada,Sessão Não Deliberativa Solene,Agendada,Sessão,Plenário Da Câmara Dos Deputados,,Câmara,2026-05-18,,2026,5,21,2026-05,180,PLEN,Plenário,Plenário
81400,"Seminário Equilíbrio Entre Os Poderes: Tensões Atuais E Caminhos Para A Harmonia Institucional  Câmara Dos Deputados Centro De Estudos E Debates Estratégicos 57ª Legislatura - 4ª Sessão Legislativa Ordinária Seminário Equilíbrio Entre Os Poderes: Tensões Atuais E Caminhos Para A Harmonia Institucional Local: Auditório Nereu Ramos    Data: 17/06/26    Horário: 9h00 Às 13h00 P A U T A O Centro De Estudos E Debates Estratégicos Da Câmara Dos Deputados Tem A Satisfação De Convidar Vossa Senhoria Para O Seminário \"equilíbrio Entre Os Poderes: Tensões Atuais E Caminhos Para A Harmonia Institucional\", Que Será Realizado No Dia 17 De Junho, Às 9h, No Auditório Nereu Ramos, Na Câmara Dos Deputados, Em Brasília.  A Separação De Poderes Constitui Um Dos Pilares Fundamentais Do Estado Democrático De Direito, Garantindo O Equilíbrio Institucional, A Limitação Do Poder E A Proteção Dos Direitos Fundamentais Dos Cidadãos. Em Um Contexto De Transformações Políticas, Sociais E Tecnológicas Que Desafiam Constantemente Os Limites E As Atribuições Dos Poderes Executivo, Legislativo E Judiciário, Torna-se Imperativo Promover Reflexões Aprofundadas Sobre Os Mecanismos De Controle Recíproco, As Tensões Institucionais Contemporâneas E Os Caminhos Para O Fortalecimento Da Harmonia Entre Os Poderes. O Evento Reunirá Renomados Constitucionalistas, Magistrados, Parlamentares, Membros Do Ministério Público, Acadêmicos E Representantes Da Sociedade Civil Para Debater Temas Essenciais Como Os Limites Da Atuação De Cada Poder, O Fenômeno Da Judicialização Da Política, O Ativismo Judicial, As Relações Entre Executivo E Legislativo No Presidencialismo De Coalizão Brasileiro, Além Dos Desafios Impostos Pela Era Digital À Governança Democrática. O Seminário Representa Uma Oportunidade Ímpar Para O Intercâmbio De Experiências E Perspectivas Sobre A Aplicação Prática Do Princípio Da Separação De Poderes No Brasil Contemporâneo, Contribuindo Para O Aperfeiçoamento Institucional E O Fortalecimento Da Democracia Brasileira.  Contamos Com Sua Presença E Valiosa Contribuição Para Este Importante Debate Sobre Os Alicerces Da Nossa República. Data: 17 De Junho Mesa De Abertura: 9h - 10h - Deputado Hugo Motta - Presidente Da Câmara Dos Deputados - Deputado Márcio Jerry - Presidente Do Centro De Estudos E Debates Estratégicos - Senador Davi Alcolumbre - Presidente Do Senado Federal - Ministro Edson Fachin - Presidente Do Supremo Tribunal Federal - Ministro Wellington César Lima E Silva, Ministro Da Justiça  10h - 12h - Mesa De Debates  - Coordenação E Mediação: Deputado Márcio Jerry -  Martonio Mont'alverne, Professor Titular Da Universidade De Fortaleza E Procurador Da Procuradoria     Geral Do Município De Fortaleza -  Lara Mesquita, Professora Da Escola De Economia De São Paulo Da Fundação Getulio Vargas -fgv       Eesp -  Felipe Recondo, Jornalista, Pesquisador E Escritor, Especializado Em Informações Jurídicas E               Legislativas  12h - 13h - Coquetel De Encerramento",Convocada,Seminário,Convocado,Seminário,Auditório Nereu Ramos,,Câmara,2026-06-17,,2026,6,25,2026-06,537020,CEDES,Centro De Estudos E Debates Estratégicos,Conselho
81860,"Irrigação, Abastecimento E Gestão De Recursos Hídricos Em Minas Gerais  (req 18/2026 Cmads, Do Deputado Zé Vitor) Convidados:  Giuseppe Serra Seca Vieira Secretário Nacional De Segurança Hídrica Do Ministério Da Integração E Desenvolvimento Regional - Snsh Thales Almeida Pereira Fernandes Secretário De Agricultura, Pecuária E Abastecimento De Minas Gerais - Seapa Marília Carvalho De Melo Companhia De Saneamento De Minas Gerais - Copasa Lysandro Norton Siqueira Secretario De Meio Ambiente E Desenvolvimento Sustentável De Minas Gerais - Semad Marcelo Da Fonseca Diretor-geral Do Instituto Mineiro De Gestão Das Águas - Igam Lucas Vieira Lopes Presidente Da Associação Mineira De Municípios - Amn Antônio Pitangui De Salvo Presidente Da Federação Da Agricultura E Pecuária Do Estado De Minas Gerais - Faemg Representante Associação De Irrigantes De Minas Gerais",Convocada,Seminário,Convocado,Seminário,,"Monteccer - Av. Olegário Maciel, 629 - Monte Carmelo - Mg",Externo,2026-05-18,,2026,5,21,2026-05,6174,CMADS,Comissão De Meio Ambiente E Desenvolvimento Sustentável,Comissão
81918,"Homenagem Às Vítimas Do Acidente Aéreo Da Associação Chapecoense De Futebol E Em Celebração À Vida E Superação Dos Sobreviventes Brasileiros, No Marco De Dez Anos Da Tragédia  Homenagem Às Às Vítimas Do Acidente Aéreo Da Associação Chapecoense De Futebol E Em Celebração À Vida E Superação Dos Sobreviventes Brasileiros, No Marco De Dez Anos Da Tragédia",Agendada,Sessão Não Deliberativa Solene,Agendada,Sessão,Plenário Da Câmara Dos Deputados,,Câmara,2026-05-28,,2026,5,22,2026-05,180,PLEN,Plenário,Plenário
81495,Homenagem Ao Dia Da Família,Agendada,Sessão Não Deliberativa Solene,Agendada,Sessão,Plenário Da Câmara Dos Deputados,,Câmara,2026-05-19,,2026,5,21,2026-05,180,PLEN,Plenário,Plenário
81858,"Suspensão Do Aporte Financeiro Para O Financiamento Da Construção Do Túnel Santos-guarujá  (req 44/2026 Cvt, Da Deputada Rosana Valle) . Tomé Franca, Ministro De Estado Dos Portos E Aeroportos.",Convocada,Audiência Pública,Convocado,Audiência Pública,A Definir,,Câmara,2026-05-20,,2026,5,21,2026-05,2016,CVT,Comissão De Viação E Transportes,Comissão
81872,"Esporte:  Síndrome De Down E Transtorno Do Espectro Autista  Audiência Pública Para Discutir O Papel Da Prática Esportiva No Desenvolvimento De Pessoas Com Síndrome De Down E Pessoas Com Transtorno Do Espectro Autista, Em Atenção Ao Requerimento Nº 16/2026, De Autoria Do Deputado Danrlei De Deus Hinterholz. Convidados Confirmados: -sr. Pedro Lucas Costa, Professor E Pesquisador Do Núcleo De Autismo E Neurodiversidade Da Universidade De Brasília; Coordenador Da Especialização Em Autismo E Educação: Inclusão, Aprendizado E Desenvolvimento - Uni-ijuí Universidade Regional Do Noroeste Do Estado Do Rio Grande Do Sul; - Sr. Juarez Oliveira Sampaio, Professor Substituto Da Faculdade De Educação Física Da Universidade De Brasília; -sr. Lucas Forgiarini De Matos, Estudante Egresso Da Unijuí E Técnico Administrativo Da Universidade:  Bacharel Em Educação Física E Pessoa Com Síndrome De Down; --sra. Cleunice Bohn De Lima, Presidente Da Federação Brasileira Das Associações De Síndrome De Down E Representante Da Futsaldown Df; Aguardando Confirmação: -sra.  Catia Dionéia De Souza Vieira, Presidente Do Conselho Estadual Dos Direitos Das Pessoas Com Deficiência - Coepede E Diretora Financeira Da Associação De Pais De Pessoas Com Síndrome De Down De Pelotas - Apadpel. (representando Ambas As Instituições);",Convocada,Audiência Pública,Convocado,Audiência Pública,"Anexo Ii, Plenário 04",,Câmara,2026-06-10,,2026,6,24,2026-06,537236,CESPO,Comissão Do Esporte,Comissão
81703,"Seminário Sobre O \"brasil Legal\"  Seminário Sobre O \"brasil Legal\". Convidados: Antonio Ricardo Alvarez Alban, Presidente Da Confederação Nacional Da Indústria - Cni (a Confirmar); Antonio Florencio De Queiroz, Presidente Da Federação Do Comércio De Bens, Serviços E Turismo Do Estado Do Rio De Janeiro (confirmado); Luiz Césio Caetano, Presidente Da Firjan (a Confirmar); José Eduardo Cidade, Presidente Da Associação Brasileira De Bebidas Destiladas - Abbd (a Confirmar); James Thorp Neto, Presidente Da Federação Nacional Do Comércio De Combustíveis E Lubrificantes - Fecombustíveis (a Confirmar); Julio César Castelo Branco Reis Moreira, Presidente Do Instituto Nacional De Propriedade Industrial - Inpi (confirmado); Andre Faissal, Consultor Da Associação Brasileira Da Indústria Do Fumo - Abifumo (confirmado); Renato Porto, Presidente Executivo Da Associação Da Indústria Farmacêutica De Pesquisa -interfarma (a Confirmar); E Juliano Pasqual, Secretário De Fazenda Do Estado Do Rio De Janeiro (a Confirmar). (requerimento Nº 3/2026, Do Dep. Julio Lopes)",Convocada,Seminário,Convocado,Seminário,,Casa Firjan - Rio De Janeiro,Externo,2026-05-22,,2026,5,21,2026-05,539837,CEXBRLEG,Comissão Externa Destinada A Discutir Os Atos De Pirataria E A Agenda Do Chamado “brasil Legal”,Comissão
81821,Homenagem Aos 100 Anos Do Dr. Jorge Prado Leite,Agendada,Sessão Não Deliberativa Solene,Agendada,Sessão,Plenário Da Câmara Dos Deputados,,Câmara,2026-06-16,,2026,6,25,2026-06,180,PLEN,Plenário,Plenário
81856,Homenagem Aos 65 Anos Da Igreja Assembleia De Deus Ministério Vila Nova,Agendada,Sessão Não Deliberativa Solene,Agendada,Sessão,Plenário Da Câmara Dos Deputados,,Câmara,2026-06-24,,2026,6,26,2026-06,180,PLEN,Plenário,Plenário
81870,"A Segurança Viária No Brasil  (req 198/2026 Cspcco, Do Deputado Coronel Meira) 1) Bruno Alves (confirmado)    Presidente Da Federação Nacional Dos Sindicatos Estaduais Dos Servidores Dos Detrans Estaduais, Municipais E Do Distrito Federal 2) Fernando Capez (a Confirmar)    Professor, Palestrante, Advogado E Procurador De Justiça, Aposentado 3) Representante (a Confirmar)    Polícia Rodoviária Federal - Pf",Convocada,Audiência Pública,Convocado,Audiência Pública,"Anexo Ii, Plenário 02",,Câmara,2026-05-20,,2026,5,21,2026-05,5503,CSPCCO,Comissão De Segurança Pública E Combate Ao Crime Organizado,Comissão
81887,"Atraso Na Entrega De Livros Em Braile Aos Estudantes Com Deficiência Visual Na Educação Básica.  1) (a Confirmar) Representante Do Ministério Da Educação;  2)  (a Confirmar)  Representante Do Fundo Nacional De Desenvolvimento Da Educação (fnde); 3) Janaína Barcellos (a Confirmar) - Presidente Do Instituto Holofotes;  4)  Marcelo Pânico (a Confirmar) - Representante Da Fundação Dorina. (req 20/2026 Ce, Da Deputada Maria Rosas)",Convocada,Audiência Pública,Convocado,Audiência Pública,A Definir,,Câmara,2026-05-19,,2026,5,21,2026-05,2009,CE,Comissão De Educação,Comissão
81494,"Homenagem Às Lideranças Da Tradição Iorubá Para A Preservação Da Cultura Afro-brasileira, Da Liberdade Religiosa E Da Difusão Dos Saberes Ancestrais Do Brasil",Agendada,Sessão Não Deliberativa Solene,Agendada,Sessão,Plenário Da Câmara Dos Deputados,,Câmara,2026-05-15,,2026,5,20,2026-05,180,PLEN,Plenário,Plenário
81736,Homenagem Aos 30 Anos Da Coordenação Nacional De Articulação Das Comunidades Negras Rurais Quilombolas,Agendada,Sessão Não Deliberativa Solene,Agendada,Sessão,Plenário Da Câmara Dos Deputados,,Câmara,2026-05-26,,2026,5,22,2026-05,180,PLEN,Plenário,Plenário
81807,Homenagem Aos 28 Anos Da Igreja Mundial Do Poder De Deus,Agendada,Sessão Não Deliberativa Solene,Agendada,Sessão,Plenário Da Câmara Dos Deputados,,Câmara,2026-06-09,,2026,6,24,2026-06,180,PLEN,Plenário,Plenário
81815,Homenagem Aos 70 Anos Do Conselho Federal De Química,Agendada,Sessão Não Deliberativa Solene,Agendada,Sessão,Plenário Da Câmara Dos Deputados,,Câmara,2026-06-18,,2026,6,25,2026-06,180,PLEN,Plenário,Plenário
81751,Homenagem Ao 80º Aniversário Da Independência Do Reino Hachemita Da Jordânia,Agendada,Sessão Não Deliberativa Solene,Agendada,Sessão,Plenário Da Câmara Dos Deputados,,Câmara,2026-05-18,,2026,5,21,2026-05,180,PLEN,Plenário,Plenário
81781,"Concessão Br 116 No Vale Do Ribeira/sp  (req 43/2026 Cvt, Do Deputado Paulo Alexandre Barbosa) . George Santoro,  Ministro Dos Transportes; . Guilherme Theo Rodrigues Sampaio Diretor-geral Da Agencia Nacional De Transportes Terrestres (antt);  . Viviane Esse, Secretaria Nacional Do Transporte Rodoviario;  . Samuel Moreira,  Prefeito Do Municipio De Registro;  . Mario Povia, Diretor Presidente Do Instituto Brasileiro De Infraestrutura; . Marti Carbonell Mascaró,  Diretor Presidente Da Concessionaria Arteris.",Convocada,Audiência Pública,Convocado,Audiência Pública,"Anexo Ii, Plenário 11",,Câmara,2026-05-19,,2026,5,21,2026-05,2016,CVT,Comissão De Viação E Transportes,Comissão
81910,Homenagem Aos Oitenta Anos De Atuação Do Serviço Social Da Indústria – Sesi,Agendada,Sessão Não Deliberativa Solene,Agendada,Sessão,Plenário Da Câmara Dos Deputados,,Câmara,2026-07-01,,2026,7,27,2026-07,180,PLEN,Plenário,Plenário
81808,"Homenagem Ao Dia Do Nascituro  Homenagem Ao Dia Do Nascituro,",Agendada,Sessão Não Deliberativa Solene,Agendada,Sessão,Plenário Da Câmara Dos Deputados,,Câmara,2026-06-09,,2026,6,24,2026-06,180,PLEN,Plenário,Plenário
81809,Sessão Solene Para Outorga Da Medalha Do Mérito Evangélico,Agendada,Sessão Não Deliberativa Solene,Agendada,Sessão,Plenário Da Câmara Dos Deputados,,Câmara,2026-06-10,,2026,6,24,2026-06,180,PLEN,Plenário,Plenário
81816,Homenagem Aos 60 Anos Do Salário Mínimo Profissional Da Engenharia E Da Agronomia,Agendada,Sessão Não Deliberativa Solene,Agendada,Sessão,Plenário Da Câmara Dos Deputados,,Câmara,2026-06-23,,2026,6,26,2026-06,180,PLEN,Plenário,Plenário
81646,Frente Parlamentar Do Taxi,Convocada,Reunião Técnica,Convocado,Reunião,"Anexo Ii, Plenário 03",,Câmara,2026-05-26,,2026,5,22,2026-05,,,,
81805,Homenagem Ao Dia Internacional Do Cooperativismo,Agendada,Sessão Não Deliberativa Solene,Agendada,Sessão,Plenário Da Câmara Dos Deputados,,Câmara,2026-07-07,,2026,7,28,2026-07,180,PLEN,Plenário,Plenário
