id_deputado,dept_tx_nome_parlamentar,part_sg_partido,uf_sg_uf,qt_votacoes,qt_ausencias,pc_ausencia
178943,Marcos Soares,UNIÃO,RJ,672,1,0.15
204398,Felipe Francischini,UNIÃO,PR,1410,1,0.07
204570,Pastor Gil,PL,MA,976,1,0.1
178844,Pedro Vilela,PSDB,AL,371,0,0.0
178862,Tia Eron,REPUBLICANOS,BA,125,0,0.0
178993,Carlos Henrique Gaguim,UNIÃO,TO,1287,1,0.08
204398,Felipe Francischini,,PR,50,0,0.0
178993,Carlos Henrique Gaguim,REPUBLICANOS,TO,60,0,0.0
178943,Marcos Soares,,RJ,34,0,0.0
178993,Carlos Henrique Gaguim,,TO,52,0,0.0
204455,Luiz Lima,PL,RJ,1023,0,0.0
141553,Vanderlei Macris,PSDB,SP,392,0,0.0
204455,Luiz Lima,,RJ,56,0,0.0
204386,Jose Mario Schreiner,MDB,GO,315,0,0.0
204455,Luiz Lima,UNIÃO,RJ,19,0,0.0
204386,Jose Mario Schreiner,UNIÃO,GO,92,0,0.0
204386,Jose Mario Schreiner,,GO,54,0,0.0
204455,Luiz Lima,S.PART.,RJ,4,0,0.0
204363,Osires Damaso,PSC,TO,333,0,0.0
204549,Aj Albuquerque,PP,CE,1156,1,0.09
74273,Jefferson Campos,PL,SP,1312,1,0.08
204503,Alexandre Padilha,PT,SP,454,0,0.0
141434,Flaviano Melo,MDB,AC,399,0,0.0
204389,Elias Vaz,PSB,GO,418,0,0.0
204569,Delegado Pablo,,AM,40,0,0.0
204569,Delegado Pablo,UNIÃO,AM,302,0,0.0
160639,Professora Dorinha Seabra Rezende,UNIÃO,TO,255,0,0.0
160639,Professora Dorinha Seabra Rezende,,TO,39,0,0.0
74273,Jefferson Campos,PSB,SP,109,0,0.0
122466,Ronaldo Martins,REPUBLICANOS,CE,38,0,0.0
133439,André Figueiredo,PDT,CE,1357,1,0.07
160587,Fábio Trad,PSD,MS,422,0,0.0
178909,Hélio Leite,UNIÃO,PA,590,0,0.0
122158,Pedro Paulo,PSD,RJ,830,0,0.0
178909,Hélio Leite,,PA,41,0,0.0
141421,Eduardo Da Fonte,PP,PE,1267,1,0.08
204507,Carla Zambelli,PL,SP,917,0,0.0
204479,Nicoletti,UNIÃO,RR,1336,1,0.07
178884,Hildo Rocha,MDB,MA,1026,1,0.1
204479,Nicoletti,,RR,56,0,0.0
74075,Elcione Barbalho,MDB,PA,893,0,0.0
204507,Carla Zambelli,UNIÃO,SP,47,0,0.0
204507,Carla Zambelli,,SP,55,0,0.0
204409,Daniel Trzeciak,PSDB,RS,1297,1,0.08
204431,Marcos Aurélio Sampaio,PSD,PI,1151,1,0.09
178933,Sergio Souza,MDB,PR,1254,1,0.08
204412,Dr. Zacharias Calil,UNIÃO,GO,1346,0,0.0
204431,Marcos Aurélio Sampaio,MDB,PI,149,0,0.0
204412,Dr. Zacharias Calil,,GO,52,0,0.0
73531,Ivan Valente,PSOL,SP,1412,1,0.07
204434,Dra. Vanda Milani,SOLIDARIEDADE,AC,127,0,0.0
204434,Dra. Vanda Milani,PROS,AC,232,0,0.0
204368,Fabio Schiochet,UNIÃO,SC,1385,1,0.07
178928,Christiane De Souza Yared,PP,PR,332,0,0.0
178836,Alan Rick,UNIÃO,AC,315,0,0.0
178836,Alan Rick,,AC,54,0,0.0
178928,Christiane De Souza Yared,PL,PR,111,0,0.0
204368,Fabio Schiochet,,SC,51,0,0.0
204531,Guilherme Derrite,PP,SP,197,0,0.0
74317,Júlio Cesar,PSD,PI,1134,1,0.09
204528,Adriana Ventura,NOVO,SP,1514,1,0.07
204531,Guilherme Derrite,PL,SP,312,0,0.0
218879,Nelho Bezerra,UNIÃO,CE,173,0,0.0
218879,Nelho Bezerra,PROS,CE,43,0,0.0
143084,Tiago Dimas,SOLIDARIEDADE,TO,134,0,0.0
74419,Gonzaga Patriota,PSB,PE,406,0,0.0
214865,Joceval Rodrigues,CIDADANIA,BA,65,0,0.0
92172,Milton Coelho,PSB,PE,296,0,0.0
143084,Tiago Dimas,PODE,TO,584,1,0.17
178935,Rossoni,PSDB,PR,150,0,0.0
73801,Renildo Calheiros,PCDOB,PE,1423,1,0.07
133810,Marcelo Moraes,PL,RS,1107,0,0.0
204572,Capitão Alberto Neto,PL,AM,1349,0,0.0
73604,Rui Falcão,PT,SP,1454,1,0.07
204419,Glaustin Da Fokus,PSC,GO,396,0,0.0
204572,Capitão Alberto Neto,REPUBLICANOS,AM,67,0,0.0
133810,Marcelo Moraes,PTB,RS,59,0,0.0
152605,Glauber Braga,PSOL,RJ,1263,1,0.08
178964,Heitor Schuch,PSB,RS,930,0,0.0
219585,Marco Brasil,PP,PR,612,0,0.0
141488,Paulo Teixeira,PT,SP,449,0,0.0
178922,Tadeu Alencar,PSB,PE,406,0,0.0
204462,Chris Tonietto,PL,RJ,1414,0,0.0
215043,Josivaldo Jp,PSD,MA,1129,0,0.0
215043,Josivaldo Jp,PODE,MA,146,0,0.0
204462,Chris Tonietto,UNIÃO,RJ,46,0,0.0
204462,Chris Tonietto,,RJ,51,0,0.0
141398,Carlos Zarattini,PT,SP,1384,1,0.07
74439,Wolney Queiroz,PDT,PE,306,0,0.0
216544,Paulo Vicente Caleffi,PSD,RS,110,0,0.0
204395,Pedro Lupion,PP,PR,885,1,0.11
204395,Pedro Lupion,,PR,27,0,0.0
204395,Pedro Lupion,UNIÃO,PR,39,0,0.0
220569,Silvye Alves,UNIÃO,GO,826,1,0.12
220556,Ana Paula Lima,PT,SC,961,1,0.1
98148,Cobalchini,MDB,SC,1021,1,0.1
220618,Sargento Portugal,PODE,RJ,964,1,0.1
220598,Tarcísio Motta,PSOL,RJ,1110,1,0.09
220638,Antonio Carlos Rodrigues,PL,SP,1006,1,0.1
74171,Chico Alencar,PSOL,RJ,1151,1,0.09
224333,Welter,PT,PR,933,1,0.11
204455,Luiz Lima,NOVO,RJ,472,1,0.21
77003,Sergio Santos Rodrigues,PODE,MG,91,0,0.0
220564,Yandra Moura,UNIÃO,SE,675,1,0.15
220644,Rosangela Moro,UNIÃO,SP,986,0,0.0
234310,Ricardo Galvão,REDE,SP,148,0,0.0
220665,Clarissa Tércio,PP,PE,879,1,0.11
141487,Luiz Fernando Faria,PSD,MG,832,1,0.12
220595,Coronel Fernanda,PL,MT,1079,1,0.09
220684,Tião Medeiros,PP,PR,814,1,0.12
220532,Rafael Prudente,MDB,DF,776,1,0.13
220585,Mersinho Lucena,PP,PB,723,0,0.0
220708,Gabriel Nunes,PSD,BA,1024,1,0.1
204419,Glaustin Da Fokus,PODE,GO,563,0,0.0
220605,Bandeira De Mello,PSB,RJ,990,1,0.1
220597,Thiago Flores,REPUBLICANOS,RO,562,1,0.18
220563,Icaro De Valmir,PL,SE,828,0,0.0
220635,Bruno Ganem,PODE,SP,1004,1,0.1
233218,Nelinho Freitas,MDB,CE,102,0,0.0
220612,Bebeto,PP,RJ,1075,1,0.09
91228,Waldemar Oliveira,AVANTE,PE,1171,1,0.09
74374,Geraldo Resende,PSDB,MS,946,1,0.11
220647,Mauricio Neves,PP,SP,617,1,0.16
220586,Rafael Brito,MDB,AL,903,1,0.11
204395,Pedro Lupion,REPUBLICANOS,PR,109,0,0.0
222142,Coronel Telhada,PP,SP,377,0,0.0
226553,Eliane Braz,PSD,CE,87,0,0.0
103758,Luciano Azevedo,PSD,RS,376,0,0.0
220593,Abilio Brunini,PL,MT,414,0,0.0
227370,Felipe Saliba,PATRIOTA,MG,49,0,0.0
220705,Deltan Dallagnol,PODE,PR,80,0,0.0
221378,Reginete Bispo,PT,RS,491,0,0.0
220597,Thiago Flores,MDB,RO,331,0,0.0
220634,Marcelo Lima,S.PART.,SP,27,0,0.0
227324,Henrique Júnior,PL,MA,92,0,0.0
220634,Marcelo Lima,PSB,SP,179,0,0.0
115200,Raniery Paulino,REPUBLICANOS,PB,72,0,0.0
228797,Júlio Oliveira,PP,TO,87,0,0.0
229939,Newton Bonin,UNIÃO,PR,128,0,0.0
227370,Felipe Saliba,PRD,MG,46,0,0.0
227991,Dr Flávio,PL,RJ,164,0,0.0
204398,Felipe Francischini,PODE,PR,14,0,0.0
178943,Marcos Soares,PSDB,RJ,9,0,0.0
204479,Nicoletti,PL,RR,40,0,0.0
220644,Rosangela Moro,PL,SP,17,0,0.0
204412,Dr. Zacharias Calil,MDB,GO,1,0,0.0
141487,Luiz Fernando Faria,UNIÃO,MG,11,0,0.0
220585,Mersinho Lucena,PSD,PB,12,0,0.0
178964,Heitor Schuch,PSD,RS,11,0,0.0
220563,Icaro De Valmir,REPUBLICANOS,SE,14,0,0.0
220605,Bandeira De Mello,PV,RJ,18,0,0.0
220597,Thiago Flores,UNIÃO,RO,9,0,0.0
74374,Geraldo Resende,UNIÃO,MS,1,0,0.0
74749,Mauro Lopes,PP,MG,257,0,0.0
160655,Ricardo Izar,PP,SP,66,0,0.0
204573,Otto Alencar Filho,PSD,BA,1236,1,0.08
74749,Mauro Lopes,MDB,MG,109,0,0.0
160655,Ricardo Izar,REPUBLICANOS,SP,218,0,0.0
204432,Marina Santos,REPUBLICANOS,PI,349,0,0.0
204454,Daniel Silveira,PTB,RJ,371,0,0.0
204454,Daniel Silveira,UNIÃO,RJ,83,0,0.0
204519,Tiago Mitraud,NOVO,MG,513,0,0.0
204564,Igor Kannário,UNIÃO,BA,194,0,0.0
204432,Marina Santos,PL,PI,87,0,0.0
204454,Daniel Silveira,,RJ,55,0,0.0
204564,Igor Kannário,,BA,39,0,0.0
141427,Fábio Ramalho,MDB,MG,352,0,0.0
204427,Fernando Rodolfo,PL,PE,1175,0,0.0
204485,Luiz Carlos Motta,PL,SP,1320,0,0.0
204518,Dr. Frederico,PATRIOTA,MG,546,0,0.0
73486,Pompeo De Mattos,PDT,RS,1413,1,0.07
178985,Miguel Lombardi,PL,SP,1449,1,0.07
75431,Maurício Dziedricki,PODE,RS,339,0,0.0
160642,Pastor Eurico,PL,PE,1220,1,0.08
194260,Nivaldo Albuquerque,REPUBLICANOS,AL,216,0,0.0
160642,Pastor Eurico,PATRIOTA,PE,105,0,0.0
204525,Rosana Valle,PL,SP,1263,0,0.0
204525,Rosana Valle,PSB,SP,135,0,0.0
194260,Nivaldo Albuquerque,PTB,AL,57,0,0.0
75431,Maurício Dziedricki,PTB,RS,130,0,0.0
204422,Ossesio Silva,REPUBLICANOS,PE,1336,1,0.07
204523,Lucas Gonzalez,NOVO,MG,456,0,0.0
141516,Paulo Abi-ackel,PSDB,MG,990,1,0.1
178969,Fábio Mitidieri,PSD,SE,219,0,0.0
204382,Loester Trutis,UNIÃO,MS,46,0,0.0
178996,Giovani Feltes,MDB,RS,416,0,0.0
204512,Delegado Marcelo Freitas,UNIÃO,MG,1576,1,0.06
73772,Hermes Parcianello,MDB,PR,243,0,0.0
204382,Loester Trutis,PL,MS,238,0,0.0
160591,Vinicius Gurgel,PL,AP,916,0,0.0
204382,Loester Trutis,,MS,55,0,0.0
204512,Delegado Marcelo Freitas,,MG,56,0,0.0
141401,Carlos Bezerra,MDB,MT,167,0,0.0
204449,Nelson Barbudo,PL,MT,645,0,0.0
160604,Pedro Uczai,PT,SC,1339,1,0.07
160667,Guilherme Mussi,PP,SP,244,0,0.0
204449,Nelson Barbudo,,MT,51,0,0.0
178857,Jorge Solla,PT,BA,1281,1,0.08
204449,Nelson Barbudo,UNIÃO,MT,28,0,0.0
178829,Capitão Augusto,PL,SP,1409,0,0.0
74253,Julio Lopes,PP,RJ,824,1,0.12
143632,Domingos Neto,PSD,CE,869,1,0.12
204396,Vermelho,PSD,PR,102,0,0.0
204396,Vermelho,PL,PR,608,0,0.0
178832,Leandre,PSD,PR,286,0,0.0
204487,Capitão Wagner,PROS,CE,67,0,0.0
178832,Leandre,PV,PR,69,0,0.0
204487,Capitão Wagner,UNIÃO,CE,113,0,0.0
204365,Gilson Marques,NOVO,SC,1679,1,0.06
178992,Vitor Lippi,PSDB,SP,1264,1,0.08
204538,Paulo Bengtson,PTB,PA,269,0,0.0
150418,Márcio Marinho,REPUBLICANOS,BA,1206,1,0.08
178948,Beto Rosado,PP,RN,372,0,0.0
141508,Mauro Nazif,PSB,RO,448,0,0.0
178896,Newton Cardoso Jr,MDB,MG,836,0,0.0
204464,Talíria Petrone,PSOL,RJ,1031,1,0.1
160528,Danilo Cabral,PSB,PE,375,0,0.0
204520,Junio Amaral,PL,MG,1228,1,0.08
204520,Junio Amaral,UNIÃO,MG,45,0,0.0
204520,Junio Amaral,,MG,55,0,0.0
204411,Filipe Barros,PL,PR,889,1,0.11
141513,Bilac Pinto,UNIÃO,MG,311,0,0.0
141518,Paulinho Da Força,SOLIDARIEDADE,SP,571,1,0.18
204411,Filipe Barros,UNIÃO,PR,64,0,0.0
141335,Beto Faro,PT,PA,433,0,0.0
92776,Stefano Aguiar,PSD,MG,1033,1,0.1
178986,Nilto Tatto,PT,SP,1492,1,0.07
178939,Clarissa Garotinho,PROS,RJ,131,0,0.0
178939,Clarissa Garotinho,UNIÃO,RJ,228,0,0.0
204411,Filipe Barros,,PR,45,0,0.0
141513,Bilac Pinto,,MG,44,0,0.0
204536,Kim Kataguiri,UNIÃO,SP,1285,1,0.08
204556,Marcelo Ramos,PSD,AM,179,0,0.0
160553,Antonio Brito,PSD,BA,655,1,0.15
178839,Jéssica Sales,MDB,AC,158,0,0.0
204571,Alex Santana,PDT,BA,72,0,0.0
204571,Alex Santana,REPUBLICANOS,BA,940,1,0.11
92699,Fernando Monteiro,PP,PE,905,0,0.0
206231,Ted Conti,PSB,ES,120,0,0.0
204536,Kim Kataguiri,,SP,44,0,0.0
204556,Marcelo Ramos,PL,AM,40,0,0.0
204489,Robério Monteiro,PDT,CE,1105,1,0.09
204442,Gurgel,PL,RJ,321,0,0.0
132504,Enio Verri,PT,PR,464,0,0.0
204442,Gurgel,,RJ,54,0,0.0
204442,Gurgel,UNIÃO,RJ,98,0,0.0
204529,Policial Katia Sastre,PL,SP,447,0,0.0
164359,Delegado Waldir,UNIÃO,GO,353,0,0.0
204355,Da Vitoria,PP,ES,1320,1,0.08
204355,Da Vitoria,CIDADANIA,ES,100,0,0.0
164359,Delegado Waldir,,GO,54,0,0.0
206018,Célia Xakriabá,PSOL,MG,847,1,0.12
220588,Roberto Duarte,REPUBLICANOS,AC,1286,1,0.08
220704,Carol Dartora,PT,PR,719,0,0.0
220594,Coronel Assis,UNIÃO,MT,1017,1,0.1
220694,Ricardo Maia,MDB,BA,877,1,0.11
104552,Socorro Neri,PP,AC,894,1,0.11
220561,Delegada Katarina,PSD,SE,1034,1,0.1
204518,Dr. Frederico,PRD,MG,570,0,0.0
233592,Paulo Lemos,PSOL,AP,145,1,0.69
220570,Dr. Ismael Alexandrino,PSD,GO,789,1,0.13
220651,Simone Marquetto,MDB,SP,720,1,0.14
220674,Dra. Alessandra Haber,MDB,PA,637,1,0.16
73579,Alberto Fraga,PL,DF,1032,0,0.0
204396,Vermelho,PP,PR,264,1,0.38
163321,Ronaldo Nogueira,REPUBLICANOS,RS,687,1,0.15
220695,Rogéria Santos,REPUBLICANOS,BA,892,0,0.0
74095,Pauderney Avelino,UNIÃO,AM,537,1,0.19
220606,Reimont,PT,RJ,959,1,0.1
220631,Samuel Viana,REPUBLICANOS,MG,659,1,0.15
220632,Ana Pimentel,PT,MG,978,0,0.0
74454,Eunício Oliveira,MDB,CE,647,1,0.15
107970,Ana Paula Leão,PP,MG,918,1,0.11
210989,Bruno Farias,AVANTE,MG,839,1,0.12
220683,Beto Richa,PSDB,PR,1025,1,0.1
220715,Amom Mandel,CIDADANIA,AM,730,1,0.14
220537,Helena Lima,MDB,RR,636,0,0.0
92699,Fernando Monteiro,REPUBLICANOS,PE,250,0,0.0
220583,Delegado Fabio Costa,PP,AL,1085,1,0.09
92699,Fernando Monteiro,PSD,PE,103,0,0.0
220560,Thiago De Joaldo,PP,SE,791,1,0.13
224117,Gabriel Mota,REPUBLICANOS,RR,988,1,0.1
230762,Pastor Claudio Mariano,UNIÃO,PA,277,0,0.0
209787,Nikolas Ferreira,PL,MG,1042,1,0.1
74428,Mendonça Filho,UNIÃO,PE,954,1,0.1
220551,Franciane Bayer,REPUBLICANOS,RS,985,1,0.1
73806,Roseana Sarney,MDB,MA,270,0,0.0
220631,Samuel Viana,PL,MG,255,0,0.0
229069,Capitão Samuel,PP,SE,58,0,0.0
230177,Tadeu Oliveira,PL,CE,83,0,0.0
220594,Coronel Assis,PL,MT,24,0,0.0
204427,Fernando Rodolfo,PRD,PE,15,0,0.0
160642,Pastor Eurico,PSDB,PE,12,0,0.0
233592,Paulo Lemos,PT,AP,10,0,0.0
220674,Dra. Alessandra Haber,PODE,PA,7,0,0.0
220651,Simone Marquetto,PP,SP,6,0,0.0
204449,Nelson Barbudo,PODE,MT,2,0,0.0
235620,Ilacir Bicalho,REPUBLICANOS,MG,16,0,0.0
235620,Ilacir Bicalho,PODE,MG,2,0,0.0
178992,Vitor Lippi,PSD,SP,33,0,0.0
220631,Samuel Viana,UNIÃO,MG,10,0,0.0
220537,Helena Lima,PSD,RR,9,0,0.0
210989,Bruno Farias,REPUBLICANOS,MG,11,0,0.0
220715,Amom Mandel,REPUBLICANOS,AM,7,0,0.0
204536,Kim Kataguiri,MISSÃO,SP,44,0,0.0
204489,Robério Monteiro,PSB,CE,14,0,0.0
224117,Gabriel Mota,UNIÃO,RR,15,0,0.0
220560,Thiago De Joaldo,REPUBLICANOS,SE,12,0,0.0
74428,Mendonça Filho,PL,PE,13,0,0.0
162332,Luiz Nishimori,PSD,PR,1030,1,0.1
204522,Marco Bertaiolli,PSD,SP,518,0,0.0
197438,Tito,AVANTE,BA,484,0,0.0
162332,Luiz Nishimori,PL,PR,102,0,0.0
178984,Miguel Haddad,PSDB,SP,75,0,0.0
178966,Geovania De Sá,PSDB,SC,1149,1,0.09
141450,Hugo Leal,PSD,RJ,1131,1,0.09
204574,Junior Lourenço,PL,MA,767,1,0.13
123756,Antônia Lúcia,REPUBLICANOS,AC,833,1,0.12
204369,Caroline De Toni,PL,SC,1444,0,0.0
204381,Luis Miranda,REPUBLICANOS,DF,375,0,0.0
160545,Alexandre Leite,UNIÃO,SP,713,0,0.0
204369,Caroline De Toni,UNIÃO,SC,43,0,0.0
205535,Patricia Ferraz,PODE,AP,68,0,0.0
204369,Caroline De Toni,,SC,53,0,0.0
204381,Luis Miranda,,DF,49,0,0.0
160545,Alexandre Leite,,SP,47,0,0.0
204381,Luis Miranda,UNIÃO,DF,19,0,0.0
205535,Patricia Ferraz,PL,AP,5,0,0.0
204475,Ottaci Nascimento,SOLIDARIEDADE,RR,349,0,0.0
141458,João Carlos Bacelar,PL,BA,890,1,0.11
160542,Márcio Macêdo,PT,SE,233,0,0.0
178866,Luizianne Lins,PT,CE,1265,1,0.08
118594,Marcelo Squassoni,REPUBLICANOS,SP,121,0,0.0
136811,Afonso Hamm,PP,RS,1142,1,0.09
204559,Zé Neto,PT,BA,1177,1,0.08
92346,Eduardo Bolsonaro,PL,SP,727,0,0.0
178910,Joaquim Passarinho,PL,PA,1379,1,0.07
178910,Joaquim Passarinho,PSD,PA,123,0,0.0
204353,Aline Gurgel,REPUBLICANOS,AP,367,0,0.0
92346,Eduardo Bolsonaro,UNIÃO,SP,47,0,0.0
178931,Luciano Ducci,PSB,PR,1313,1,0.08
92346,Eduardo Bolsonaro,,SP,56,0,0.0
178929,Diego Garcia,PODE,PR,67,0,0.0
178908,Delegado Éder Mauro,PL,PA,1106,1,0.09
141408,Cleber Verde,REPUBLICANOS,MA,490,0,0.0
204558,Marcelo Nilo,REPUBLICANOS,BA,315,0,0.0
74283,Vicentinho,PT,SP,1369,1,0.07
204558,Marcelo Nilo,PSB,BA,127,0,0.0
178908,Delegado Éder Mauro,PSD,PA,64,0,0.0
178929,Diego Garcia,REPUBLICANOS,PR,1338,1,0.07
204420,Julian Lemos,UNIÃO,PB,352,0,0.0
74366,João Campos,REPUBLICANOS,GO,375,0,0.0
204388,Bibo Nunes,PL,RS,1434,1,0.07
160598,Flávia Morais,PDT,GO,1199,1,0.08
204420,Julian Lemos,,PB,36,0,0.0
204388,Bibo Nunes,,RS,54,0,0.0
204388,Bibo Nunes,UNIÃO,RS,20,0,0.0
204453,Natália Bonavides,PT,RN,1346,1,0.07
204392,Francisco Jr.,PSD,GO,446,0,0.0
160653,Roberto De Lucena,REPUBLICANOS,SP,301,0,0.0
204359,Léo Moraes,PODE,RO,446,0,0.0
62881,Danilo Forte,UNIÃO,CE,1009,1,0.1
160653,Roberto De Lucena,PODE,SP,107,0,0.0
204554,Abílio Santana,PSC,BA,198,0,0.0
204440,Christino Aureo,PP,RJ,424,0,0.0
160641,Professora Marcivania,PCDOB,AP,744,1,0.13
62881,Danilo Forte,PSDB,CE,87,0,0.0
204554,Abílio Santana,PL,BA,123,0,0.0
204407,Fernanda Melchionna,PSOL,RS,1394,1,0.07
178876,Célio Silveira,PSDB,GO,131,0,0.0
178876,Célio Silveira,MDB,GO,1032,0,0.0
160651,Rogério Peninha Mendonça,MDB,SC,413,0,0.0
115746,Gelson Azevedo,PL,RJ,478,0,0.0
178953,Expedito Netto,PSD,RO,437,0,0.0
178972,Alex Manente,CIDADANIA,SP,705,1,0.14
204460,Carlos Jordy,PL,RJ,1362,1,0.07
141431,Fernando Coelho Filho,UNIÃO,PE,1122,1,0.09
204448,Luiz Antonio Corrêa,PP,RJ,665,1,0.15
74371,Rubens Otoni,PT,GO,1084,1,0.09
204527,Geninho Zuliani,UNIÃO,SP,89,0,0.0
178952,Walter Alves,MDB,RN,262,0,0.0
204460,Carlos Jordy,UNIÃO,RJ,31,0,0.0
141372,Aelton Freitas,PP,MG,256,0,0.0
141372,Aelton Freitas,PL,MG,103,0,0.0
204448,Luiz Antonio Corrêa,PL,RJ,124,0,0.0
204460,Carlos Jordy,,RJ,53,0,0.0
204527,Geninho Zuliani,,SP,24,0,0.0
141431,Fernando Coelho Filho,,PE,34,0,0.0
160645,Luiz Carlos,PSDB,AP,235,0,0.0
178945,Rosangela Gomes,REPUBLICANOS,RJ,365,0,0.0
178916,Daniel Coelho,CIDADANIA,PE,370,0,0.0
178930,Roman,PATRIOTA,PR,82,0,0.0
178930,Roman,PP,PR,41,0,0.0
204534,Tabata Amaral,PSB,SP,1491,0,0.0
160531,Jhonatan De Jesus,REPUBLICANOS,RR,414,0,0.0
178888,Victor Mendes,MDB,MA,171,0,0.0
160592,Zeca Dirceu,PT,PR,1292,1,0.08
73701,Benedita Da Silva,PT,RJ,1118,1,0.09
74848,Jandira Feghali,PCDOB,RJ,1501,1,0.07
204521,Abou Anni,,SP,45,0,0.0
204521,Abou Anni,UNIÃO,SP,375,0,0.0
204438,Sergio Toledo,PL,AL,136,0,0.0
160601,Pr. Marco Feliciano,PL,SP,1444,1,0.07
171617,Paulão,PT,AL,1392,1,0.07
178946,Soraya Santos,PL,RJ,1245,1,0.08
204490,Charlles Evangelista,,MG,47,0,0.0
204490,Charlles Evangelista,PP,MG,264,0,0.0
214477,Rrenato Queiroz,PSD,RR,188,0,0.0
204490,Charlles Evangelista,UNIÃO,MG,80,0,0.0
214477,Rrenato Queiroz,MDB,RR,20,0,0.0
204438,Sergio Toledo,PV,AL,55,0,0.0
220607,Max Lemos,PDT,RJ,985,1,0.1
220663,Eriberto Medeiros,PSB,PE,910,1,0.11
220543,Ricardo Ayres,REPUBLICANOS,TO,1225,1,0.08
66385,Julio Arcoverde,PP,PI,754,1,0.13
220591,Meire Serafim,UNIÃO,AC,895,1,0.11
220690,Capitão Alden,PL,BA,1067,1,0.09
220623,Duda Salabert,PDT,MG,894,1,0.11
220542,Alexandre Guimarães,MDB,TO,537,1,0.19
231911,Lenir De Assis,PT,PR,418,1,0.24
220603,Dani Cunha,UNIÃO,RJ,861,1,0.12
220629,Dandara,PT,MG,779,1,0.13
141408,Cleber Verde,MDB,MA,910,1,0.11
220529,Gilson Daniel,PODE,ES,1100,1,0.09
220641,Rodrigo Gambale,PODE,SP,992,1,0.1
220670,Iza Arruda,MDB,PE,835,1,0.12
220544,Antonio Andrade,REPUBLICANOS,TO,1013,1,0.1
221148,Alfredinho,PT,SP,1039,1,0.1
175765,Ribamar Silva,PSD,SP,400,1,0.25
234788,Heloísa Helena,REDE,RJ,77,0,0.0
220577,Augusto Puppio,MDB,AP,669,0,0.0
220682,Tadeu Veneri,PT,PR,953,1,0.1
233594,Rafael Fera,PODE,RO,240,1,0.42
74858,Lindbergh Farias,PT,RJ,1014,1,0.1
220557,Daniela Reinehr,PL,SC,928,1,0.11
165470,Rodrigo Valadares,UNIÃO,SE,924,1,0.11
220628,Mauricio Do Vôlei,PL,MG,931,1,0.11
220607,Max Lemos,SOLIDARIEDADE,RJ,5,0,0.0
220607,Max Lemos,PROS,RJ,5,0,0.0
220542,Alexandre Guimarães,REPUBLICANOS,TO,262,0,0.0
226075,Priscila Costa,PL,CE,141,0,0.0
227275,Mariana Carvalho,REPUBLICANOS,MA,87,0,0.0
229106,Carla Ayres,PT,SC,76,0,0.0
228272,Délio Pinheiro,PDT,MG,57,0,0.0
228616,Dr. Remy Soares,PP,MA,67,0,0.0
227800,Duarte Gonçalves Jr,REPUBLICANOS,MG,66,0,0.0
229082,Lucyana Genésio,PDT,MA,57,0,0.0
227800,Duarte Gonçalves Jr,PODE,MG,5,0,0.0
220623,Duda Salabert,PSOL,MG,11,0,0.0
178966,Geovania De Sá,REPUBLICANOS,SC,1,0,0.0
204574,Junior Lourenço,MDB,MA,11,0,0.0
123756,Antônia Lúcia,MDB,AC,11,0,0.0
178866,Luizianne Lins,REDE,CE,17,0,0.0
220603,Dani Cunha,PL,RJ,18,0,0.0
204353,Aline Gurgel,UNIÃO,AP,13,0,0.0
178929,Diego Garcia,UNIÃO,PR,1,0,0.0
235088,Ribeiro Neto,PRD,MA,64,0,0.0
235712,Vavá,AVANTE,MG,18,0,0.0
62881,Danilo Forte,PP,CE,16,0,0.0
235088,Ribeiro Neto,SOLIDARIEDADE,MA,14,0,0.0
175765,Ribamar Silva,PODE,SP,1,0,0.0
220544,Antonio Andrade,PSDB,TO,1,0,0.0
165470,Rodrigo Valadares,PL,SE,12,0,0.0
204533,Idilvan Alencar,PDT,CE,1010,0,0.0
204540,Maria Rosas,REPUBLICANOS,SP,1311,0,0.0
179000,Marcelo Álvaro Antônio,PL,MG,1071,0,0.0
179000,Marcelo Álvaro Antônio,UNIÃO,MG,17,0,0.0
179000,Marcelo Álvaro Antônio,,MG,43,0,0.0
204551,Bosco Saraiva,SOLIDARIEDADE,AM,252,0,0.0
204542,Denis Bezerra,PSB,CE,445,0,0.0
74057,Alice Portugal,PCDOB,BA,1550,1,0.06
74400,Paulo Pimenta,PT,RS,878,1,0.11
74585,Lincoln Portela,PL,MG,1315,0,0.0
204360,Silvia Cristina,PL,RO,688,0,0.0
204362,Ricardo Guidi,PSD,SC,518,0,0.0
204360,Silvia Cristina,PDT,RO,131,0,0.0
160517,Paulo Folletto,PSB,ES,1075,1,0.09
74784,Luiza Erundina,PSOL,SP,1250,0,0.0
133968,Paulo Ramos,PDT,RJ,398,0,0.0
204548,Heitor Freire,,CE,47,0,0.0
204548,Heitor Freire,UNIÃO,CE,328,0,0.0
204486,Mauro Benevides Filho,PDT,CE,1449,0,0.0
156190,Marcel Van Hattem,NOVO,RS,1604,1,0.06
160541,Arthur Lira,PP,AL,707,0,0.0
204370,Célio Moura,PT,TO,482,0,0.0
160674,Hugo Motta,REPUBLICANOS,PB,931,1,0.11
191923,Flávio Nogueira,PT,PI,1486,1,0.07
191923,Flávio Nogueira,PDT,PI,94,0,0.0
74467,Damião Feliciano,UNIÃO,PB,1053,0,0.0
74467,Damião Feliciano,PDT,PB,105,0,0.0
191923,Flávio Nogueira,S.PART.,PI,30,0,0.0
219592,Lucas Follador,PSC,RO,93,0,0.0
67138,Iracema Portella,PP,PI,125,0,0.0
204459,Daniela Do Waguinho,UNIÃO,RJ,1104,0,0.0
122195,Leonardo Gadelha,PSC,PB,225,0,0.0
204459,Daniela Do Waguinho,MDB,RJ,133,0,0.0
219592,Lucas Follador,UNIÃO,RO,4,0,0.0
171623,Fabio Reis,PSD,SE,703,0,0.0
171623,Fabio Reis,MDB,SE,132,0,0.0
205863,Marcelo Brum,REPUBLICANOS,RS,18,0,0.0
179587,Major Vitor Hugo,PL,GO,342,0,0.0
205863,Marcelo Brum,,RS,53,0,0.0
179587,Major Vitor Hugo,,GO,46,0,0.0
205863,Marcelo Brum,UNIÃO,RS,43,0,0.0
179587,Major Vitor Hugo,UNIÃO,GO,65,0,0.0
73943,Perpétua Almeida,PCDOB,AC,452,0,0.0
178989,Renata Abreu,PODE,SP,946,1,0.11
66179,Norma Ayub,PP,ES,269,0,0.0
178997,Moses Rodrigues,UNIÃO,CE,1036,1,0.1
160518,Weliton Prado,PROS,MG,436,0,0.0
66179,Norma Ayub,,ES,54,0,0.0
160558,Paulo Freire Costa,PL,SP,1362,1,0.07
178997,Moses Rodrigues,MDB,CE,76,0,0.0
178961,Shéridan,PSDB,RR,271,0,0.0
66179,Norma Ayub,UNIÃO,ES,71,0,0.0
204567,Raimundo Costa,PL,BA,95,0,0.0
204513,Guiga Peixoto,PSC,SP,324,0,0.0
204433,Marcelo Calero,PSD,RJ,340,0,0.0
204356,Amaro Neto,REPUBLICANOS,ES,1485,1,0.07
204567,Raimundo Costa,PODE,BA,994,0,0.0
105534,Alexandre Figueiredo,PSD,SE,97,0,0.0
204466,Tereza Nelma,PSD,AL,232,0,0.0
204466,Tereza Nelma,PSDB,AL,114,0,0.0
218741,Patrick Dorneles,PSD,PB,97,0,0.0
204513,Guiga Peixoto,,SP,50,0,0.0
204433,Marcelo Calero,CIDADANIA,RJ,16,0,0.0
204513,Guiga Peixoto,UNIÃO,SP,120,0,0.0
218741,Patrick Dorneles,PSDB,PB,10,0,0.0
178825,Leo De Brito,PT,AC,445,0,0.0
178889,Zé Carlos,PT,MA,429,0,0.0
204514,Coronel Tadeu,UNIÃO,SP,39,0,0.0
204425,Silvio Costa Filho,REPUBLICANOS,PE,519,0,0.0
73482,Henrique Fontana,PT,RS,440,0,0.0
204514,Coronel Tadeu,PL,SP,429,0,0.0
204514,Coronel Tadeu,,SP,47,0,0.0
204500,Eduardo Costa,PSD,PA,253,0,0.0
204500,Eduardo Costa,PTB,PA,104,0,0.0
204378,Coronel Chrisóstomo,PL,RO,1333,1,0.08
204378,Coronel Chrisóstomo,UNIÃO,RO,31,0,0.0
204378,Coronel Chrisóstomo,,RO,54,0,0.0
220008,Eliza Virgínia,PP,PB,163,0,0.0
74478,Luciano Bivar,UNIÃO,PE,389,1,0.26
74478,Luciano Bivar,,PE,15,0,0.0
198783,Emanuel Pinheiro Neto,MDB,MT,942,0,0.0
198783,Emanuel Pinheiro Neto,PTB,MT,102,0,0.0
204553,Pastor Sargento Isidório,AVANTE,BA,1498,0,0.0
178860,Paulo Azi,UNIÃO,BA,1086,1,0.09
160666,Félix Mendonça Júnior,PDT,BA,1400,1,0.07
74356,Silas Câmara,REPUBLICANOS,AM,881,1,0.11
178860,Paulo Azi,,BA,39,0,0.0
141523,Raul Henry,MDB,PE,425,0,0.0
178895,Misael Varella,PSD,MG,1144,1,0.09
218245,Jorielson,PL,AP,148,0,0.0
204499,Cássio Andrade,PSB,PA,219,0,0.0
164360,Carmen Zanotto,CIDADANIA,SC,585,0,0.0
204414,Aroldo Martins,REPUBLICANOS,PR,344,0,0.0
204501,Alencar Santana,PT,SP,1421,1,0.07
220686,Duarte Jr.,PSB,MA,1005,1,0.1
220553,Denise Pessôa,PT,RS,973,1,0.1
220642,Delegado Bruno Lima,PP,SP,591,1,0.17
220546,Rodolfo Nogueira,PL,MS,1075,1,0.09
234673,Vanderlan Alves,UNIÃO,CE,57,0,0.0
220609,Maurício Carvalho,UNIÃO,RO,896,1,0.11
204360,Silvia Cristina,PP,RO,591,1,0.17
221329,Ricardo Abrão,UNIÃO,RJ,441,1,0.23
204362,Ricardo Guidi,PL,SC,524,1,0.19
220549,Any Ortiz,CIDADANIA,RS,932,1,0.11
204445,Fernando Mineiro,PT,RN,904,0,0.0
220580,Professora Goreth,PDT,AP,545,0,0.0
220555,Daiana Santos,PCDOB,RS,926,0,0.0
226837,Saulo Pedroso,PSD,SP,674,1,0.15
141456,Jilmar Tatto,PT,SP,837,1,0.12
220566,Lêda Borges,PSDB,GO,743,1,0.13
220581,Luciano Amaral,PSD,AL,390,1,0.26
220602,Dimas Gadelha,PT,RJ,904,1,0.11
123086,Átila Lira,PP,PI,1066,1,0.09
160518,Weliton Prado,SOLIDARIEDADE,MG,829,1,0.12
220619,Delegado Ramagem,PL,RJ,1044,1,0.1
220610,Dr. Fernando Máximo,UNIÃO,RO,857,1,0.12
138286,Luciano Alves,PSD,PR,700,1,0.14
220575,Sonize Barbosa,PL,AP,442,0,0.0
220581,Luciano Amaral,PV,AL,593,0,0.0
220653,Fábio Teruel,MDB,SP,965,1,0.1
220571,Daniel Agrobom,PL,GO,1065,1,0.09
220548,Camila Jara,PT,MS,924,1,0.11
234388,Fabiano Cazeca,PRD,MG,66,0,0.0
73768,Dilceu Sperafico,PP,PR,1021,1,0.1
221328,Adilson Barroso,PL,SP,917,1,0.11
220536,Zé Haroldo Cathedral,PSD,RR,1042,1,0.1
220608,Cristiane Lopes,UNIÃO,RO,971,1,0.1
233598,Samuel Santos,PODE,GO,173,1,0.58
220650,Paulo Alexandre Barbosa,PSDB,SP,932,1,0.11
227433,Douglas Viegas,UNIÃO,SP,649,1,0.15
214694,Jorge Goetten,REPUBLICANOS,SC,475,1,0.21
220648,Marangoni,UNIÃO,SP,798,1,0.13
220667,Pedro Campos,PSB,PE,1020,1,0.1
225730,Enfermeira Ana Paula,PODE,CE,199,1,0.5
225730,Enfermeira Ana Paula,PDT,CE,123,0,0.0
220527,Jack Rocha,PT,ES,1040,1,0.1
220655,Mario Frias,PL,SP,826,0,0.0
74696,Alberto Mourão,MDB,SP,305,0,0.0
182146,Wolmer Araújo,PATRIOTA,MA,6,0,0.0
182146,Wolmer Araújo,SOLIDARIEDADE,MA,62,0,0.0
214694,Jorge Goetten,PL,SC,444,0,0.0
212625,Dr. Gonçalo,PODE,MA,71,0,0.0
228837,Juliana Kolankiewicz,MDB,MT,90,0,0.0
122195,Leonardo Gadelha,PODE,PB,67,0,0.0
228042,Naumi Amorim,PSD,CE,26,0,0.0
229112,Pedro Jr,PL,TO,82,0,0.0
171139,Loreny,SOLIDARIEDADE,SP,44,0,0.0
220642,Delegado Bruno Lima,PODE,SP,17,0,0.0
204533,Idilvan Alencar,PSB,CE,12,0,0.0
220686,Duarte Jr.,AVANTE,MA,14,0,0.0
234673,Vanderlan Alves,REPUBLICANOS,CE,39,0,0.0
234673,Vanderlan Alves,SOLIDARIEDADE,CE,22,0,0.0
221329,Ricardo Abrão,PSDB,RJ,12,0,0.0
204486,Mauro Benevides Filho,UNIÃO,CE,12,0,0.0
220549,Any Ortiz,PP,RS,1,0,0.0
204459,Daniela Do Waguinho,REPUBLICANOS,RJ,12,0,0.0
220566,Lêda Borges,REPUBLICANOS,GO,10,0,0.0
220610,Dr. Fernando Máximo,PL,RO,12,0,0.0
204356,Amaro Neto,PP,ES,24,0,0.0
204567,Raimundo Costa,PSD,BA,10,0,0.0
220571,Daniel Agrobom,PSD,GO,1,0,0.0
220536,Zé Haroldo Cathedral,UNIÃO,RR,13,0,0.0
220608,Cristiane Lopes,PODE,RO,10,0,0.0
74478,Luciano Bivar,MDB,PE,16,0,0.0
198783,Emanuel Pinheiro Neto,PSD,MT,19,0,0.0
193726,Paulo Eduardo Martins,PL,PR,297,0,0.0
141515,Otavio Leite,PSDB,RJ,84,0,0.0
198197,Greyce Elias,AVANTE,MG,1053,1,0.09
146788,Marcelo Aro,PP,MG,222,0,0.0
193726,Paulo Eduardo Martins,PSC,PR,124,0,0.0
204410,Luisa Canziani,PSD,PR,723,0,0.0
204410,Luisa Canziani,PTB,PR,31,0,0.0
81055,Márcio Jerry,PCDOB,MA,1252,1,0.08
160640,Eros Biondini,PROS,MG,114,0,0.0
160640,Eros Biondini,PL,MG,1296,0,0.0
141391,Arnaldo Jardim,CIDADANIA,SP,1091,1,0.09
204546,Joice Hasselmann,PSDB,SP,371,0,0.0
204546,Joice Hasselmann,,SP,56,0,0.0
204546,Joice Hasselmann,UNIÃO,SP,32,0,0.0
160976,Tiririca,PL,SP,1081,0,0.0
128760,Paulo Marinho Jr,PL,MA,320,0,0.0
137070,Vicentinho Júnior,PP,TO,990,1,0.1
204351,Dr. Luiz Ovando,PP,MS,1271,1,0.08
137070,Vicentinho Júnior,PL,TO,95,0,0.0
178927,Aliel Machado,PV,PR,775,1,0.13
178927,Aliel Machado,PSB,PR,87,0,0.0
204351,Dr. Luiz Ovando,UNIÃO,MS,60,0,0.0
204351,Dr. Luiz Ovando,,MS,46,0,0.0
204390,Professor Alcides,PP,GO,111,0,0.0
204465,Haroldo Cathedral,PSD,RR,180,0,0.0
204390,Professor Alcides,PL,GO,1148,1,0.09
72442,Felipe Carreras,PSB,PE,1238,1,0.08
204379,Acácio Favacho,PROS,AP,127,0,0.0
204379,Acácio Favacho,MDB,AP,1011,1,0.1
141439,Chico D'angelo,PDT,RJ,411,0,0.0
204408,Gustinho Ribeiro,REPUBLICANOS,SE,1245,1,0.08
204506,Marcos Pereira,REPUBLICANOS,SP,1020,1,0.1
74299,Leônidas Cristino,PDT,CE,1203,1,0.08
178854,Elmar Nascimento,UNIÃO,BA,425,0,0.0
178854,Elmar Nascimento,,BA,37,0,0.0
204408,Gustinho Ribeiro,SOLIDARIEDADE,SE,106,0,0.0
73692,Osmar Terra,MDB,RS,959,0,0.0
204375,Leda Sadala,AVANTE,AP,134,0,0.0
178983,Marcio Alvino,PL,SP,1455,0,0.0
204375,Leda Sadala,PP,AP,163,0,0.0
74398,Maria Do Rosário,PT,RS,1249,1,0.08
141417,Edio Lopes,PL,RR,318,0,0.0
204496,Celso Sabino,UNIÃO,PA,377,0,0.0
204496,Celso Sabino,,PA,37,0,0.0
178871,Evair Vieira De Melo,PP,ES,1362,1,0.07
178831,André Abdon,PP,AP,613,0,0.0
141555,Vinicius Carvalho,REPUBLICANOS,SP,972,0,0.0
204468,Joenia Wapichana,REDE,RR,453,0,0.0
204565,Professora Dayane Pimentel,UNIÃO,BA,264,0,0.0
204458,Major Fabiana,PL,RJ,283,0,0.0
219568,Tiago Andrino,PSB,TO,99,0,0.0
204530,Rodrigo Agostinho,PSB,SP,486,0,0.0
204566,Marreca Filho,PATRIOTA,MA,488,0,0.0
204458,Major Fabiana,,RJ,55,0,0.0
204565,Professora Dayane Pimentel,,BA,51,0,0.0
204458,Major Fabiana,UNIÃO,RJ,46,0,0.0
204354,Flávia Arruda,PL,DF,223,0,0.0
204371,Felipe Rigoni,UNIÃO,ES,359,0,0.0
204555,José Ricardo,PT,AM,421,0,0.0
98057,Lafayette De Andrada,REPUBLICANOS,MG,1074,0,0.0
204371,Felipe Rigoni,,ES,48,0,0.0
215042,Ricardo Da Karol,PDT,RJ,266,0,0.0
215042,Ricardo Da Karol,PSC,RJ,155,0,0.0
204452,Márcio Labre,PL,RJ,362,0,0.0
160619,José Nunes,PSD,BA,199,0,0.0
204508,Igor Timo,PODE,MG,687,0,0.0
160635,Ruy Carneiro,PSC,PB,273,0,0.0
74376,Vander Loubet,PT,MS,1368,0,0.0
178970,João Daniel,PT,SE,1265,1,0.08
141459,João Maia,PL,RN,603,0,0.0
160635,Ruy Carneiro,PSDB,PB,147,0,0.0
209189,Joseildo Ramos,PT,BA,1290,1,0.08
204452,Márcio Labre,UNIÃO,RJ,39,0,0.0
204452,Márcio Labre,S.PART.,RJ,8,0,0.0
204452,Márcio Labre,,RJ,37,0,0.0
204416,Sanderson,PL,RS,1366,1,0.07
141552,Valtenir Pereira,MDB,MT,209,0,0.0
141470,José Guimarães,PT,CE,1506,1,0.07
204387,Sargento Fahur,PSD,PR,1544,1,0.06
204416,Sanderson,UNIÃO,RS,21,0,0.0
204416,Sanderson,,RS,45,0,0.0
178882,André Fufuca,PP,MA,248,0,0.0
205548,David Miranda,PDT,RJ,200,0,0.0
90201,Pedro Augusto Bezerra,PDT,CE,250,0,0.0
204385,Valdevan Noventa,PL,SE,163,0,0.0
205548,David Miranda,PSOL,RJ,116,0,0.0
90201,Pedro Augusto Bezerra,PTB,CE,130,0,0.0
178937,Altineu Côrtes,PL,RJ,655,0,0.0
204537,Enrico Misasi,MDB,SP,302,0,0.0
178987,Orlando Silva,PCDOB,SP,1331,1,0.08
178951,Rafael Motta,PSB,RN,355,0,0.0
204537,Enrico Misasi,PV,SP,126,0,0.0
74254,Leonardo Picciani,MDB,RJ,105,0,0.0
152610,Roberto Alves,REPUBLICANOS,SP,389,0,0.0
141422,Efraim Filho,UNIÃO,PB,118,0,0.0
204413,Alcides Rodrigues,PATRIOTA,GO,400,0,0.0
204483,Vilson Da Fetaemg,PSB,MG,448,0,0.0
160600,Arthur Oliveira Maia,UNIÃO,BA,985,1,0.1
204575,Gil Cutrim,REPUBLICANOS,MA,432,0,0.0
160600,Arthur Oliveira Maia,,BA,29,0,0.0
141422,Efraim Filho,,PB,5,0,0.0
220624,Robinson Faria,PL,RN,754,0,0.0
220624,Robinson Faria,PP,RN,346,1,0.29
220550,Mauricio Marcon,PODE,RS,1039,1,0.1
180214,Pastor Diniz,UNIÃO,RR,907,1,0.11
220550,Mauricio Marcon,PL,RS,94,0,0.0
220669,Lula Da Fonte,PP,PE,878,1,0.11
160976,Tiririca,PSD,SP,126,0,0.0
230768,Zé Adriano,PP,AC,461,1,0.22
220652,Delegado Palumbo,MDB,SP,1065,1,0.09
73692,Osmar Terra,PL,RS,253,1,0.4
234253,Lucas Abrahao,REDE,AP,87,0,0.0
73778,Luiz Carlos Hauly,PODE,PR,768,1,0.13
153423,Renilce Nicodemos,MDB,PA,701,1,0.14
220622,Nely Aquino,PODE,MG,821,1,0.12
230767,Rodrigo Da Zaeli,PL,MT,474,1,0.21
220654,Delegado Paulo Bilynskyj,PL,SP,1212,1,0.08
208297,Katia Dias,REPUBLICANOS,MG,110,0,0.0
204566,Marreca Filho,PRD,MA,409,1,0.24
220554,Alexandre Lindenmeyer,PT,RS,850,0,0.0
220611,General Pazuello,PL,RJ,1012,1,0.1
161440,Pezenti,MDB,SC,995,1,0.1
204508,Igor Timo,PSD,MG,497,1,0.2
141459,João Maia,PP,RN,704,1,0.14
160635,Ruy Carneiro,PODE,PB,692,1,0.14
220614,Dr. Daniel Soranz,PSD,RJ,191,0,0.0
220639,Guilherme Boulos,PSOL,SP,720,0,0.0
162067,Kiko Celeguim,PT,SP,925,1,0.11
220572,Marussa Boldrin,MDB,GO,611,1,0.16
220646,Felipe Becari,UNIÃO,SP,669,1,0.15
220600,Lebrão,UNIÃO,RO,555,0,0.0
220701,Delegado Matheus Laiola,UNIÃO,PR,1044,1,0.1
220699,Castro Neto,PSD,PI,869,1,0.12
88256,Clodoaldo Magalhães,PV,PE,902,1,0.11
220615,Pastor Henrique Vieira,PSOL,RJ,1079,0,0.0
220630,Pedro Aihara,PRD,MG,658,1,0.15
220696,Ivoneide Caetano,PT,BA,964,1,0.1
220625,Delegada Ione,AVANTE,MG,843,1,0.12
220661,Matheus Noronha,PL,CE,784,0,0.0
220713,Saullo Vianna,UNIÃO,AM,487,0,0.0
220627,Paulinho Freire,UNIÃO,RN,442,0,0.0
220601,Washington Quaquá,PT,RJ,313,0,0.0
220630,Pedro Aihara,PATRIOTA,MG,253,0,0.0
229259,Pedro Tourinho,PT,SP,81,0,0.0
229585,Elisangela Araujo,PT,BA,103,0,0.0
229333,Gláucia Santiago,PL,MG,88,0,0.0
235869,João Carlos,REPUBLICANOS,AM,12,0,0.0
137070,Vicentinho Júnior,PSDB,TO,24,0,0.0
204390,Professor Alcides,PSDB,GO,15,0,0.0
204408,Gustinho Ribeiro,PP,SE,12,0,0.0
220652,Delegado Palumbo,PODE,SP,25,0,0.0
204496,Celso Sabino,PDT,PA,9,0,0.0
141555,Vinicius Carvalho,PL,SP,16,0,0.0
178871,Evair Vieira De Melo,REPUBLICANOS,ES,1,0,0.0
98057,Lafayette De Andrada,PL,MG,11,0,0.0
74295,Inácio Arruda,PCDOB,CE,12,0,0.0
204508,Igor Timo,UNIÃO,MG,1,0,0.0
204387,Sargento Fahur,PL,PR,45,0,0.0
220572,Marussa Boldrin,REPUBLICANOS,GO,6,0,0.0
129618,Gorete Pereira,MDB,CE,29,0,0.0
220646,Felipe Becari,PODE,SP,18,0,0.0
220699,Castro Neto,MDB,PI,9,0,0.0
220713,Saullo Vianna,MDB,AM,29,0,0.0
220630,Pedro Aihara,PP,MG,13,0,0.0
204560,Adolfo Viana,PSDB,BA,902,1,0.11
204509,Áurea Carolina,PSOL,MG,374,0,0.0
74156,Leonardo Monteiro,PT,MG,1306,1,0.08
74158,Mário Heringer,PDT,MG,1165,1,0.09
81297,Dra. Soraya Manato,PTB,ES,370,0,0.0
81297,Dra. Soraya Manato,,ES,56,0,0.0
215044,Vivi Reis,PSOL,PA,488,0,0.0
81297,Dra. Soraya Manato,UNIÃO,ES,84,0,0.0
178835,Afonso Motta,PDT,RS,1476,1,0.07
204497,Júnior Ferrari,PSD,PA,1317,1,0.08
213854,Dr. Agripino Magalhães,UNIÃO,CE,109,0,0.0
160758,Domingos Sávio,PL,MG,1215,1,0.08
204495,Airton Faleiro,PT,PA,1291,1,0.08
204380,Celina Leão,PP,DF,238,0,0.0
160758,Domingos Sávio,PSDB,MG,112,0,0.0
213854,Dr. Agripino Magalhães,PROS,CE,6,0,0.0
154178,Milton Vieira,REPUBLICANOS,SP,434,0,0.0
157130,Túlio Gadêlha,PDT,PE,127,0,0.0
121948,Adriano Do Baldy,PP,GO,1384,1,0.07
204451,Delegado Antônio Furtado,UNIÃO,RJ,424,0,0.0
205550,Jorge Braz,REPUBLICANOS,RJ,1455,1,0.07
74079,José Priante,MDB,PA,794,1,0.13
204545,Alê Silva,REPUBLICANOS,MG,357,0,0.0
160599,Dimas Fabiano,PP,MG,1320,1,0.08
204423,André Ferreira,PSC,PE,109,0,0.0
160632,Zé Silva,SOLIDARIEDADE,MG,1154,1,0.09
160538,Bohn Gass,PT,RS,1442,1,0.07
157130,Túlio Gadêlha,REDE,PE,1144,1,0.09
204423,André Ferreira,PL,PE,824,0,0.0
204451,Delegado Antônio Furtado,,RJ,55,0,0.0
160535,Marcon,PT,RS,1351,1,0.07
160552,Danrlei De Deus Hinterholz,PSD,RS,684,0,0.0
204545,Alê Silva,,MG,51,0,0.0
74554,José Rocha,UNIÃO,BA,1049,1,0.1
74554,José Rocha,PL,BA,86,0,0.0
204545,Alê Silva,UNIÃO,MG,19,0,0.0
107283,Gleisi Hoffmann,PT,PR,644,0,0.0
207176,Bia Cavassa,PSDB,MS,125,0,0.0
74043,Wellington Roberto,PL,PB,905,0,0.0
178981,Herculano Passos,REPUBLICANOS,SP,343,0,0.0
204374,Bia Kicis,PL,DF,1440,0,0.0
160610,Valmir Assunção,PT,BA,1269,0,0.0
74399,Onyx Lorenzoni,PL,RS,218,0,0.0
178981,Herculano Passos,MDB,SP,124,0,0.0
204576,João Roma,PL,BA,257,0,0.0
74159,Odair Cunha,PT,MG,1393,1,0.07
204374,Bia Kicis,UNIÃO,DF,66,0,0.0
204374,Bia Kicis,,DF,53,0,0.0
74052,Bosco Costa,PL,SE,492,0,0.0
204352,Camilo Capiberibe,PSB,AP,432,0,0.0
160527,Aguinaldo Ribeiro,PP,PB,943,1,0.11
74160,Patrus Ananias,PT,MG,1519,1,0.07
213762,Carla Dickson,UNIÃO,RN,787,1,0.13
213762,Carla Dickson,PROS,RN,141,0,0.0
204393,Frei Anastacio Ribeiro,PT,PB,456,0,0.0
73696,Angela Amin,PP,SC,450,0,0.0
160534,Lauriete,PSC,ES,475,0,0.0
204563,Josimar Maranhãozinho,PL,MA,708,1,0.14
178956,Mariana Carvalho,REPUBLICANOS,RO,136,0,0.0
178956,Mariana Carvalho,PSDB,RO,138,0,0.0
74141,Josias Gomes,PT,BA,1136,1,0.09
204439,Dr. Leonardo,REPUBLICANOS,MT,358,0,0.0
204491,Gilberto Abramo,REPUBLICANOS,MG,1203,1,0.08
204562,Edilázio Júnior,PSD,MA,355,0,0.0
178912,Pedro Cunha Lima,PSDB,PB,178,0,0.0
204439,Dr. Leonardo,SOLIDARIEDADE,MT,113,0,0.0
178920,Ricardo Teobaldo,PODE,PE,319,0,0.0
204561,Bira Do Pindaré,PSB,MA,405,0,0.0
112437,João Marcelo Souza,MDB,MA,221,0,0.0
178954,Lucio Mosquini,MDB,RO,877,1,0.11
178863,Uldurico Junior,MDB,BA,206,0,0.0
204418,Luizão Goulart,REPUBLICANOS,PR,92,0,0.0
160589,Bruna Furlan,PSDB,SP,148,0,0.0
217480,Jones Moura,PSD,RJ,622,0,0.0
74319,Paes Landim,UNIÃO,PI,84,0,0.0
204418,Luizão Goulart,SOLIDARIEDADE,PR,332,0,0.0
141405,Celso Maldaner,MDB,SC,336,0,0.0
178863,Uldurico Junior,PROS,BA,88,0,0.0
74319,Paes Landim,PTB,PI,7,0,0.0
178873,Helder Salomão,PT,ES,1629,1,0.06
204481,Dr. Jaziel,PL,CE,1235,1,0.08
178921,Sebastião Oliveira,AVANTE,PE,265,0,0.0
74459,Átila Lira,PP,PI,389,0,0.0
204539,Hercílio Coelho Diniz,MDB,MG,1076,1,0.09
160569,Waldenor Pereira,PT,BA,1201,1,0.08
204473,General Girão,PL,RN,1293,1,0.08
139285,Lídice Da Mata,PSB,BA,1352,1,0.07
204415,Nereu Crispim,UNIÃO,RS,79,0,0.0
204415,Nereu Crispim,PSD,RS,278,0,0.0
204473,General Girão,UNIÃO,RN,47,0,0.0
204473,General Girão,,RN,52,0,0.0
204415,Nereu Crispim,,RS,52,0,0.0
220590,Coronel Ulysses,UNIÃO,AC,969,1,0.1
220668,Maria Arraes,SOLIDARIEDADE,PE,1034,1,0.1
220620,Rosângela Reis,PL,MG,1006,0,0.0
220714,Adail Filho,REPUBLICANOS,AM,984,1,0.1
220530,Messias Donato,REPUBLICANOS,ES,1000,0,0.0
220640,Juliana Cardoso,PT,SP,873,0,0.0
220531,Gilvan Maximo,REPUBLICANOS,DF,623,0,0.0
220599,Marcelo Crivella,REPUBLICANOS,RJ,997,1,0.1
222429,Luis Carlos Gomes,REPUBLICANOS,RJ,908,1,0.11
220673,Delegado Caveira,PL,PA,938,1,0.11
220604,Marcos Tavares,PDT,RJ,877,1,0.11
220681,Fábio Macedo,PODE,MA,715,1,0.14
220702,Geraldo Mendes,UNIÃO,PR,673,1,0.15
220613,Roberto Monteiro Pai,PL,RJ,973,0,0.0
220582,Daniel Barbosa,PP,AL,776,1,0.13
227660,Nitinho,PSD,SE,335,0,0.0
220579,Silvia Waiãpi,PL,AP,556,0,0.0
220656,Fernanda Pessoa,UNIÃO,CE,994,1,0.1
220526,Gilvan Da Federal,PL,ES,861,1,0.12
160548,Jonas Donizette,PSB,SP,978,1,0.1
220633,Ricardo Salles,NOVO,SP,391,1,0.26
220676,Andreia Siqueira,MDB,PA,782,0,0.0
220552,Zucco,PL,RS,814,1,0.12
220538,Albuquerque,REPUBLICANOS,RR,899,1,0.11
220565,Delegada Adriana Accorsi,PT,GO,792,0,0.0
160561,Missionário José Olimpio,PL,SP,271,0,0.0
226179,Gisela Simona,UNIÃO,MT,1147,1,0.09
225727,Flavinha,MDB,MT,117,0,0.0
220596,Amália Barros,PL,MT,339,0,0.0
89536,Prof. Paulo Fernando,REPUBLICANOS,DF,259,0,0.0
225386,Renan Ferreirinha,PSD,RJ,79,0,0.0
220633,Ricardo Salles,PL,SP,348,0,0.0
220552,Zucco,REPUBLICANOS,RS,343,0,0.0
227401,Dr Fabio Rueda,UNIÃO,AC,83,0,0.0
228941,Daniel José,PODE,SP,70,0,0.0
220668,Maria Arraes,PSB,PE,16,0,0.0
160632,Zé Silva,UNIÃO,MG,18,0,0.0
157130,Túlio Gadêlha,PSD,PE,19,0,0.0
220530,Messias Donato,UNIÃO,ES,15,0,0.0
220714,Adail Filho,MDB,AM,19,0,0.0
74043,Wellington Roberto,PSD,PB,5,0,0.0
213762,Carla Dickson,PL,RN,1,0,0.0
234840,Cristiano Furlan,REDE,AP,22,0,0.0
178954,Lucio Mosquini,PL,RO,9,0,0.0
220656,Fernanda Pessoa,PSD,CE,15,0,0.0
235800,Jorge Araújo,PP,BA,11,0,0.0
220676,Andreia Siqueira,PSB,PA,6,0,0.0
204471,Mara Rocha,MDB,AC,292,0,0.0
151208,Laercio Oliveira,PP,SE,386,0,0.0
74537,Claudio Cajado,PP,BA,1319,1,0.08
141531,Rodrigo De Castro,PSDB,MG,122,0,0.0
141531,Rodrigo De Castro,UNIÃO,MG,1166,0,0.0
204516,Alexis Fonteyne,NOVO,SP,470,0,0.0
204476,Chiquinho Brazão,UNIÃO,RJ,507,0,0.0
204471,Mara Rocha,PSDB,AC,123,0,0.0
204476,Chiquinho Brazão,AVANTE,RJ,144,0,0.0
204376,Coronel Armando,PL,SC,451,0,0.0
141478,Laerte Bessa,PL,DF,121,0,0.0
204376,Coronel Armando,,SC,49,0,0.0
178858,Mário Negromonte Jr.,PP,BA,1214,1,0.08
204376,Coronel Armando,UNIÃO,SC,46,0,0.0
204403,Marlon Santos,PL,RS,169,0,0.0
204403,Marlon Santos,PDT,RS,84,0,0.0
204494,Fred Costa,PATRIOTA,MG,342,0,0.0
160570,Jerônimo Goergen,PP,RS,284,0,0.0
204541,Eduardo Bismarck,PDT,CE,1001,0,0.0
178963,Covatti Filho,PP,RS,1283,1,0.08
205476,Charles Fernandes,PSD,BA,1316,0,0.0
178924,Capitão Fábio Abreu,PSD,PI,349,0,0.0
179001,Márcio Biolchi,MDB,RS,1126,1,0.09
178924,Capitão Fábio Abreu,PL,PI,94,0,0.0
135054,Cristiano Vale,PL,PA,50,0,0.0
204391,José Nelto,PP,GO,440,0,0.0
135054,Cristiano Vale,PP,PA,319,0,0.0
204391,José Nelto,PODE,GO,89,0,0.0
74693,Rodrigo Maia,PSDB,RJ,21,0,0.0
74693,Rodrigo Maia,S.PART.,RJ,2,0,0.0
160669,Genecias Noronha,PL,CE,146,0,0.0
74655,Eduardo Barbosa,PSDB,MG,484,0,0.0
92102,Leur Lomanto Júnior,UNIÃO,BA,1057,1,0.09
74383,Giacobo,PL,PR,805,0,0.0
204524,Pinheirinho,PP,MG,677,0,0.0
160669,Genecias Noronha,SOLIDARIEDADE,CE,114,0,0.0
92102,Leur Lomanto Júnior,,BA,40,0,0.0
204441,Otoni De Paula,MDB,RJ,851,1,0.12
204428,Marília Arraes,PT,PE,160,0,0.0
109429,Benes Leocádio,UNIÃO,RN,1332,1,0.08
204435,Jesus Sérgio,PDT,AC,406,0,0.0
160575,Erika Kokay,PT,DF,1650,1,0.06
204406,Pedro Westphalen,PP,RS,1348,1,0.07
74262,Carlos Sampaio,PSDB,SP,743,0,0.0
122974,Pedro Lucas Fernandes,UNIÃO,MA,1023,1,0.1
109429,Benes Leocádio,REPUBLICANOS,RN,123,0,0.0
122974,Pedro Lucas Fernandes,PTB,MA,132,0,0.0
204428,Marília Arraes,SOLIDARIEDADE,PE,170,0,0.0
204441,Otoni De Paula,PSC,RJ,96,0,0.0
204400,Aline Sleutjes,PROS,PR,277,0,0.0
204467,Professora Rosa Neide,PT,MT,455,0,0.0
204510,Franco Cartafina,PP,MG,381,0,0.0
160508,Afonso Florence,PT,BA,391,0,0.0
204383,Professor Israel Batista,PSB,DF,293,0,0.0
204484,General Peternelli,UNIÃO,SP,460,0,0.0
204484,General Peternelli,,SP,53,0,0.0
204400,Aline Sleutjes,UNIÃO,PR,97,0,0.0
204400,Aline Sleutjes,,PR,51,0,0.0
204383,Professor Israel Batista,PV,DF,173,0,0.0
177282,Subtenente Gonzaga,PSD,MG,285,0,0.0
204505,Vavá Martins,REPUBLICANOS,PA,345,0,0.0
177282,Subtenente Gonzaga,PDT,MG,103,0,0.0
68720,Fábio Henrique,UNIÃO,SE,432,0,0.0
178994,Dulce Miranda,MDB,TO,447,0,0.0
154919,Eleuses Paiva,PSD,SP,187,0,0.0
178925,Rejane Dias,PT,PI,457,0,0.0
68720,Fábio Henrique,PDT,SE,134,0,0.0
74574,Paulo Magalhães,PSD,BA,1276,1,0.08
178843,Marx Beltrão,PP,AL,1073,1,0.09
204544,Alexandre Frota,PSDB,SP,298,0,0.0
178947,Sóstenes Cavalcante,PL,RJ,823,0,0.0
74270,Gilberto Nascimento,PSC,SP,123,0,0.0
178947,Sóstenes Cavalcante,,RJ,27,0,0.0
161550,Emidinho Madeira,PL,MG,974,1,0.1
178843,Marx Beltrão,PSD,AL,107,0,0.0
204404,Lucas Redecker,PSDB,RS,1634,1,0.06
161550,Emidinho Madeira,PSB,MG,99,0,0.0
178947,Sóstenes Cavalcante,UNIÃO,RJ,24,0,0.0
204544,Alexandre Frota,PROS,SP,55,0,0.0
178861,Ronaldo Carletto,PP,BA,442,0,0.0
146307,Neri Geller,PP,MT,185,0,0.0
160511,Alessandro Molon,PSB,RJ,414,0,0.0
108338,Jaqueline Cassol,PP,RO,409,0,0.0
204367,Daniel Freitas,,SC,56,0,0.0
204367,Daniel Freitas,PL,SC,1289,1,0.08
204366,Rodrigo Coelho,PODE,SC,459,0,0.0
204511,David Soares,UNIÃO,SP,846,0,0.0
204367,Daniel Freitas,UNIÃO,SC,24,0,0.0
74646,Aécio Neves,PSDB,MG,840,1,0.12
178977,Eduardo Cury,PSDB,SP,433,0,0.0
74352,Nilson Pinto,PSDB,PA,317,0,0.0
204502,Bozzella,UNIÃO,SP,367,0,0.0
73466,Rubens Bueno,CIDADANIA,PR,514,0,0.0
204502,Bozzella,,SP,49,0,0.0
204526,Luiz Philippe De Orleans E Bragança,PL,SP,1232,1,0.08
204526,Luiz Philippe De Orleans E Bragança,UNIÃO,SP,25,0,0.0
204526,Luiz Philippe De Orleans E Bragança,,SP,41,0,0.0
204421,Edna Henrique,REPUBLICANOS,PB,268,0,0.0
93083,Cacá Leão,PP,BA,332,0,0.0
204517,Zé Vitor,PL,MG,709,0,0.0
204373,Hélio Costa,PSD,SC,296,0,0.0
204373,Hélio Costa,REPUBLICANOS,SC,123,0,0.0
215045,Pedro Augusto Palareti,PP,RJ,198,0,0.0
178934,Toninho Wandscheer,PROS,PR,404,0,0.0
215045,Pedro Augusto Palareti,PSD,RJ,129,0,0.0
178881,Aluisio Mendes,PSC,MA,446,0,0.0
219599,Sargento Alexandre,PODE,SP,96,0,0.0
230957,João Cury,MDB,SP,360,1,0.28
220688,Dr. Francisco,PT,PI,984,1,0.1
204376,Coronel Armando,PP,SC,73,0,0.0
220621,Sargento Gonçalves,PL,RN,1068,1,0.09
220693,Roberta Roma,PL,BA,779,1,0.13
204494,Fred Costa,PRD,MG,288,0,0.0
220692,Dal Barreto,UNIÃO,BA,816,1,0.12
220616,Luciano Vieira,REPUBLICANOS,RJ,471,1,0.21
220616,Luciano Vieira,PSDB,RJ,59,0,0.0
230764,Ivan Junior,UNIÃO,MA,26,0,0.0
220659,Dayany Bittencourt,UNIÃO,CE,927,1,0.11
141485,Luiz Carlos Busato,UNIÃO,RS,941,1,0.11
220534,Fred Linhares,REPUBLICANOS,DF,944,1,0.11
220687,Márcio Honaiser,PDT,MA,811,1,0.12
204391,José Nelto,UNIÃO,GO,360,1,0.28
234406,Elmano Férrer,PP,PI,79,0,0.0
220645,Erika Hilton,PSOL,SP,792,0,0.0
220658,Luiz Gastão,PSD,CE,851,1,0.12
74262,Carlos Sampaio,PSD,SP,625,1,0.16
220576,Alfredo Gaspar,UNIÃO,AL,1094,0,0.0
221338,Professora Luciene Cavalcante,PSOL,SP,1004,0,0.0
220568,Gustavo Gayer,PL,GO,961,1,0.1
220685,Paulo Litro,PSD,PR,932,1,0.11
74550,João Leão,PP,BA,836,1,0.12
220664,Guilherme Uchoa,PSB,PE,926,1,0.11
220626,Rafael Simoes,UNIÃO,MG,955,0,0.0
220700,Florentino Neto,PT,PI,911,1,0.11
74270,Gilberto Nascimento,PSD,SP,338,1,0.3
220558,Zé Trovão,PL,SC,985,1,0.1
220528,Dr. Victor Linhalis,PODE,ES,893,1,0.11
220589,Eduardo Velloso,UNIÃO,AC,815,1,0.12
220657,André Fernandes,PL,CE,812,1,0.12
220540,Duda Ramos,MDB,RR,690,1,0.14
220545,Filipe Martins,PL,TO,1001,1,0.1
226708,Allan Garcês,PP,MA,758,1,0.13
160161,Marcelo Queiroz,PP,RJ,713,0,0.0
220712,Fausto Jr.,UNIÃO,AM,726,1,0.14
74084,Raimundo Santos,PSD,PA,1026,1,0.1
160161,Marcelo Queiroz,PSDB,RJ,76,0,0.0
220573,Dorinaldo Malafaia,PDT,AP,820,1,0.12
178934,Toninho Wandscheer,PP,PR,1009,1,0.1
178881,Aluisio Mendes,REPUBLICANOS,MA,906,1,0.11
160629,Romero Rodrigues,PODE,PB,914,1,0.11
220547,Marcos Pollon,PL,MS,1171,1,0.09
204476,Chiquinho Brazão,S.PART.,RJ,1,0,0.0
220587,Gerlen Diniz,PP,AC,589,0,0.0
220616,Luciano Vieira,PL,RJ,299,0,0.0
100689,Hildo Do Candango,REPUBLICANOS,GO,106,0,0.0
226410,Márcio Correa,MDB,GO,111,0,0.0
160629,Romero Rodrigues,PSC,PB,95,0,0.0
223398,Ulisses Guimarães,MDB,MG,78,0,0.0
235776,Sérgio Turra,PP,RS,19,0,0.0
178858,Mário Negromonte Jr.,PSB,BA,14,0,0.0
204541,Eduardo Bismarck,PV,CE,14,0,0.0
220687,Márcio Honaiser,SOLIDARIEDADE,MA,7,0,0.0
220643,Sônia Guajajara,PSOL,SP,19,0,0.0
204441,Otoni De Paula,PSD,RJ,10,0,0.0
220576,Alfredo Gaspar,PL,AL,1,0,0.0
220685,Paulo Litro,UNIÃO,PR,6,0,0.0
220664,Guilherme Uchoa,PSD,PE,8,0,0.0
204404,Lucas Redecker,PSD,RS,16,0,0.0
178843,Marx Beltrão,UNIÃO,AL,1,0,0.0
220589,Eduardo Velloso,SOLIDARIEDADE,AC,14,0,0.0
204511,David Soares,PODE,SP,6,0,0.0
178887,Rubens Pereira Júnior,PT,MA,1441,1,0.07
178901,Tereza Cristina,PP,MS,307,0,0.0
178887,Rubens Pereira Júnior,PCDOB,MA,122,0,0.0
205865,Reinhold Stephanes,PSD,PR,898,0,0.0
204394,Gervásio Maia,PSB,PB,1553,1,0.06
141411,Dagoberto Nogueira,PSDB,MS,1264,1,0.08
73433,Arlindo Chinaglia,PT,SP,1428,1,0.07
141411,Dagoberto Nogueira,PDT,MS,134,0,0.0
204437,Severino Pessoa,REPUBLICANOS,AL,104,0,0.0
204474,Juarez Costa,MDB,MT,1155,1,0.09
74161,Reginaldo Lopes,PT,MG,942,1,0.11
160559,Alceu Moreira,MDB,RS,1246,1,0.08
204472,José Medeiros,PL,MT,1257,1,0.08
178975,Baleia Rossi,MDB,SP,925,0,0.0
204437,Severino Pessoa,MDB,AL,171,0,0.0
204472,José Medeiros,PODE,MT,83,0,0.0
76874,Marcelo Freixo,PSB,RJ,438,0,0.0
188097,Merlong Solano,PT,PI,1536,1,0.07
204426,Carlos Veras,PT,PE,1491,1,0.07
204384,Ney Leprevost,UNIÃO,PR,256,0,0.0
160556,Padre João,PT,MG,1459,1,0.07
204547,Léo Motta,PL,MG,32,0,0.0
204547,Léo Motta,REPUBLICANOS,MG,172,0,0.0
178886,Juscelino Filho,UNIÃO,MA,660,1,0.15
204430,Margarete Coelho,PP,PI,381,0,0.0
217330,Pedro Dalua,PSC,AP,91,0,0.0
204547,Léo Motta,UNIÃO,MG,21,0,0.0
204547,Léo Motta,,MG,41,0,0.0
178886,Juscelino Filho,,MA,47,0,0.0
204492,Paulo Guedes,PT,MG,1415,1,0.07
160512,Aureo Ribeiro,SOLIDARIEDADE,RJ,1201,1,0.08
73788,Ricardo Barros,PP,PR,721,1,0.14
204515,André Janones,AVANTE,MG,1284,1,0.08
204358,Beto Pereira,PSDB,MS,1159,1,0.09
204405,Liziane Bayer,PSB,RS,116,0,0.0
166402,Magda Mofatto,PL,GO,558,0,0.0
204357,Rose Modesto,PSDB,MS,122,0,0.0
204457,Juninho Do Pneu,UNIÃO,RJ,1360,1,0.07
204364,Eli Borges,PL,TO,1064,0,0.0
73441,Celso Russomanno,REPUBLICANOS,SP,1202,1,0.08
204405,Liziane Bayer,REPUBLICANOS,RS,372,0,0.0
204357,Rose Modesto,UNIÃO,MS,185,0,0.0
204364,Eli Borges,SOLIDARIEDADE,TO,111,0,0.0
204457,Juninho Do Pneu,,RJ,55,0,0.0
204477,Felício Laterça,PP,RJ,342,0,0.0
204446,Professor Joziel,UNIÃO,RJ,103,0,0.0
204446,Professor Joziel,,RJ,50,0,0.0
204446,Professor Joziel,PATRIOTA,RJ,255,0,0.0
204477,Felício Laterça,UNIÃO,RJ,83,0,0.0
74200,Gastão Vieira,PROS,MA,108,0,0.0
204477,Felício Laterça,,RJ,55,0,0.0
213274,Ricardo Silva,PSB,SP,97,0,0.0
204461,Paulo Ganime,NOVO,RJ,476,0,0.0
213274,Ricardo Silva,PSD,SP,501,0,0.0
73808,Sérgio Brito,PSD,BA,452,0,0.0
74165,Neucimar Fraga,PP,ES,242,0,0.0
204478,Vinicius Farah,UNIÃO,RJ,174,0,0.0
204480,Rogério Correia,PT,MG,1415,1,0.07
204478,Vinicius Farah,MDB,RJ,16,0,0.0
74165,Neucimar Fraga,PSD,ES,104,0,0.0
178959,Hiran Gonçalves,PP,RR,332,0,0.0
204372,Julio Cesar Ribeiro,REPUBLICANOS,DF,1179,1,0.08
74060,Daniel Almeida,PCDOB,BA,1343,1,0.07
204535,Sâmia Bomfim,PSOL,SP,1328,0,0.0
160532,Eli Corrêa Filho,UNIÃO,SP,395,0,0.0
74044,Wilson Santiago,REPUBLICANOS,PB,1033,1,0.1
218086,Ely Santos,REPUBLICANOS,SP,1000,1,0.1
160532,Eli Corrêa Filho,,SP,56,0,0.0
204557,Sidney Leite,PSD,AM,1196,1,0.08
204450,Doutor Luizinho,PP,RJ,547,1,0.18
178879,Lucas Vergilio,SOLIDARIEDADE,GO,126,0,0.0
74044,Wilson Santiago,PTB,PB,71,0,0.0
116379,Darci De Matos,PSD,SC,669,0,0.0
69871,Bacelar,PV,BA,1412,1,0.07
73463,Osmar Serraglio,PP,PR,450,0,0.0
195866,Vaidon Oliveira,PROS,CE,119,0,0.0
204504,Cezinha De Madureira,PSD,SP,1352,1,0.07
69871,Bacelar,PODE,BA,125,0,0.0
195866,Vaidon Oliveira,UNIÃO,CE,112,0,0.0
66828,Fausto Pinato,PP,SP,1280,1,0.08
204482,Euclydes Pettersen,PSC,MG,238,0,0.0
204444,Helio Lopes,PL,RJ,1108,0,0.0
204444,Helio Lopes,UNIÃO,RJ,83,0,0.0
204444,Helio Lopes,,RJ,52,0,0.0
74090,Átila Lins,PSD,AM,933,1,0.11
74090,Átila Lins,PP,AM,113,0,0.0
178990,Samuel Moreira,PSDB,SP,461,0,0.0
204488,Célio Studart,PSD,CE,934,0,0.0
73460,Gustavo Fruet,PDT,PR,389,0,0.0
160673,Giovani Cherini,PL,RS,1428,1,0.07
204550,Júnior Mano,PL,CE,385,0,0.0
204488,Célio Studart,PV,CE,91,0,0.0
204532,Vinicius Poit,NOVO,SP,464,0,0.0
178962,Carlos Gomes,REPUBLICANOS,RS,714,0,0.0
204498,Olival Marques,MDB,PA,1177,1,0.08
204498,Olival Marques,UNIÃO,PA,68,0,0.0
141480,Lázaro Botelho,PP,TO,833,0,0.0
204498,Olival Marques,,PA,52,0,0.0
160665,Augusto Coutinho,REPUBLICANOS,PE,1268,1,0.08
160665,Augusto Coutinho,SOLIDARIEDADE,PE,79,0,0.0
204456,Gutemberg Reis,MDB,RJ,1409,1,0.07
204377,Paula Belmonte,CIDADANIA,DF,406,0,0.0
204361,Carlos Chiodini,MDB,SC,671,0,0.0
196358,Lourival Gomes,UNIÃO,RJ,98,0,0.0
204436,Isnaldo Bulhões Jr.,MDB,AL,496,1,0.2
196358,Lourival Gomes,PP,RJ,262,0,0.0
196358,Lourival Gomes,,RJ,44,0,0.0
160588,Diego Andrade,PSD,MG,816,1,0.12
73586,Júlio Delgado,PV,MG,348,0,0.0
74471,André De Paula,PSD,PE,332,0,0.0
160510,Luis Tibé,AVANTE,MG,686,1,0.15
73586,Júlio Delgado,PSB,MG,128,0,0.0
141464,José Airton Félix Cirilo,PT,CE,1117,1,0.09
160621,Sandro Alex,PSD,PR,334,0,0.0
220574,Cabo Gilberto Silva,PL,PB,1081,1,0.09
178905,Fabio Garcia,UNIÃO,MT,96,0,0.0
223128,Rodrigo Estacho,PSD,PR,876,1,0.11
141533,Rodrigo Rollemberg,PSB,DF,275,1,0.36
229432,Luiz Fernando Vampiro,MDB,SC,417,1,0.24
74065,Fatima Pelaes,REPUBLICANOS,AP,153,1,0.65
220689,Detinha,PL,MA,546,1,0.18
220707,Amanda Gentil,PP,MA,670,1,0.15
220539,Defensor Stélio Dener,REPUBLICANOS,RR,1063,1,0.09
220697,Jadyel Alencar,REPUBLICANOS,PI,529,1,0.19
220675,Antônio Doido,MDB,PA,909,1,0.11
220660,Yury Do Paredão,MDB,CE,564,1,0.18
230765,Enfermeira Rejane,PCDOB,RJ,440,1,0.23
98615,Ismael,PSD,SC,883,1,0.11
143942,Caio Vianna,PSD,RJ,601,1,0.17
220584,Murilo Galdino,REPUBLICANOS,PB,927,1,0.11
74041,Luiz Couto,PT,PB,1288,1,0.08
166402,Magda Mofatto,PRD,GO,582,1,0.17
220578,Josenildo,PDT,AP,1059,1,0.09
171786,Miguel Ângelo,PT,MG,856,1,0.12
220617,Murillo Gouvea,UNIÃO,RJ,947,1,0.11
220672,Henderson Pinto,MDB,PA,849,1,0.12
220666,Coronel Meira,PL,PE,1109,1,0.09
220649,Delegado Da Cunha,PP,SP,780,0,0.0
74856,Laura Carneiro,PSD,RJ,1048,1,0.1
220559,Julia Zanatta,PL,SC,1029,1,0.1
220533,Prof. Reginaldo Veras,PV,DF,973,1,0.1
80815,Leo Prates,PDT,BA,922,1,0.11
220567,Jeferson Rodrigues,REPUBLICANOS,GO,754,1,0.13
220691,Diego Coronel,PSD,BA,1018,1,0.1
204482,Euclydes Pettersen,REPUBLICANOS,MG,506,1,0.2
204550,Júnior Mano,PSB,CE,211,0,0.0
220677,Keniston Braga,MDB,PA,836,0,0.0
220592,Zezinho Barbary,PP,AC,837,1,0.12
220706,Padovani,UNIÃO,PR,518,1,0.19
220671,Dilvanda Faro,PT,PA,996,1,0.1
220662,Lucas Ramos,PSB,PE,991,1,0.1
220703,Neto Carletto,AVANTE,BA,397,1,0.25
220703,Neto Carletto,PP,BA,542,0,0.0
227310,Silvio Antonio,PL,MA,184,0,0.0
220697,Jadyel Alencar,PV,PI,226,0,0.0
220660,Yury Do Paredão,S.PART.,CE,49,0,0.0
220660,Yury Do Paredão,PL,CE,73,0,0.0
166402,Magda Mofatto,PATRIOTA,GO,141,0,0.0
227323,Luciano Galego,PL,MA,85,0,0.0
220698,Beto Preto,PSD,PR,118,0,0.0
221339,Dr. Benjamim,UNIÃO,MA,451,0,0.0
229225,Missionária Michele Collins,PP,PE,72,0,0.0
230088,Dra. Mayra Pinheiro,PL,CE,83,0,0.0
204394,Gervásio Maia,PCDOB,PB,14,0,0.0
141411,Dagoberto Nogueira,PP,MS,12,0,0.0
204474,Juarez Costa,REPUBLICANOS,MT,18,0,0.0
178886,Juscelino Filho,PSDB,MA,12,0,0.0
220539,Defensor Stélio Dener,UNIÃO,RR,11,0,0.0
220637,Marina Silva,REDE,SP,14,0,0.0
204515,André Janones,REDE,MG,19,0,0.0
98615,Ismael,PL,SC,16,0,0.0
204364,Eli Borges,REPUBLICANOS,TO,11,0,0.0
204457,Juninho Do Pneu,PSDB,RJ,15,0,0.0
204358,Beto Pereira,REPUBLICANOS,MS,11,0,0.0
220617,Murillo Gouvea,PSDB,RJ,9,0,0.0
220672,Henderson Pinto,UNIÃO,PA,13,0,0.0
220567,Jeferson Rodrigues,PSDB,GO,21,0,0.0
80815,Leo Prates,REPUBLICANOS,BA,1,0,0.0
220649,Delegado Da Cunha,UNIÃO,SP,1,0,0.0
222565,Soldado Noelio,UNIÃO,CE,40,0,0.0
204504,Cezinha De Madureira,PL,SP,25,0,0.0
220691,Diego Coronel,REPUBLICANOS,BA,23,0,0.0
66828,Fausto Pinato,UNIÃO,SP,1,0,0.0
204498,Olival Marques,PODE,PA,8,0,0.0
220706,Padovani,PP,PR,8,0,0.0
220706,Padovani,PL,PR,4,0,0.0
220706,Padovani,REPUBLICANOS,PR,1,0,0.0
