sk_dept,id_deputado,dept_tx_nome_parlamentar,part_sg_partido,uf_sg_uf,qt_votacoes,qt_presencas_votacoes,qt_frentes,pc_participacao_decisiva,score_votacoes,score_presenca_votacoes,score_participacao_decisiva,score_frentes,score_engajamento,tx_faixa_engajamento
1,62881,Danilo Forte,PP,CE,1112,1111,185,99.82,0.6623,0.6621,0.9982,0.3179,67.78,Médio engajamento
2,66179,Norma Ayub,PP,ES,394,394,68,100.0,0.2347,0.2348,1.0,0.1168,37.01,Baixo engajamento
3,66385,Julio Arcoverde,PP,PI,754,753,36,99.87,0.4491,0.4487,0.9987,0.0619,50.08,Médio engajamento
4,66828,Fausto Pinato,UNIÃO,SP,1281,1280,401,98.98,0.763,0.7628,0.9898,0.689,79.72,Alto engajamento
5,67138,Iracema Portella,PP,PI,125,125,167,100.0,0.0744,0.0745,1.0,0.2869,29.14,Baixo engajamento
6,68720,Fábio Henrique,UNIÃO,SE,566,566,227,99.82,0.3371,0.3373,0.9982,0.39,47.73,Médio engajamento
7,69871,Bacelar,PV,BA,1537,1536,427,99.48,0.9154,0.9154,0.9948,0.7337,90.4,Alto engajamento
8,72442,Felipe Carreras,PSB,PE,1238,1237,284,99.51,0.7373,0.7372,0.9951,0.488,75.14,Alto engajamento
9,73433,Arlindo Chinaglia,PT,SP,1428,1427,125,97.83,0.8505,0.8504,0.9783,0.2148,78.07,Alto engajamento
10,73441,Celso Russomanno,REPUBLICANOS,SP,1202,1201,367,99.17,0.7159,0.7157,0.9917,0.6306,75.82,Alto engajamento
11,73460,Gustavo Fruet,PDT,PR,389,389,64,98.97,0.2317,0.2318,0.9897,0.11,36.51,Baixo engajamento
12,73463,Osmar Serraglio,PP,PR,450,450,4,100.0,0.268,0.2682,1.0,0.0069,37.53,Baixo engajamento
13,73466,Rubens Bueno,CIDADANIA,PR,514,514,186,99.61,0.3061,0.3063,0.9961,0.3196,44.62,Médio engajamento
14,73482,Henrique Fontana,PT,RS,440,440,100,94.32,0.2621,0.2622,0.9432,0.1718,38.48,Baixo engajamento
15,73486,Pompeo De Mattos,PDT,RS,1413,1412,466,98.23,0.8416,0.8415,0.9823,0.8007,86.36,Alto engajamento
16,73531,Ivan Valente,PSOL,SP,1412,1411,121,97.87,0.841,0.8409,0.9787,0.2079,77.35,Alto engajamento
17,73579,Alberto Fraga,PL,DF,1032,1032,252,94.86,0.6147,0.615,0.9486,0.433,65.43,Médio engajamento
18,73586,Júlio Delgado,PV,MG,476,476,79,97.27,0.2835,0.2837,0.9727,0.1357,39.92,Baixo engajamento
19,73604,Rui Falcão,PT,SP,1454,1453,258,97.45,0.866,0.8659,0.9745,0.4433,82.43,Alto engajamento
20,73692,Osmar Terra,PL,RS,1212,1211,150,98.43,0.7219,0.7217,0.9843,0.2577,70.47,Médio engajamento
21,73696,Angela Amin,PP,SC,450,450,148,98.67,0.268,0.2682,0.9867,0.2543,40.97,Médio engajamento
22,73701,Benedita Da Silva,PT,RJ,1118,1117,268,98.93,0.6659,0.6657,0.9893,0.4605,69.97,Médio engajamento
23,73768,Dilceu Sperafico,PP,PR,1021,1020,38,99.8,0.6081,0.6079,0.998,0.0653,60.46,Médio engajamento
24,73772,Hermes Parcianello,MDB,PR,243,243,17,99.59,0.1447,0.1448,0.9959,0.0292,29.76,Baixo engajamento
25,73778,Luiz Carlos Hauly,PODE,PR,768,767,41,99.48,0.4574,0.4571,0.9948,0.0704,50.67,Médio engajamento
26,73788,Ricardo Barros,PP,PR,721,720,116,100.0,0.4294,0.4291,1.0,0.1993,50.89,Médio engajamento
27,73801,Renildo Calheiros,PCDOB,PE,1423,1422,291,99.16,0.8475,0.8474,0.9916,0.5,82.42,Alto engajamento
28,73806,Roseana Sarney,MDB,MA,270,270,10,100.0,0.1608,0.1609,1.0,0.0172,30.71,Baixo engajamento
29,73808,Sérgio Brito,PSD,BA,452,452,73,99.78,0.2692,0.2694,0.9978,0.1254,39.34,Baixo engajamento
30,73891,Darcísio Perondi,MDB,RS,0,0,99,,0.0,0.0,0.0,0.1701,2.55,Baixo engajamento
31,73943,Perpétua Almeida,PCDOB,AC,452,452,94,94.91,0.2692,0.2694,0.9491,0.1615,38.91,Baixo engajamento
32,74041,Luiz Couto,PT,PB,1288,1287,112,99.77,0.7671,0.767,0.9977,0.1924,72.7,Médio engajamento
33,74043,Wellington Roberto,PSD,PB,910,910,308,93.96,0.542,0.5423,0.9396,0.5292,61.97,Médio engajamento
34,74044,Wilson Santiago,REPUBLICANOS,PB,1104,1103,376,99.91,0.6575,0.6573,0.9991,0.646,72.4,Médio engajamento
35,74052,Bosco Costa,PL,SE,492,492,248,100.0,0.293,0.2932,1.0,0.4261,45.44,Médio engajamento
36,74057,Alice Portugal,PCDOB,BA,1550,1549,286,98.52,0.9232,0.9231,0.9852,0.4914,87.08,Alto engajamento
37,74060,Daniel Almeida,PCDOB,BA,1343,1342,407,98.73,0.7999,0.7998,0.9873,0.6993,82.23,Alto engajamento
38,74065,Fatima Pelaes,REPUBLICANOS,AP,153,152,3,100.0,0.0911,0.0906,1.0,0.0052,25.98,Baixo engajamento
39,74075,Elcione Barbalho,MDB,PA,893,893,176,99.66,0.5319,0.5322,0.9966,0.3024,59.05,Médio engajamento
40,74079,José Priante,MDB,PA,794,793,112,100.0,0.4729,0.4726,1.0,0.1924,53.62,Médio engajamento
41,74084,Raimundo Santos,PSD,PA,1026,1025,191,99.9,0.6111,0.6108,0.999,0.3282,64.62,Médio engajamento
42,74090,Átila Lins,PSD,AM,1046,1045,178,99.9,0.623,0.6228,0.999,0.3058,65.06,Médio engajamento
43,74095,Pauderney Avelino,UNIÃO,AM,537,536,17,99.44,0.3198,0.3194,0.9944,0.0292,41.1,Médio engajamento
44,74141,Josias Gomes,PT,BA,1136,1135,55,99.3,0.6766,0.6764,0.993,0.0945,65.25,Médio engajamento
45,74156,Leonardo Monteiro,PT,MG,1306,1305,479,98.08,0.7778,0.7777,0.9808,0.823,82.51,Alto engajamento
46,74158,Mário Heringer,PDT,MG,1165,1164,304,98.71,0.6939,0.6937,0.9871,0.5223,72.67,Médio engajamento
47,74159,Odair Cunha,PT,MG,1393,1392,263,97.7,0.8297,0.8296,0.977,0.4519,80.25,Alto engajamento
48,74160,Patrus Ananias,PT,MG,1519,1518,360,98.62,0.9047,0.9046,0.9862,0.6186,87.81,Alto engajamento
49,74161,Reginaldo Lopes,PT,MG,942,941,340,97.45,0.561,0.5608,0.9745,0.5842,64.71,Médio engajamento
50,74165,Neucimar Fraga,PP,ES,346,346,3,99.71,0.2061,0.2062,0.9971,0.0052,33.42,Baixo engajamento
51,74171,Chico Alencar,PSOL,RJ,1151,1150,87,99.13,0.6855,0.6853,0.9913,0.1495,66.62,Médio engajamento
52,74200,Gastão Vieira,PROS,MA,108,108,141,100.0,0.0643,0.0644,1.0,0.2423,27.82,Baixo engajamento
53,74212,Aníbal Gomes,UNIÃO,CE,0,0,35,,0.0,0.0,0.0,0.0601,0.9,Baixo engajamento
54,74253,Julio Lopes,PP,RJ,824,823,274,99.88,0.4908,0.4905,0.9988,0.4708,58.93,Médio engajamento
55,74254,Leonardo Picciani,MDB,RJ,105,105,0,93.33,0.0625,0.0626,0.9333,0.0,22.73,Baixo engajamento
56,74262,Carlos Sampaio,PSD,SP,1368,1367,57,99.78,0.8148,0.8147,0.9978,0.0979,74.38,Médio engajamento
57,74270,Gilberto Nascimento,PODE,SP,461,460,417,88.91,0.2746,0.2741,0.8891,0.7165,46.36,Médio engajamento
58,74273,Jefferson Campos,PL,SP,1421,1420,321,94.65,0.8463,0.8462,0.9465,0.5515,82.21,Alto engajamento
59,74283,Vicentinho,PT,SP,1369,1368,322,98.25,0.8154,0.8153,0.9825,0.5533,80.95,Alto engajamento
60,74295,Inácio Arruda,PCDOB,CE,12,12,0,100.0,0.0071,0.0072,1.0,0.0,20.46,Baixo engajamento
61,74299,Leônidas Cristino,PDT,CE,1203,1202,335,99.0,0.7165,0.7163,0.99,0.5756,75.0,Alto engajamento
62,74305,Roberto Pessoa,PSDB,CE,0,0,150,,0.0,0.0,0.0,0.2577,3.87,Baixo engajamento
63,74317,Júlio Cesar,PSD,PI,1134,1133,273,99.91,0.6754,0.6752,0.9991,0.4691,70.91,Médio engajamento
64,74319,Paes Landim,UNIÃO,PI,91,91,3,100.0,0.0542,0.0542,1.0,0.0052,23.6,Baixo engajamento
65,74352,Nilson Pinto,PSDB,PA,317,317,43,100.0,0.1888,0.1889,1.0,0.0739,33.38,Baixo engajamento
66,74356,Silas Câmara,REPUBLICANOS,AM,881,880,224,100.0,0.5247,0.5244,1.0,0.3849,59.87,Médio engajamento
67,74366,João Campos,REPUBLICANOS,GO,375,375,170,99.73,0.2233,0.2235,0.9973,0.2921,38.85,Baixo engajamento
68,74371,Rubens Otoni,PT,GO,1084,1083,353,98.34,0.6456,0.6454,0.9834,0.6065,70.72,Médio engajamento
69,74374,Geraldo Resende,UNIÃO,MS,947,946,213,100.0,0.564,0.5638,1.0,0.366,62.14,Médio engajamento
70,74376,Vander Loubet,PT,MS,1368,1368,264,97.73,0.8148,0.8153,0.9773,0.4536,79.33,Alto engajamento
71,74383,Giacobo,PSD,PR,805,805,215,94.53,0.4795,0.4797,0.9453,0.3694,55.62,Médio engajamento
72,74398,Maria Do Rosário,PT,RS,1249,1248,298,96.31,0.7439,0.7437,0.9631,0.512,75.29,Alto engajamento
73,74399,Onyx Lorenzoni,PL,RS,218,218,5,100.0,0.1298,0.1299,1.0,0.0086,28.57,Baixo engajamento
74,74400,Paulo Pimenta,PT,RS,878,877,71,96.58,0.5229,0.5226,0.9658,0.122,55.13,Médio engajamento
75,74419,Gonzaga Patriota,PSB,PE,406,406,262,95.07,0.2418,0.242,0.9507,0.4502,41.49,Médio engajamento
76,74428,Mendonça Filho,PL,PE,967,966,118,97.31,0.5759,0.5757,0.9731,0.2027,59.93,Médio engajamento
77,74439,Wolney Queiroz,PDT,PE,306,306,128,98.04,0.1823,0.1824,0.9804,0.2199,34.76,Baixo engajamento
78,74454,Eunício Oliveira,MDB,CE,647,646,31,90.09,0.3853,0.385,0.9009,0.0533,43.85,Médio engajamento
79,74459,Átila Lira,PP,PI,389,389,268,100.0,0.2317,0.2318,1.0,0.4605,41.97,Médio engajamento
80,74467,Damião Feliciano,UNIÃO,PB,1158,1158,308,99.57,0.6897,0.6901,0.9957,0.5292,72.69,Médio engajamento
81,74471,André De Paula,PSD,PE,332,332,198,100.0,0.1977,0.1979,1.0,0.3402,37.96,Baixo engajamento
82,74478,Luciano Bivar,MDB,PE,420,419,82,99.52,0.2501,0.2497,0.9952,0.1409,38.26,Baixo engajamento
83,74537,Claudio Cajado,PP,BA,1319,1318,151,99.85,0.7856,0.7855,0.9985,0.2595,74.92,Médio engajamento
84,74550,João Leão,PP,BA,836,835,109,99.52,0.4979,0.4976,0.9952,0.1873,55.07,Médio engajamento
85,74554,José Rocha,UNIÃO,BA,1135,1134,308,100.0,0.676,0.6758,1.0,0.5292,71.87,Médio engajamento
86,74571,Nelson Pellegrino,PT,BA,0,0,249,,0.0,0.0,0.0,0.4278,6.42,Baixo engajamento
87,74574,Paulo Magalhães,PSD,BA,1276,1275,85,99.76,0.76,0.7598,0.9976,0.146,71.54,Médio engajamento
88,74585,Lincoln Portela,PL,MG,1315,1315,443,91.71,0.7832,0.7837,0.9171,0.7612,80.68,Alto engajamento
89,74646,Aécio Neves,PSDB,MG,840,839,54,100.0,0.5003,0.5,1.0,0.0928,53.9,Médio engajamento
90,74655,Eduardo Barbosa,PSDB,MG,484,484,177,99.79,0.2883,0.2884,0.9979,0.3041,43.26,Médio engajamento
91,74693,Rodrigo Maia,PSDB,RJ,23,23,14,86.96,0.0137,0.0137,0.8696,0.0241,18.64,Baixo engajamento
92,74696,Alberto Mourão,MDB,SP,305,305,19,99.67,0.1817,0.1818,0.9967,0.0326,32.24,Baixo engajamento
93,74749,Mauro Lopes,PP,MG,366,366,245,99.73,0.218,0.2181,0.9973,0.421,40.43,Médio engajamento
94,74784,Luiza Erundina,PSOL,SP,1250,1250,135,98.08,0.7445,0.7449,0.9808,0.232,71.5,Médio engajamento
95,74806,Tadeu Filippelli,MDB,DF,0,0,1,,0.0,0.0,0.0,0.0017,0.03,Baixo engajamento
96,74848,Jandira Feghali,PCDOB,RJ,1501,1500,152,98.4,0.894,0.8939,0.984,0.2612,81.71,Alto engajamento
97,74856,Laura Carneiro,PSD,RJ,1048,1047,215,99.52,0.6242,0.624,0.9952,0.3694,66.01,Médio engajamento
98,74858,Lindbergh Farias,PT,RJ,1014,1013,180,99.7,0.6039,0.6037,0.997,0.3093,63.83,Médio engajamento
99,75431,Maurício Dziedricki,PODE,RS,469,469,49,100.0,0.2793,0.2795,1.0,0.0842,39.42,Baixo engajamento
100,76874,Marcelo Freixo,PSB,RJ,438,438,55,95.89,0.2609,0.261,0.9589,0.0945,37.56,Baixo engajamento
101,77003,Sergio Santos Rodrigues,PODE,MG,91,91,1,100.0,0.0542,0.0542,1.0,0.0017,23.55,Baixo engajamento
102,80815,Leo Prates,REPUBLICANOS,BA,923,922,88,99.89,0.5497,0.5495,0.9989,0.1512,57.97,Médio engajamento
103,81055,Márcio Jerry,PCDOB,MA,1252,1251,273,98.96,0.7457,0.7455,0.9896,0.4691,75.29,Alto engajamento
104,81297,Dra. Soraya Manato,PTB,ES,510,510,148,100.0,0.3038,0.3039,1.0,0.2543,43.56,Médio engajamento
105,88256,Clodoaldo Magalhães,PV,PE,902,901,100,99.78,0.5372,0.5369,0.9978,0.1718,57.44,Médio engajamento
106,89536,Prof. Paulo Fernando,REPUBLICANOS,DF,259,259,77,98.46,0.1543,0.1544,0.9846,0.1323,31.71,Baixo engajamento
107,90201,Pedro Augusto Bezerra,PDT,CE,380,380,227,99.47,0.2263,0.2265,0.9947,0.39,40.46,Médio engajamento
108,90842,Santini,PTB,RS,0,0,199,,0.0,0.0,0.0,0.3419,5.13,Baixo engajamento
109,91228,Waldemar Oliveira,AVANTE,PE,1171,1170,49,99.83,0.6974,0.6973,0.9983,0.0842,66.56,Médio engajamento
110,92102,Leur Lomanto Júnior,UNIÃO,BA,1097,1096,249,99.91,0.6534,0.6532,0.9991,0.4278,68.86,Médio engajamento
111,92172,Milton Coelho,PSB,PE,296,296,6,94.93,0.1763,0.1764,0.9493,0.0103,30.6,Baixo engajamento
112,92346,Eduardo Bolsonaro,PL,SP,830,830,181,95.06,0.4943,0.4946,0.9506,0.311,55.82,Médio engajamento
113,92699,Fernando Monteiro,PSD,PE,1258,1258,116,99.92,0.7493,0.7497,0.9992,0.1993,71.69,Médio engajamento
114,92776,Stefano Aguiar,PSD,MG,1033,1032,272,97.0,0.6152,0.615,0.97,0.4674,66.39,Médio engajamento
115,93083,Cacá Leão,PP,BA,332,332,180,99.7,0.1977,0.1979,0.997,0.3093,37.44,Baixo engajamento
116,98057,Lafayette De Andrada,PL,MG,1085,1085,568,99.54,0.6462,0.6466,0.9954,0.9759,76.56,Alto engajamento
117,98148,Cobalchini,MDB,SC,1021,1020,169,99.31,0.6081,0.6079,0.9931,0.2904,63.74,Médio engajamento
118,98615,Ismael,PL,SC,899,898,81,98.0,0.5354,0.5352,0.98,0.1392,56.48,Médio engajamento
119,100689,Hildo Do Candango,REPUBLICANOS,GO,106,106,1,100.0,0.0631,0.0632,1.0,0.0017,24.13,Baixo engajamento
120,103758,Luciano Azevedo,PSD,RS,376,376,22,100.0,0.2239,0.2241,1.0,0.0378,35.13,Baixo engajamento
121,104552,Socorro Neri,PP,AC,894,893,228,100.0,0.5325,0.5322,1.0,0.3918,60.48,Médio engajamento
122,105534,Alexandre Figueiredo,PSD,SE,97,97,0,100.0,0.0578,0.0578,1.0,0.0,23.76,Baixo engajamento
123,107283,Gleisi Hoffmann,PT,PR,644,644,170,97.36,0.3836,0.3838,0.9736,0.2921,48.79,Médio engajamento
124,107970,Ana Paula Leão,PP,MG,918,917,112,100.0,0.5468,0.5465,1.0,0.1924,58.42,Médio engajamento
125,108338,Jaqueline Cassol,PP,RO,409,409,78,100.0,0.2436,0.2437,1.0,0.134,37.85,Baixo engajamento
126,109429,Benes Leocádio,UNIÃO,RN,1455,1454,209,99.79,0.8666,0.8665,0.9979,0.3591,81.67,Alto engajamento
127,112437,João Marcelo Souza,MDB,MA,221,221,98,99.55,0.1316,0.1317,0.9955,0.1684,30.99,Baixo engajamento
128,115200,Raniery Paulino,REPUBLICANOS,PB,72,72,8,98.61,0.0429,0.0429,0.9861,0.0137,22.72,Baixo engajamento
129,115746,Gelson Azevedo,PL,RJ,478,478,158,100.0,0.2847,0.2849,1.0,0.2715,42.58,Médio engajamento
130,116379,Darci De Matos,PSD,SC,669,669,254,100.0,0.3985,0.3987,1.0,0.4364,52.45,Médio engajamento
131,118594,Marcelo Squassoni,REPUBLICANOS,SP,121,121,0,100.0,0.0721,0.0721,1.0,0.0,24.69,Baixo engajamento
132,121948,Adriano Do Baldy,PP,GO,1384,1383,289,100.0,0.8243,0.8242,1.0,0.4966,81.03,Alto engajamento
133,122158,Pedro Paulo,PSD,RJ,830,830,256,100.0,0.4943,0.4946,1.0,0.4399,58.74,Médio engajamento
134,122195,Leonardo Gadelha,PODE,PB,292,292,4,100.0,0.1739,0.174,1.0,0.0069,31.41,Baixo engajamento
135,122466,Ronaldo Martins,REPUBLICANOS,CE,38,38,21,100.0,0.0226,0.0226,1.0,0.0361,22.01,Baixo engajamento
136,122974,Pedro Lucas Fernandes,UNIÃO,MA,1155,1154,285,99.91,0.6879,0.6877,0.9991,0.4897,72.04,Médio engajamento
137,123086,Átila Lira,PP,PI,1066,1065,48,100.0,0.6349,0.6347,1.0,0.0825,62.5,Médio engajamento
138,123756,Antônia Lúcia,MDB,AC,844,843,152,99.88,0.5027,0.5024,0.9988,0.2612,56.56,Médio engajamento
139,128760,Paulo Marinho Jr,PL,MA,320,320,2,98.75,0.1906,0.1907,0.9875,0.0034,32.19,Baixo engajamento
140,129618,Gorete Pereira,MDB,CE,29,29,1,100.0,0.0173,0.0173,1.0,0.0017,21.15,Baixo engajamento
141,132504,Enio Verri,PT,PR,464,464,213,94.61,0.2764,0.2765,0.9461,0.366,42.38,Médio engajamento
142,133373,Marco Maia,PT,RS,0,0,0,,0.0,0.0,0.0,0.0,0.0,Baixo engajamento
143,133439,André Figueiredo,PDT,CE,1357,1356,397,99.04,0.8082,0.8081,0.9904,0.6821,82.57,Alto engajamento
144,133810,Marcelo Moraes,PL,RS,1166,1166,116,94.77,0.6945,0.6949,0.9477,0.1993,67.1,Médio engajamento
145,133968,Paulo Ramos,PDT,RJ,398,398,153,98.24,0.237,0.2372,0.9824,0.2629,39.0,Baixo engajamento
146,134812,Edmilson Rodrigues,PSOL,PA,0,0,251,,0.0,0.0,0.0,0.4313,6.47,Baixo engajamento
147,135054,Cristiano Vale,PP,PA,369,369,257,100.0,0.2198,0.2199,1.0,0.4416,40.91,Médio engajamento
148,136811,Afonso Hamm,PP,RS,1142,1141,381,100.0,0.6802,0.68,1.0,0.6546,74.03,Médio engajamento
149,137070,Vicentinho Júnior,PSDB,TO,1109,1108,398,100.0,0.6605,0.6603,1.0,0.6838,73.18,Médio engajamento
150,138286,Luciano Alves,PSD,PR,700,699,52,100.0,0.4169,0.4166,1.0,0.0893,48.43,Médio engajamento
151,139285,Lídice Da Mata,PSB,BA,1352,1351,338,98.89,0.8052,0.8051,0.9889,0.5808,80.83,Alto engajamento
152,141335,Beto Faro,PT,PA,433,433,119,93.07,0.2579,0.258,0.9307,0.2045,38.45,Baixo engajamento
153,141372,Aelton Freitas,PP,MG,359,359,8,100.0,0.2138,0.2139,1.0,0.0137,34.11,Baixo engajamento
154,141379,Andreia Zito,PSD,RJ,0,0,0,,0.0,0.0,0.0,0.0,0.0,Baixo engajamento
155,141391,Arnaldo Jardim,CIDADANIA,SP,1091,1090,244,99.54,0.6498,0.6496,0.9954,0.4192,68.43,Médio engajamento
156,141398,Carlos Zarattini,PT,SP,1384,1383,275,97.98,0.8243,0.8242,0.9798,0.4725,80.26,Alto engajamento
157,141401,Carlos Bezerra,MDB,MT,167,167,10,100.0,0.0995,0.0995,1.0,0.0172,26.73,Baixo engajamento
158,141405,Celso Maldaner,MDB,SC,336,336,280,100.0,0.2001,0.2002,1.0,0.4811,40.23,Médio engajamento
159,141408,Cleber Verde,MDB,MA,1400,1399,486,99.93,0.8338,0.8337,0.9993,0.8351,86.71,Alto engajamento
160,141411,Dagoberto Nogueira,PP,MS,1410,1409,281,99.36,0.8398,0.8397,0.9936,0.4828,81.7,Alto engajamento
161,141417,Edio Lopes,PL,RR,318,318,163,100.0,0.1894,0.1895,1.0,0.2801,36.52,Baixo engajamento
162,141421,Eduardo Da Fonte,PP,PE,1267,1266,300,99.84,0.7546,0.7545,0.9984,0.5155,76.75,Alto engajamento
163,141422,Efraim Filho,UNIÃO,PB,123,123,79,100.0,0.0733,0.0733,1.0,0.1357,26.8,Baixo engajamento
164,141427,Fábio Ramalho,MDB,MG,352,352,83,98.3,0.2096,0.2098,0.983,0.1426,35.43,Baixo engajamento
165,141428,Fábio Faria,PP,RN,0,0,135,,0.0,0.0,0.0,0.232,3.48,Baixo engajamento
166,141431,Fernando Coelho Filho,UNIÃO,PE,1156,1155,231,99.31,0.6885,0.6883,0.9931,0.3969,70.56,Médio engajamento
167,141434,Flaviano Melo,MDB,AC,399,399,35,100.0,0.2376,0.2378,1.0,0.0601,36.35,Baixo engajamento
168,141439,Chico D'angelo,PDT,RJ,411,411,80,98.3,0.2448,0.2449,0.983,0.1375,37.64,Baixo engajamento
169,141450,Hugo Leal,PSD,RJ,1131,1130,268,100.0,0.6736,0.6734,1.0,0.4605,70.69,Médio engajamento
170,141456,Jilmar Tatto,PT,SP,837,836,63,100.0,0.4985,0.4982,1.0,0.1082,54.02,Médio engajamento
171,141458,João Carlos Bacelar,PL,BA,890,889,240,99.89,0.5301,0.5298,0.9989,0.4124,60.61,Médio engajamento
172,141459,João Maia,PP,RN,1307,1306,91,99.69,0.7784,0.7783,0.9969,0.1564,72.88,Médio engajamento
173,141464,José Airton Félix Cirilo,PT,CE,1117,1116,185,97.85,0.6653,0.6651,0.9785,0.3179,67.58,Médio engajamento
174,141470,José Guimarães,PT,CE,1506,1505,254,97.87,0.897,0.8969,0.9787,0.4364,84.42,Alto engajamento
175,141478,Laerte Bessa,PL,DF,121,121,0,99.17,0.0721,0.0721,0.9917,0.0,24.52,Baixo engajamento
176,141480,Lázaro Botelho,PP,TO,833,833,50,99.88,0.4961,0.4964,0.9988,0.0859,53.52,Médio engajamento
177,141485,Luiz Carlos Busato,UNIÃO,RS,941,940,93,100.0,0.5605,0.5602,1.0,0.1598,58.82,Médio engajamento
178,141487,Luiz Fernando Faria,UNIÃO,MG,843,842,128,99.88,0.5021,0.5018,0.9988,0.2199,55.9,Médio engajamento
179,141488,Paulo Teixeira,PT,SP,449,449,231,95.1,0.2674,0.2676,0.951,0.3969,42.36,Médio engajamento
180,141508,Mauro Nazif,PSB,RO,448,448,248,98.66,0.2668,0.267,0.9866,0.4261,43.47,Médio engajamento
181,141513,Bilac Pinto,UNIÃO,MG,355,355,186,100.0,0.2114,0.2116,1.0,0.3196,38.54,Baixo engajamento
182,141515,Otavio Leite,PSDB,RJ,84,84,3,100.0,0.05,0.0501,1.0,0.0052,23.33,Baixo engajamento
183,141516,Paulo Abi-ackel,PSDB,MG,990,989,144,100.0,0.5896,0.5894,1.0,0.2474,62.03,Médio engajamento
184,141518,Paulinho Da Força,SOLIDARIEDADE,SP,571,570,96,99.82,0.3401,0.3397,0.9982,0.1649,44.53,Médio engajamento
185,141523,Raul Henry,MDB,PE,425,425,176,99.76,0.2531,0.2533,0.9976,0.3024,40.95,Médio engajamento
186,141531,Rodrigo De Castro,UNIÃO,MG,1288,1288,250,99.77,0.7671,0.7676,0.9977,0.4296,76.27,Alto engajamento
187,141533,Rodrigo Rollemberg,PSB,DF,275,274,9,100.0,0.1638,0.1633,1.0,0.0155,30.86,Baixo engajamento
188,141552,Valtenir Pereira,MDB,MT,209,209,147,99.52,0.1245,0.1246,0.9952,0.2526,31.79,Baixo engajamento
189,141553,Vanderlei Macris,PSDB,SP,392,392,224,99.74,0.2335,0.2336,0.9974,0.3849,40.9,Médio engajamento
190,141555,Vinicius Carvalho,PL,SP,988,988,514,100.0,0.5884,0.5888,1.0,0.8832,71.51,Médio engajamento
191,143084,Tiago Dimas,PODE,TO,718,717,158,99.86,0.4276,0.4273,0.9986,0.2715,51.83,Médio engajamento
192,143632,Domingos Neto,PSD,CE,869,868,308,99.88,0.5176,0.5173,0.9988,0.5292,61.55,Médio engajamento
193,143942,Caio Vianna,PSD,RJ,601,600,48,100.0,0.358,0.3576,1.0,0.0825,44.5,Médio engajamento
194,146307,Neri Geller,PP,MT,185,185,150,100.0,0.1102,0.1103,1.0,0.2577,31.03,Baixo engajamento
195,146788,Marcelo Aro,PP,MG,222,222,28,99.55,0.1322,0.1323,0.9955,0.0481,29.23,Baixo engajamento
196,150418,Márcio Marinho,REPUBLICANOS,BA,1206,1205,504,99.92,0.7183,0.7181,0.9992,0.866,79.66,Alto engajamento
197,151208,Laercio Oliveira,PP,SE,386,386,184,100.0,0.2299,0.23,1.0,0.3162,39.69,Baixo engajamento
198,151965,Maia Filho,PP,PI,0,0,0,,0.0,0.0,0.0,0.0,0.0,Baixo engajamento
199,152605,Glauber Braga,PSOL,RJ,1263,1262,127,94.14,0.7522,0.7521,0.9414,0.2182,70.99,Médio engajamento
200,152610,Roberto Alves,REPUBLICANOS,SP,389,389,262,100.0,0.2317,0.2318,1.0,0.4502,41.82,Médio engajamento
201,153423,Renilce Nicodemos,MDB,PA,701,700,242,100.0,0.4175,0.4172,1.0,0.4158,53.37,Médio engajamento
202,154178,Milton Vieira,REPUBLICANOS,SP,434,434,232,100.0,0.2585,0.2586,1.0,0.3986,42.78,Médio engajamento
203,154919,Eleuses Paiva,PSD,SP,187,187,0,100.0,0.1114,0.1114,1.0,0.0,27.24,Baixo engajamento
204,156190,Marcel Van Hattem,NOVO,RS,1604,1603,167,93.08,0.9553,0.9553,0.9308,0.2869,85.01,Alto engajamento
205,157130,Túlio Gadêlha,PSD,PE,1290,1289,221,98.76,0.7683,0.7682,0.9876,0.3797,75.38,Alto engajamento
206,159237,Assis Carvalho,PT,PI,0,0,171,,0.0,0.0,0.0,0.2938,4.41,Baixo engajamento
207,160161,Marcelo Queiroz,PSDB,RJ,789,789,214,98.35,0.4699,0.4702,0.9835,0.3677,55.74,Médio engajamento
208,160508,Afonso Florence,PT,BA,391,391,118,95.14,0.2329,0.233,0.9514,0.2027,37.21,Baixo engajamento
209,160510,Luis Tibé,AVANTE,MG,686,685,162,100.0,0.4086,0.4082,1.0,0.2784,50.72,Médio engajamento
210,160511,Alessandro Molon,PSB,RJ,414,414,76,95.65,0.2466,0.2467,0.9565,0.1306,37.12,Baixo engajamento
211,160512,Aureo Ribeiro,SOLIDARIEDADE,RJ,1201,1200,386,99.67,0.7153,0.7151,0.9967,0.6632,76.37,Alto engajamento
212,160517,Paulo Folletto,PSB,ES,1075,1074,260,98.6,0.6403,0.64,0.986,0.4467,68.03,Médio engajamento
213,160518,Weliton Prado,SOLIDARIEDADE,MG,1265,1264,337,98.1,0.7534,0.7533,0.981,0.579,77.27,Alto engajamento
214,160527,Aguinaldo Ribeiro,PP,PB,943,942,154,99.68,0.5616,0.5614,0.9968,0.2646,60.4,Médio engajamento
215,160528,Danilo Cabral,PSB,PE,375,375,176,97.87,0.2233,0.2235,0.9787,0.3024,38.63,Baixo engajamento
216,160531,Jhonatan De Jesus,REPUBLICANOS,RR,414,414,178,99.52,0.2466,0.2467,0.9952,0.3058,40.52,Médio engajamento
217,160532,Eli Corrêa Filho,UNIÃO,SP,451,451,174,100.0,0.2686,0.2688,1.0,0.299,41.95,Médio engajamento
218,160534,Lauriete,PSC,ES,475,475,63,100.0,0.2829,0.2831,1.0,0.1082,40.02,Médio engajamento
219,160535,Marcon,PT,RS,1351,1350,330,97.63,0.8046,0.8045,0.9763,0.567,80.33,Alto engajamento
220,160538,Bohn Gass,PT,RS,1442,1441,270,97.85,0.8588,0.8588,0.9785,0.4639,82.35,Alto engajamento
221,160541,Arthur Lira,PP,AL,707,707,70,16.97,0.4211,0.4213,0.1697,0.1203,32.58,Baixo engajamento
222,160542,Márcio Macêdo,PT,SE,233,233,1,96.57,0.1388,0.1389,0.9657,0.0017,28.36,Baixo engajamento
223,160545,Alexandre Leite,UNIÃO,SP,760,760,278,99.47,0.4527,0.4529,0.9947,0.4777,56.49,Médio engajamento
224,160548,Jonas Donizette,PSB,SP,978,977,91,99.8,0.5825,0.5822,0.998,0.1564,60.16,Médio engajamento
225,160552,Danrlei De Deus Hinterholz,PSD,RS,684,684,38,100.0,0.4074,0.4076,1.0,0.0653,47.47,Médio engajamento
226,160553,Antonio Brito,PSD,BA,655,654,298,100.0,0.3901,0.3897,1.0,0.512,53.02,Médio engajamento
227,160556,Padre João,PT,MG,1459,1458,411,97.87,0.869,0.8689,0.9787,0.7062,86.65,Alto engajamento
228,160558,Paulo Freire Costa,PL,SP,1362,1361,247,94.71,0.8112,0.8111,0.9471,0.4244,78.03,Alto engajamento
229,160559,Alceu Moreira,MDB,RS,1246,1245,319,100.0,0.7421,0.742,1.0,0.5481,76.46,Alto engajamento
230,160561,Missionário José Olimpio,PL,SP,271,271,2,100.0,0.1614,0.1615,1.0,0.0034,30.55,Baixo engajamento
231,160569,Waldenor Pereira,PT,BA,1201,1200,268,98.33,0.7153,0.7151,0.9833,0.4605,73.06,Médio engajamento
232,160570,Jerônimo Goergen,PP,RS,284,284,179,99.65,0.1691,0.1692,0.9965,0.3076,35.54,Baixo engajamento
233,160575,Erika Kokay,PT,DF,1650,1649,375,98.36,0.9827,0.9827,0.9836,0.6443,93.21,Alto engajamento
234,160587,Fábio Trad,PSD,MS,422,422,284,100.0,0.2513,0.2515,1.0,0.488,43.66,Médio engajamento
235,160588,Diego Andrade,PSD,MG,816,815,277,100.0,0.486,0.4857,1.0,0.4759,58.72,Médio engajamento
236,160589,Bruna Furlan,PSDB,SP,148,148,42,93.24,0.0881,0.0882,0.9324,0.0722,25.46,Baixo engajamento
237,160591,Vinicius Gurgel,PL,AP,916,916,44,95.74,0.5456,0.5459,0.9574,0.0756,55.75,Médio engajamento
238,160592,Zeca Dirceu,PT,PR,1292,1291,294,97.75,0.7695,0.7694,0.9775,0.5052,77.14,Alto engajamento
239,160598,Flávia Morais,MDB,GO,1199,1198,425,99.42,0.7141,0.7139,0.9942,0.7302,77.25,Alto engajamento
240,160599,Dimas Fabiano,PP,MG,1320,1319,65,99.55,0.7862,0.7861,0.9955,0.1117,72.69,Médio engajamento
241,160600,Arthur Oliveira Maia,UNIÃO,BA,1014,1013,373,99.21,0.6039,0.6037,0.9921,0.6409,68.7,Médio engajamento
242,160601,Pr. Marco Feliciano,PL,SP,1444,1443,193,96.6,0.86,0.86,0.966,0.3316,80.19,Alto engajamento
243,160604,Pedro Uczai,PT,SC,1339,1338,431,97.98,0.7975,0.7974,0.9798,0.7405,82.54,Alto engajamento
244,160610,Valmir Assunção,PT,BA,1269,1269,342,97.79,0.7558,0.7563,0.9779,0.5876,77.51,Alto engajamento
245,160619,José Nunes,PSD,BA,199,199,161,100.0,0.1185,0.1186,1.0,0.2766,31.85,Baixo engajamento
246,160621,Sandro Alex,PSD,PR,334,334,24,100.0,0.1989,0.199,1.0,0.0412,33.55,Baixo engajamento
247,160629,Romero Rodrigues,PODE,PB,1009,1008,186,98.21,0.601,0.6007,0.9821,0.3196,63.49,Médio engajamento
248,160632,Zé Silva,UNIÃO,MG,1172,1171,398,100.0,0.698,0.6979,1.0,0.6838,75.62,Alto engajamento
249,160635,Ruy Carneiro,PODE,PB,1112,1111,383,99.91,0.6623,0.6621,0.9991,0.6581,72.9,Médio engajamento
250,160639,Professora Dorinha Seabra Rezende,UNIÃO,TO,294,294,148,100.0,0.1751,0.1752,1.0,0.2543,35.2,Baixo engajamento
251,160640,Eros Biondini,PL,MG,1410,1410,451,95.11,0.8398,0.8403,0.9511,0.7749,85.25,Alto engajamento
252,160641,Professora Marcivania,PCDOB,AP,744,743,195,96.64,0.4431,0.4428,0.9664,0.3351,53.15,Médio engajamento
253,160642,Pastor Eurico,PSDB,PE,1337,1336,328,96.33,0.7963,0.7962,0.9633,0.5636,79.48,Alto engajamento
254,160645,Luiz Carlos,PSDB,AP,235,235,96,100.0,0.14,0.14,1.0,0.1649,31.57,Baixo engajamento
255,160651,Rogério Peninha Mendonça,MDB,SC,413,413,186,100.0,0.246,0.2461,1.0,0.3196,40.79,Médio engajamento
256,160653,Roberto De Lucena,REPUBLICANOS,SP,408,408,192,100.0,0.243,0.2431,1.0,0.3299,40.75,Médio engajamento
257,160655,Ricardo Izar,REPUBLICANOS,SP,284,284,239,99.65,0.1691,0.1692,0.9965,0.4107,37.09,Baixo engajamento
258,160665,Augusto Coutinho,REPUBLICANOS,PE,1347,1346,410,99.85,0.8023,0.8021,0.9985,0.7045,82.68,Alto engajamento
259,160666,Félix Mendonça Júnior,PDT,BA,1400,1399,422,99.21,0.8338,0.8337,0.9921,0.7251,84.91,Alto engajamento
260,160667,Guilherme Mussi,PP,SP,244,244,114,100.0,0.1453,0.1454,1.0,0.1959,32.39,Baixo engajamento
261,160669,Genecias Noronha,PL,CE,260,260,109,100.0,0.1549,0.1549,1.0,0.1873,32.88,Baixo engajamento
262,160673,Giovani Cherini,PL,RS,1428,1427,315,95.66,0.8505,0.8504,0.9566,0.5412,82.53,Alto engajamento
263,160674,Hugo Motta,REPUBLICANOS,PB,931,930,213,72.26,0.5545,0.5542,0.7226,0.366,55.98,Médio engajamento
264,160758,Domingos Sávio,PL,MG,1327,1326,399,96.53,0.7904,0.7902,0.9653,0.6856,80.96,Alto engajamento
265,160976,Tiririca,PSD,SP,1207,1207,201,98.43,0.7189,0.7193,0.9843,0.3454,71.61,Médio engajamento
266,161440,Pezenti,MDB,SC,995,994,234,100.0,0.5926,0.5924,1.0,0.4021,64.54,Médio engajamento
267,161550,Emidinho Madeira,PL,MG,1073,1072,322,95.43,0.6391,0.6389,0.9543,0.5533,68.92,Médio engajamento
268,162067,Kiko Celeguim,PT,SP,925,924,92,99.46,0.5509,0.5507,0.9946,0.1581,58.07,Médio engajamento
269,162332,Luiz Nishimori,PSD,PR,1132,1131,383,99.82,0.6742,0.674,0.9982,0.6581,73.65,Médio engajamento
270,163321,Ronaldo Nogueira,REPUBLICANOS,RS,687,686,19,100.0,0.4092,0.4088,1.0,0.0326,47.08,Médio engajamento
271,164359,Delegado Waldir,UNIÃO,GO,407,407,63,100.0,0.2424,0.2426,1.0,0.1082,37.39,Baixo engajamento
272,164360,Carmen Zanotto,CIDADANIA,SC,585,585,126,97.26,0.3484,0.3486,0.9726,0.2165,45.35,Médio engajamento
273,165470,Rodrigo Valadares,PL,SE,936,935,136,99.89,0.5575,0.5572,0.9989,0.2337,59.71,Médio engajamento
274,166402,Magda Mofatto,PL,GO,1281,1280,132,99.77,0.763,0.7628,0.9977,0.2268,72.95,Médio engajamento
275,167614,Severino Ninho,PSB,PE,0,0,0,,0.0,0.0,0.0,0.0,0.0,Baixo engajamento
276,168175,Simplício Araújo,SOLIDARIEDADE,MA,0,0,5,,0.0,0.0,0.0,0.0086,0.13,Baixo engajamento
277,171139,Loreny,SOLIDARIEDADE,SP,44,44,0,100.0,0.0262,0.0262,1.0,0.0,21.7,Baixo engajamento
278,171617,Paulão,PT,AL,1392,1391,176,97.7,0.8291,0.829,0.977,0.3024,77.96,Alto engajamento
279,171619,Margarida Salomão,PT,MG,0,0,82,,0.0,0.0,0.0,0.1409,2.11,Baixo engajamento
280,171623,Fabio Reis,PSD,SE,835,835,224,99.88,0.4973,0.4976,0.9988,0.3849,58.08,Médio engajamento
281,171786,Miguel Ângelo,PT,MG,856,855,64,99.88,0.5098,0.5095,0.9988,0.11,54.75,Médio engajamento
282,175765,Ribamar Silva,PODE,SP,401,400,12,100.0,0.2388,0.2384,1.0,0.0206,35.82,Baixo engajamento
283,177282,Subtenente Gonzaga,PSD,MG,388,388,264,99.48,0.2311,0.2312,0.9948,0.4536,41.72,Médio engajamento
284,178825,Leo De Brito,PT,AC,445,445,7,93.71,0.265,0.2652,0.9371,0.012,36.15,Baixo engajamento
285,178829,Capitão Augusto,PL,SP,1409,1409,267,95.17,0.8392,0.8397,0.9517,0.4588,80.48,Alto engajamento
286,178830,Dr. Sinval Malheiros,PODE,SP,0,0,4,,0.0,0.0,0.0,0.0069,0.1,Baixo engajamento
287,178831,André Abdon,PP,AP,613,613,256,100.0,0.3651,0.3653,1.0,0.4399,50.34,Médio engajamento
288,178832,Leandre,PSD,PR,355,355,113,100.0,0.2114,0.2116,1.0,0.1942,36.66,Baixo engajamento
289,178833,Alexandre Serfiotis,PSD,RJ,0,0,206,,0.0,0.0,0.0,0.354,5.31,Baixo engajamento
290,178835,Afonso Motta,PDT,RS,1476,1475,248,99.25,0.8791,0.879,0.9925,0.4261,83.38,Alto engajamento
291,178836,Alan Rick,UNIÃO,AC,369,369,233,100.0,0.2198,0.2199,1.0,0.4003,40.29,Médio engajamento
292,178839,Jéssica Sales,MDB,AC,158,158,170,100.0,0.0941,0.0942,1.0,0.2921,30.5,Baixo engajamento
293,178842,Jhc,PSB,AL,0,0,169,,0.0,0.0,0.0,0.2904,4.36,Baixo engajamento
294,178843,Marx Beltrão,UNIÃO,AL,1181,1180,318,100.0,0.7034,0.7032,1.0,0.5464,73.91,Médio engajamento
295,178844,Pedro Vilela,PSDB,AL,371,371,9,100.0,0.221,0.2211,1.0,0.0155,34.6,Baixo engajamento
296,178854,Elmar Nascimento,UNIÃO,BA,462,462,76,98.7,0.2752,0.2753,0.987,0.1306,39.59,Baixo engajamento
297,178857,Jorge Solla,PT,BA,1281,1280,432,97.58,0.763,0.7628,0.9758,0.7423,80.24,Alto engajamento
298,178858,Mário Negromonte Jr.,PSB,BA,1228,1227,266,100.0,0.7314,0.7312,1.0,0.457,74.39,Médio engajamento
299,178860,Paulo Azi,UNIÃO,BA,1125,1124,85,99.91,0.67,0.6698,0.9991,0.146,65.72,Médio engajamento
300,178861,Ronaldo Carletto,PP,BA,442,442,94,100.0,0.2633,0.2634,1.0,0.1615,39.54,Baixo engajamento
301,178862,Tia Eron,REPUBLICANOS,BA,125,125,0,100.0,0.0744,0.0745,1.0,0.0,24.84,Baixo engajamento
302,178863,Uldurico Junior,MDB,BA,294,294,232,100.0,0.1751,0.1752,1.0,0.3986,37.36,Baixo engajamento
303,178866,Luizianne Lins,REDE,CE,1282,1281,187,97.35,0.7635,0.7634,0.9735,0.3213,73.91,Médio engajamento
304,178868,Odorico Monteiro,PSB,CE,0,0,0,,0.0,0.0,0.0,0.0,0.0,Baixo engajamento
305,178871,Evair Vieira De Melo,REPUBLICANOS,ES,1363,1362,439,100.0,0.8118,0.8117,1.0,0.7543,84.08,Alto engajamento
306,178873,Helder Salomão,PT,ES,1629,1628,353,98.1,0.9702,0.9702,0.981,0.6065,91.78,Alto engajamento
307,178874,Sergio Vidigal,PDT,ES,0,0,276,,0.0,0.0,0.0,0.4742,7.11,Baixo engajamento
308,178876,Célio Silveira,MDB,GO,1163,1163,480,99.91,0.6927,0.6931,0.9991,0.8247,77.39,Alto engajamento
309,178879,Lucas Vergilio,SOLIDARIEDADE,GO,126,126,146,100.0,0.075,0.0751,1.0,0.2509,28.64,Baixo engajamento
310,178881,Aluisio Mendes,REPUBLICANOS,MA,1352,1351,367,100.0,0.8052,0.8051,1.0,0.6306,81.79,Alto engajamento
311,178882,André Fufuca,PP,MA,248,248,88,100.0,0.1477,0.1478,1.0,0.1512,31.87,Baixo engajamento
312,178884,Hildo Rocha,MDB,MA,1026,1025,177,99.22,0.6111,0.6108,0.9922,0.3041,64.12,Médio engajamento
313,178886,Juscelino Filho,PSDB,MA,719,718,43,100.0,0.4282,0.4279,1.0,0.0739,48.93,Médio engajamento
314,178887,Rubens Pereira Júnior,PT,MA,1563,1562,207,98.85,0.9309,0.9309,0.9885,0.3557,85.61,Alto engajamento
315,178888,Victor Mendes,MDB,MA,171,171,4,97.66,0.1018,0.1019,0.9766,0.0069,26.26,Baixo engajamento
316,178889,Zé Carlos,PT,MA,429,429,204,93.94,0.2555,0.2557,0.9394,0.3505,40.66,Médio engajamento
317,178895,Misael Varella,PSD,MG,1144,1143,220,99.83,0.6814,0.6812,0.9983,0.378,69.92,Médio engajamento
318,178896,Newton Cardoso Jr,MDB,MG,836,836,391,98.21,0.4979,0.4982,0.9821,0.6718,62.09,Médio engajamento
319,178901,Tereza Cristina,PP,MS,307,307,6,100.0,0.1828,0.183,1.0,0.0103,32.04,Baixo engajamento
320,178905,Fabio Garcia,UNIÃO,MT,96,96,78,100.0,0.0572,0.0572,1.0,0.134,25.73,Baixo engajamento
321,178908,Delegado Éder Mauro,PL,PA,1170,1169,357,96.15,0.6968,0.6967,0.9615,0.6134,73.72,Médio engajamento
322,178909,Hélio Leite,UNIÃO,PA,631,631,151,100.0,0.3758,0.376,1.0,0.2595,48.33,Médio engajamento
323,178910,Joaquim Passarinho,PL,PA,1502,1501,304,95.14,0.8946,0.8945,0.9514,0.5223,85.01,Alto engajamento
324,178912,Pedro Cunha Lima,PSDB,PB,178,178,110,100.0,0.106,0.1061,1.0,0.189,29.73,Baixo engajamento
325,178916,Daniel Coelho,CIDADANIA,PE,370,370,117,98.65,0.2204,0.2205,0.9865,0.201,37.07,Baixo engajamento
326,178920,Ricardo Teobaldo,PODE,PE,319,319,170,100.0,0.19,0.1901,1.0,0.2921,36.73,Baixo engajamento
327,178921,Sebastião Oliveira,AVANTE,PE,265,265,77,100.0,0.1578,0.1579,1.0,0.1323,32.24,Baixo engajamento
328,178922,Tadeu Alencar,PSB,PE,406,406,131,95.57,0.2418,0.242,0.9557,0.2251,38.21,Baixo engajamento
329,178923,Zeca Cavalcanti,PTB,PE,0,0,0,,0.0,0.0,0.0,0.0,0.0,Baixo engajamento
330,178924,Capitão Fábio Abreu,PSD,PI,443,443,100,100.0,0.2638,0.264,1.0,0.1718,39.73,Baixo engajamento
331,178925,Rejane Dias,PT,PI,457,457,75,93.87,0.2722,0.2723,0.9387,0.1289,38.4,Baixo engajamento
332,178927,Aliel Machado,PV,PR,862,861,310,99.3,0.5134,0.5131,0.993,0.5326,61.21,Médio engajamento
333,178928,Christiane De Souza Yared,PP,PR,443,443,265,100.0,0.2638,0.264,1.0,0.4553,43.98,Médio engajamento
334,178929,Diego Garcia,UNIÃO,PR,1406,1405,481,99.79,0.8374,0.8373,0.9979,0.8265,86.78,Alto engajamento
335,178930,Roman,PP,PR,123,123,200,100.0,0.0733,0.0733,1.0,0.3436,29.92,Baixo engajamento
336,178931,Luciano Ducci,PSB,PR,1313,1312,324,99.92,0.782,0.7819,0.9992,0.5567,79.16,Alto engajamento
337,178933,Sergio Souza,MDB,PR,1254,1253,168,99.68,0.7469,0.7467,0.9968,0.2887,72.81,Médio engajamento
338,178934,Toninho Wandscheer,PP,PR,1413,1412,404,100.0,0.8416,0.8415,1.0,0.6942,85.11,Alto engajamento
339,178935,Rossoni,PSDB,PR,150,150,1,99.33,0.0893,0.0894,0.9933,0.0017,25.7,Baixo engajamento
340,178937,Altineu Côrtes,PL,RJ,655,655,270,87.94,0.3901,0.3903,0.8794,0.4639,49.91,Médio engajamento
341,178939,Clarissa Garotinho,UNIÃO,RJ,359,359,106,100.0,0.2138,0.2139,1.0,0.1821,36.63,Baixo engajamento
342,178943,Marcos Soares,PSDB,RJ,715,714,29,99.58,0.4258,0.4255,0.9958,0.0498,48.33,Médio engajamento
343,178945,Rosangela Gomes,REPUBLICANOS,RJ,365,365,102,89.59,0.2174,0.2175,0.8959,0.1753,34.68,Baixo engajamento
344,178946,Soraya Santos,PL,RJ,1245,1244,128,95.1,0.7415,0.7414,0.951,0.2199,70.51,Médio engajamento
345,178947,Sóstenes Cavalcante,PL,RJ,874,874,449,90.16,0.5205,0.5209,0.9016,0.7715,63.45,Médio engajamento
346,178948,Beto Rosado,PP,RN,372,372,226,100.0,0.2216,0.2217,1.0,0.3883,40.23,Médio engajamento
347,178951,Rafael Motta,PSB,RN,355,355,261,98.31,0.2114,0.2116,0.9831,0.4485,40.14,Médio engajamento
348,178952,Walter Alves,MDB,RN,262,262,225,99.62,0.156,0.1561,0.9962,0.3866,35.87,Baixo engajamento
349,178953,Expedito Netto,PSD,RO,437,437,196,100.0,0.2603,0.2604,1.0,0.3368,41.97,Médio engajamento
350,178954,Lucio Mosquini,PL,RO,886,885,431,97.85,0.5277,0.5274,0.9785,0.7405,64.97,Médio engajamento
351,178956,Mariana Carvalho,REPUBLICANOS,RO,274,274,176,100.0,0.1632,0.1633,1.0,0.3024,35.15,Baixo engajamento
352,178959,Hiran Gonçalves,PP,RR,332,332,136,100.0,0.1977,0.1979,1.0,0.2337,36.36,Baixo engajamento
353,178961,Shéridan,PSDB,RR,271,271,47,100.0,0.1614,0.1615,1.0,0.0808,31.71,Baixo engajamento
354,178962,Carlos Gomes,REPUBLICANOS,RS,714,714,336,100.0,0.4253,0.4255,1.0,0.5773,56.31,Médio engajamento
355,178963,Covatti Filho,PP,RS,1283,1282,258,99.84,0.7641,0.764,0.9984,0.4433,76.28,Alto engajamento
356,178964,Heitor Schuch,PSD,RS,941,941,415,97.02,0.5605,0.5608,0.9702,0.7131,66.54,Médio engajamento
357,178966,Geovania De Sá,REPUBLICANOS,SC,1150,1149,240,98.0,0.6849,0.6847,0.98,0.4124,70.3,Médio engajamento
358,178969,Fábio Mitidieri,PSD,SE,219,219,208,100.0,0.1304,0.1305,1.0,0.3574,33.84,Baixo engajamento
359,178970,João Daniel,PT,SE,1265,1264,323,97.86,0.7534,0.7533,0.9786,0.555,76.87,Alto engajamento
360,178972,Alex Manente,CIDADANIA,SP,705,704,214,100.0,0.4199,0.4195,1.0,0.3677,52.8,Médio engajamento
361,178975,Baleia Rossi,MDB,SP,925,925,98,99.89,0.5509,0.5513,0.9989,0.1684,58.32,Médio engajamento
362,178977,Eduardo Cury,PSDB,SP,433,433,59,98.85,0.2579,0.258,0.9885,0.1014,38.06,Baixo engajamento
363,178981,Herculano Passos,REPUBLICANOS,SP,467,467,250,98.93,0.2781,0.2783,0.9893,0.4296,44.31,Médio engajamento
364,178982,Luiz Lauro Filho,PSDB,SP,0,0,4,,0.0,0.0,0.0,0.0069,0.1,Baixo engajamento
365,178983,Marcio Alvino,PL,SP,1455,1455,196,94.98,0.8666,0.8671,0.9498,0.3368,80.39,Alto engajamento
366,178984,Miguel Haddad,PSDB,SP,75,75,18,100.0,0.0447,0.0447,1.0,0.0309,23.37,Baixo engajamento
367,178985,Miguel Lombardi,PL,SP,1449,1448,293,95.17,0.863,0.8629,0.9517,0.5034,82.68,Alto engajamento
368,178986,Nilto Tatto,PT,SP,1492,1491,431,97.92,0.8886,0.8886,0.9792,0.7405,88.45,Alto engajamento
369,178987,Orlando Silva,PCDOB,SP,1331,1330,328,98.5,0.7927,0.7926,0.985,0.5636,79.68,Alto engajamento
370,178989,Renata Abreu,PODE,SP,946,945,229,99.89,0.5634,0.5632,0.9989,0.3935,62.5,Médio engajamento
371,178990,Samuel Moreira,PSDB,SP,461,461,30,100.0,0.2746,0.2747,1.0,0.0515,38.62,Baixo engajamento
372,178992,Vitor Lippi,PSD,SP,1297,1296,360,99.15,0.7725,0.7723,0.9915,0.6186,79.32,Alto engajamento
373,178993,Carlos Henrique Gaguim,UNIÃO,TO,1399,1398,582,99.79,0.8332,0.8331,0.9979,1.0,89.11,Alto engajamento
374,178994,Dulce Miranda,MDB,TO,447,447,56,99.78,0.2662,0.2664,0.9978,0.0962,38.71,Baixo engajamento
375,178996,Giovani Feltes,MDB,RS,416,416,38,99.52,0.2478,0.2479,0.9952,0.0653,36.99,Baixo engajamento
376,178997,Moses Rodrigues,UNIÃO,CE,1112,1111,368,100.0,0.6623,0.6621,1.0,0.6323,72.53,Médio engajamento
377,179000,Marcelo Álvaro Antônio,PL,MG,1131,1131,188,95.76,0.6736,0.674,0.9576,0.323,67.79,Médio engajamento
378,179001,Márcio Biolchi,MDB,RS,1126,1125,205,99.82,0.6706,0.6704,0.9982,0.3522,68.83,Médio engajamento
379,179587,Major Vitor Hugo,PL,GO,453,453,88,100.0,0.2698,0.27,1.0,0.1512,39.81,Baixo engajamento
380,180018,Thiago Cartaxo,PODE,RN,0,0,0,,0.0,0.0,0.0,0.0,0.0,Baixo engajamento
381,180214,Pastor Diniz,UNIÃO,RR,907,906,169,99.89,0.5402,0.5399,0.9989,0.2904,59.44,Médio engajamento
382,182146,Wolmer Araújo,SOLIDARIEDADE,MA,68,68,1,98.53,0.0405,0.0405,0.9853,0.0017,22.36,Baixo engajamento
383,188097,Merlong Solano,PT,PI,1536,1535,165,98.5,0.9148,0.9148,0.985,0.2835,83.41,Alto engajamento
384,191923,Flávio Nogueira,PT,PI,1610,1609,201,98.2,0.9589,0.9589,0.982,0.3454,87.15,Alto engajamento
385,191945,Zé Augusto Nalin,UNIÃO,RJ,0,0,0,,0.0,0.0,0.0,0.0,0.0,Baixo engajamento
386,193726,Paulo Eduardo Martins,PL,PR,421,421,106,100.0,0.2507,0.2509,1.0,0.1821,39.03,Baixo engajamento
387,194260,Nivaldo Albuquerque,REPUBLICANOS,AL,273,273,193,100.0,0.1626,0.1627,1.0,0.3316,35.55,Baixo engajamento
388,195866,Vaidon Oliveira,UNIÃO,CE,231,231,204,100.0,0.1376,0.1377,1.0,0.3505,34.2,Baixo engajamento
389,196358,Lourival Gomes,PP,RJ,404,404,89,100.0,0.2406,0.2408,1.0,0.1529,37.94,Baixo engajamento
390,197438,Tito,AVANTE,BA,484,484,245,100.0,0.2883,0.2884,1.0,0.421,45.06,Médio engajamento
391,198197,Greyce Elias,PL,MG,1053,1052,187,100.0,0.6272,0.6269,1.0,0.3213,65.58,Médio engajamento
392,198783,Emanuel Pinheiro Neto,PSD,MT,1063,1063,353,99.81,0.6331,0.6335,0.9981,0.6065,70.22,Médio engajamento
393,204011,Marcos Pacco,PODE,DF,0,0,0,,0.0,0.0,0.0,0.0,0.0,Baixo engajamento
394,204351,Dr. Luiz Ovando,PP,MS,1377,1376,387,99.93,0.8201,0.82,0.9993,0.6649,83.26,Alto engajamento
395,204352,Camilo Capiberibe,PSB,AP,432,432,177,96.53,0.2573,0.2574,0.9653,0.3041,40.6,Médio engajamento
396,204353,Aline Gurgel,UNIÃO,AP,380,380,125,100.0,0.2263,0.2265,1.0,0.2148,37.94,Baixo engajamento
397,204354,Flávia Arruda,PL,DF,223,223,118,100.0,0.1328,0.1329,1.0,0.2027,31.68,Baixo engajamento
398,204355,Da Vitoria,PP,ES,1420,1419,358,99.93,0.8457,0.8456,0.9993,0.6151,84.18,Alto engajamento
399,204356,Amaro Neto,PP,ES,1509,1508,264,100.0,0.8987,0.8987,1.0,0.4536,85.22,Alto engajamento
400,204357,Rose Modesto,UNIÃO,MS,307,307,91,100.0,0.1828,0.183,1.0,0.1564,34.23,Baixo engajamento
401,204358,Beto Pereira,REPUBLICANOS,MS,1170,1169,112,99.74,0.6968,0.6967,0.9974,0.1924,68.12,Médio engajamento
402,204359,Léo Moraes,PODE,RO,446,446,109,100.0,0.2656,0.2658,1.0,0.1873,40.08,Médio engajamento
403,204360,Silvia Cristina,PP,RO,1410,1409,473,97.02,0.8398,0.8397,0.9702,0.8127,86.18,Alto engajamento
404,204361,Carlos Chiodini,MDB,SC,671,671,363,99.7,0.3996,0.3999,0.997,0.6237,55.28,Médio engajamento
405,204362,Ricardo Guidi,PL,SC,1042,1041,201,99.62,0.6206,0.6204,0.9962,0.3454,65.44,Médio engajamento
406,204363,Osires Damaso,PSC,TO,333,333,76,100.0,0.1983,0.1985,1.0,0.1306,34.85,Baixo engajamento
407,204364,Eli Borges,REPUBLICANOS,TO,1186,1186,180,95.45,0.7064,0.7068,0.9545,0.3093,69.66,Médio engajamento
408,204365,Gilson Marques,NOVO,SC,1679,1678,110,93.56,1.0,1.0,0.9356,0.189,86.55,Alto engajamento
409,204366,Rodrigo Coelho,PODE,SC,459,459,211,100.0,0.2734,0.2735,1.0,0.3625,43.21,Médio engajamento
410,204367,Daniel Freitas,PL,SC,1369,1368,250,95.98,0.8154,0.8153,0.9598,0.4296,78.64,Alto engajamento
411,204368,Fabio Schiochet,UNIÃO,SC,1436,1435,132,100.0,0.8553,0.8552,1.0,0.2268,78.99,Alto engajamento
412,204369,Caroline De Toni,PL,SC,1540,1540,118,97.01,0.9172,0.9178,0.9701,0.2027,82.08,Alto engajamento
413,204370,Célio Moura,PT,TO,482,482,204,93.15,0.2871,0.2872,0.9315,0.3505,42.55,Médio engajamento
414,204371,Felipe Rigoni,UNIÃO,ES,407,407,68,99.51,0.2424,0.2426,0.9951,0.1168,37.42,Baixo engajamento
415,204372,Julio Cesar Ribeiro,REPUBLICANOS,DF,1179,1178,313,100.0,0.7022,0.702,1.0,0.5378,73.7,Médio engajamento
416,204373,Hélio Costa,PSD,SC,419,419,210,100.0,0.2496,0.2497,1.0,0.3608,41.64,Médio engajamento
417,204374,Bia Kicis,PL,DF,1559,1559,252,96.02,0.9285,0.9291,0.9602,0.433,86.07,Alto engajamento
418,204375,Leda Sadala,PP,AP,297,297,55,100.0,0.1769,0.177,1.0,0.0945,32.92,Baixo engajamento
419,204376,Coronel Armando,PP,SC,619,619,123,100.0,0.3687,0.3689,1.0,0.2113,47.14,Médio engajamento
420,204377,Paula Belmonte,CIDADANIA,DF,406,406,125,98.52,0.2418,0.242,0.9852,0.2148,38.65,Baixo engajamento
421,204378,Coronel Chrisóstomo,PL,RO,1418,1417,293,94.85,0.8446,0.8445,0.9485,0.5034,81.42,Alto engajamento
422,204379,Acácio Favacho,MDB,AP,1138,1137,207,99.91,0.6778,0.6776,0.9991,0.3557,69.37,Médio engajamento
423,204380,Celina Leão,PP,DF,238,238,217,99.16,0.1418,0.1418,0.9916,0.3729,34.64,Baixo engajamento
424,204381,Luis Miranda,REPUBLICANOS,DF,443,443,212,99.55,0.2638,0.264,0.9955,0.3643,42.53,Médio engajamento
425,204382,Loester Trutis,PL,MS,339,339,88,98.23,0.2019,0.202,0.9823,0.1512,35.04,Baixo engajamento
426,204383,Professor Israel Batista,PSB,DF,466,466,150,96.35,0.2775,0.2777,0.9635,0.2577,41.18,Médio engajamento
427,204384,Ney Leprevost,UNIÃO,PR,256,256,7,99.22,0.1525,0.1526,0.9922,0.012,29.94,Baixo engajamento
428,204385,Valdevan Noventa,PL,SE,163,163,130,100.0,0.0971,0.0971,1.0,0.2234,29.66,Baixo engajamento
429,204386,Jose Mario Schreiner,MDB,GO,461,461,120,100.0,0.2746,0.2747,1.0,0.2062,40.95,Médio engajamento
430,204387,Sargento Fahur,PL,PR,1589,1588,267,99.94,0.9464,0.9464,0.9994,0.4588,88.39,Alto engajamento
431,204388,Bibo Nunes,PL,RS,1508,1507,412,95.49,0.8982,0.8981,0.9549,0.7079,88.1,Alto engajamento
432,204389,Elias Vaz,PSB,GO,418,418,182,96.65,0.249,0.2491,0.9665,0.3127,40.21,Médio engajamento
433,204390,Professor Alcides,PSDB,GO,1274,1273,228,95.76,0.7588,0.7586,0.9576,0.3918,74.35,Médio engajamento
434,204391,José Nelto,UNIÃO,GO,889,888,130,99.77,0.5295,0.5292,0.9977,0.2234,57.71,Médio engajamento
435,204392,Francisco Jr.,PSD,GO,446,446,239,100.0,0.2656,0.2658,1.0,0.4107,43.43,Médio engajamento
436,204393,Frei Anastacio Ribeiro,PT,PB,456,456,108,93.64,0.2716,0.2718,0.9364,0.1856,39.17,Baixo engajamento
437,204394,Gervásio Maia,PCDOB,PB,1567,1566,97,98.91,0.9333,0.9333,0.9891,0.1667,82.95,Alto engajamento
438,204395,Pedro Lupion,REPUBLICANOS,PR,1060,1059,192,100.0,0.6313,0.6311,1.0,0.3299,65.98,Médio engajamento
439,204396,Vermelho,PL,PR,974,973,325,96.92,0.5801,0.5799,0.9692,0.5584,65.46,Médio engajamento
440,204397,Boca Aberta,PROS,PR,0,0,225,,0.0,0.0,0.0,0.3866,5.8,Baixo engajamento
441,204398,Felipe Francischini,PODE,PR,1474,1473,315,100.0,0.8779,0.8778,1.0,0.5412,85.18,Alto engajamento
442,204399,Schiavinato,PP,PR,0,0,156,,0.0,0.0,0.0,0.268,4.02,Baixo engajamento
443,204400,Aline Sleutjes,PROS,PR,425,425,196,100.0,0.2531,0.2533,1.0,0.3368,41.51,Médio engajamento
444,204403,Marlon Santos,PL,RS,253,253,109,100.0,0.1507,0.1508,1.0,0.1873,32.61,Baixo engajamento
445,204404,Lucas Redecker,PSD,RS,1650,1649,375,100.0,0.9827,0.9827,1.0,0.6443,93.54,Alto engajamento
446,204405,Liziane Bayer,REPUBLICANOS,RS,488,488,78,100.0,0.2906,0.2908,1.0,0.134,40.91,Médio engajamento
447,204406,Pedro Westphalen,PP,RS,1348,1347,356,100.0,0.8029,0.8027,1.0,0.6117,81.36,Alto engajamento
448,204407,Fernanda Melchionna,PSOL,RS,1394,1393,164,96.41,0.8303,0.8302,0.9641,0.2818,77.48,Alto engajamento
449,204408,Gustinho Ribeiro,PP,SE,1363,1362,159,100.0,0.8118,0.8117,1.0,0.2732,76.86,Alto engajamento
450,204409,Daniel Trzeciak,PSDB,RS,1297,1296,141,99.92,0.7725,0.7723,0.9992,0.2423,73.83,Médio engajamento
451,204410,Luisa Canziani,UNIÃO,PR,754,754,437,100.0,0.4491,0.4493,1.0,0.7509,60.46,Médio engajamento
452,204411,Filipe Barros,PL,PR,998,997,65,95.49,0.5944,0.5942,0.9549,0.1117,59.4,Médio engajamento
453,204412,Dr. Zacharias Calil,MDB,GO,1399,1399,325,99.86,0.8332,0.8337,0.9986,0.5584,82.52,Alto engajamento
454,204413,Alcides Rodrigues,PATRIOTA,GO,400,400,175,100.0,0.2382,0.2384,1.0,0.3007,40.0,Médio engajamento
455,204414,Aroldo Martins,REPUBLICANOS,PR,344,344,240,100.0,0.2049,0.205,1.0,0.4124,39.51,Baixo engajamento
456,204415,Nereu Crispim,PSD,RS,409,409,80,100.0,0.2436,0.2437,1.0,0.1375,37.9,Baixo engajamento
457,204416,Sanderson,PL,RS,1432,1431,309,95.46,0.8529,0.8528,0.9546,0.5309,82.49,Alto engajamento
458,204418,Luizão Goulart,SOLIDARIEDADE,PR,424,424,144,99.76,0.2525,0.2527,0.9976,0.2474,40.08,Médio engajamento
459,204419,Glaustin Da Fokus,PODE,GO,959,959,103,99.06,0.5712,0.5715,0.9906,0.177,59.6,Médio engajamento
460,204420,Julian Lemos,UNIÃO,PB,388,388,52,100.0,0.2311,0.2312,1.0,0.0893,36.36,Baixo engajamento
461,204421,Edna Henrique,REPUBLICANOS,PB,268,268,87,100.0,0.1596,0.1597,1.0,0.1495,32.62,Baixo engajamento
462,204422,Ossesio Silva,REPUBLICANOS,PE,1336,1335,161,100.0,0.7957,0.7956,1.0,0.2766,75.87,Alto engajamento
463,204423,André Ferreira,PL,PE,933,933,345,98.18,0.5557,0.556,0.9818,0.5928,64.66,Médio engajamento
464,204425,Silvio Costa Filho,REPUBLICANOS,PE,519,519,368,100.0,0.3091,0.3093,1.0,0.6323,49.58,Médio engajamento
465,204426,Carlos Veras,PT,PE,1491,1490,294,95.57,0.888,0.888,0.9557,0.5052,84.41,Alto engajamento
466,204427,Fernando Rodolfo,PRD,PE,1190,1190,354,93.78,0.7088,0.7092,0.9378,0.6082,73.96,Médio engajamento
467,204428,Marília Arraes,SOLIDARIEDADE,PE,330,330,103,96.67,0.1965,0.1967,0.9667,0.177,34.77,Baixo engajamento
468,204429,João H. Campos,PSB,PE,0,0,144,,0.0,0.0,0.0,0.2474,3.71,Baixo engajamento
469,204430,Margarete Coelho,PP,PI,381,381,86,100.0,0.2269,0.2271,1.0,0.1478,36.97,Baixo engajamento
470,204431,Marcos Aurélio Sampaio,MDB,PI,1300,1299,74,100.0,0.7743,0.7741,1.0,0.1271,72.23,Médio engajamento
471,204432,Marina Santos,REPUBLICANOS,PI,436,436,155,100.0,0.2597,0.2598,1.0,0.2663,40.88,Médio engajamento
472,204433,Marcelo Calero,PSD,RJ,356,356,140,100.0,0.212,0.2122,1.0,0.2405,37.39,Baixo engajamento
473,204434,Dra. Vanda Milani,PROS,AC,359,359,127,100.0,0.2138,0.2139,1.0,0.2182,37.17,Baixo engajamento
474,204435,Jesus Sérgio,PDT,AC,406,406,167,98.52,0.2418,0.242,0.9852,0.2869,39.73,Baixo engajamento
475,204436,Isnaldo Bulhões Jr.,MDB,AL,496,495,173,99.6,0.2954,0.295,0.996,0.2973,43.57,Médio engajamento
476,204437,Severino Pessoa,MDB,AL,275,275,105,97.09,0.1638,0.1639,0.9709,0.1804,32.77,Baixo engajamento
477,204438,Sergio Toledo,PV,AL,191,191,64,99.48,0.1138,0.1138,0.9948,0.11,28.94,Baixo engajamento
478,204439,Dr. Leonardo,REPUBLICANOS,MT,471,471,283,99.79,0.2805,0.2807,0.9979,0.4863,45.49,Médio engajamento
479,204440,Christino Aureo,PP,RJ,424,424,122,100.0,0.2525,0.2527,1.0,0.2096,39.56,Baixo engajamento
480,204441,Otoni De Paula,PSD,RJ,957,956,396,99.27,0.57,0.5697,0.9927,0.6804,67.1,Médio engajamento
481,204442,Gurgel,PL,RJ,473,473,173,100.0,0.2817,0.2819,1.0,0.2973,42.78,Médio engajamento
482,204444,Helio Lopes,PL,RJ,1243,1243,224,96.3,0.7403,0.7408,0.963,0.3849,73.17,Médio engajamento
483,204445,Fernando Mineiro,PT,RN,904,904,54,99.56,0.5384,0.5387,0.9956,0.0928,56.31,Médio engajamento
484,204446,Professor Joziel,PATRIOTA,RJ,408,408,185,100.0,0.243,0.2431,1.0,0.3179,40.57,Médio engajamento
485,204447,Flordelis,PSD,RJ,0,0,152,,0.0,0.0,0.0,0.2612,3.92,Baixo engajamento
486,204448,Luiz Antonio Corrêa,PP,RJ,789,788,75,100.0,0.4699,0.4696,1.0,0.1289,52.47,Médio engajamento
487,204449,Nelson Barbudo,PODE,MT,726,726,69,97.38,0.4324,0.4327,0.9738,0.1186,49.37,Médio engajamento
488,204450,Doutor Luizinho,PP,RJ,547,546,129,99.82,0.3258,0.3254,0.9982,0.2216,44.45,Médio engajamento
489,204451,Delegado Antônio Furtado,UNIÃO,RJ,479,479,236,98.96,0.2853,0.2855,0.9896,0.4055,44.43,Médio engajamento
490,204452,Márcio Labre,PL,RJ,446,446,93,99.55,0.2656,0.2658,0.9955,0.1598,39.58,Baixo engajamento
491,204453,Natália Bonavides,PT,RN,1346,1345,226,97.47,0.8017,0.8015,0.9747,0.3883,77.42,Alto engajamento
492,204454,Daniel Silveira,PTB,RJ,509,509,250,100.0,0.3032,0.3033,1.0,0.4296,46.16,Médio engajamento
493,204455,Luiz Lima,NOVO,RJ,1574,1573,316,93.52,0.9375,0.9374,0.9352,0.543,87.78,Alto engajamento
494,204456,Gutemberg Reis,MDB,RJ,1409,1408,331,99.86,0.8392,0.8391,0.9986,0.5687,83.05,Alto engajamento
495,204457,Juninho Do Pneu,PSDB,RJ,1430,1429,231,100.0,0.8517,0.8516,1.0,0.3969,81.31,Alto engajamento
496,204458,Major Fabiana,PL,RJ,384,384,85,100.0,0.2287,0.2288,1.0,0.146,37.06,Baixo engajamento
497,204459,Daniela Do Waguinho,REPUBLICANOS,RJ,1249,1249,118,99.92,0.7439,0.7443,0.9992,0.2027,71.39,Médio engajamento
498,204460,Carlos Jordy,PL,RJ,1446,1445,185,96.54,0.8612,0.8611,0.9654,0.3179,80.05,Alto engajamento
499,204461,Paulo Ganime,NOVO,RJ,476,476,37,99.37,0.2835,0.2837,0.9937,0.0636,39.26,Baixo engajamento
500,204462,Chris Tonietto,PL,RJ,1511,1511,141,96.1,0.8999,0.9005,0.961,0.2423,81.37,Alto engajamento
501,204463,Wladimir Garotinho,PSD,RJ,0,0,247,,0.0,0.0,0.0,0.4244,6.37,Baixo engajamento
502,204464,Talíria Petrone,PSOL,RJ,1031,1030,161,98.54,0.6141,0.6138,0.9854,0.2766,63.76,Médio engajamento
503,204465,Haroldo Cathedral,PSD,RR,180,180,183,100.0,0.1072,0.1073,1.0,0.3144,31.69,Baixo engajamento
504,204466,Tereza Nelma,PSD,AL,346,346,116,100.0,0.2061,0.2062,1.0,0.1993,36.39,Baixo engajamento
505,204467,Professora Rosa Neide,PT,MT,455,455,154,94.95,0.271,0.2712,0.9495,0.2646,40.58,Médio engajamento
506,204468,Joenia Wapichana,REDE,RR,453,453,88,97.79,0.2698,0.27,0.9779,0.1512,39.37,Baixo engajamento
507,204469,Manuel Marcos,REPUBLICANOS,AC,0,0,177,,0.0,0.0,0.0,0.3041,4.56,Baixo engajamento
508,204471,Mara Rocha,MDB,AC,415,415,163,100.0,0.2472,0.2473,1.0,0.2801,40.27,Médio engajamento
509,204472,José Medeiros,PL,MT,1340,1339,305,96.27,0.7981,0.798,0.9627,0.5241,78.99,Alto engajamento
510,204473,General Girão,PL,RN,1392,1391,257,94.9,0.8291,0.829,0.949,0.4416,79.49,Alto engajamento
511,204474,Juarez Costa,REPUBLICANOS,MT,1173,1172,280,99.91,0.6986,0.6985,0.9991,0.4811,72.6,Médio engajamento
512,204475,Ottaci Nascimento,SOLIDARIEDADE,RR,349,349,108,100.0,0.2079,0.208,1.0,0.1856,36.3,Baixo engajamento
513,204476,Chiquinho Brazão,S.PART.,RJ,652,652,449,100.0,0.3883,0.3886,1.0,0.7715,56.82,Médio engajamento
514,204477,Felício Laterça,PP,RJ,480,480,72,100.0,0.2859,0.2861,1.0,0.1237,40.45,Médio engajamento
515,204478,Vinicius Farah,UNIÃO,RJ,190,190,151,100.0,0.1132,0.1132,1.0,0.2595,31.25,Baixo engajamento
516,204479,Nicoletti,PL,RR,1432,1431,324,100.0,0.8529,0.8528,1.0,0.5567,83.79,Alto engajamento
517,204480,Rogério Correia,PT,MG,1415,1414,415,97.88,0.8428,0.8427,0.9788,0.7131,85.05,Alto engajamento
518,204481,Dr. Jaziel,PL,CE,1235,1234,118,96.03,0.7356,0.7354,0.9603,0.2027,70.05,Médio engajamento
519,204482,Euclydes Pettersen,REPUBLICANOS,MG,744,743,142,100.0,0.4431,0.4428,1.0,0.244,52.45,Médio engajamento
520,204483,Vilson Da Fetaemg,PSB,MG,448,448,119,95.54,0.2668,0.267,0.9554,0.2045,39.52,Baixo engajamento
521,204484,General Peternelli,UNIÃO,SP,513,513,206,95.52,0.3055,0.3057,0.9552,0.354,44.28,Médio engajamento
522,204485,Luiz Carlos Motta,PL,SP,1320,1320,204,97.58,0.7862,0.7867,0.9758,0.3505,75.89,Alto engajamento
523,204486,Mauro Benevides Filho,UNIÃO,CE,1461,1461,233,99.25,0.8702,0.8707,0.9925,0.4003,82.43,Alto engajamento
524,204487,Capitão Wagner,UNIÃO,CE,180,180,226,100.0,0.1072,0.1073,1.0,0.3883,32.8,Baixo engajamento
525,204488,Célio Studart,PSD,CE,1025,1025,314,99.9,0.6105,0.6108,0.999,0.5395,67.76,Médio engajamento
526,204489,Robério Monteiro,PSB,CE,1119,1118,96,99.28,0.6665,0.6663,0.9928,0.1649,65.65,Médio engajamento
527,204490,Charlles Evangelista,PP,MG,391,391,151,100.0,0.2329,0.233,1.0,0.2595,39.03,Baixo engajamento
528,204491,Gilberto Abramo,REPUBLICANOS,MG,1203,1202,473,100.0,0.7165,0.7163,1.0,0.8127,78.76,Alto engajamento
529,204492,Paulo Guedes,PT,MG,1415,1414,310,98.02,0.8428,0.8427,0.9802,0.5326,82.37,Alto engajamento
530,204494,Fred Costa,PRD,MG,630,630,347,99.68,0.3752,0.3754,0.9968,0.5962,53.27,Médio engajamento
531,204495,Airton Faleiro,PT,PA,1291,1290,358,98.14,0.7689,0.7688,0.9814,0.6151,78.83,Alto engajamento
532,204496,Celso Sabino,PDT,PA,423,423,269,100.0,0.2519,0.2521,1.0,0.4622,43.31,Médio engajamento
533,204497,Júnior Ferrari,PSD,PA,1317,1316,324,99.54,0.7844,0.7843,0.9954,0.5567,79.24,Alto engajamento
534,204498,Olival Marques,PODE,PA,1305,1304,181,99.92,0.7772,0.7771,0.9992,0.311,75.16,Alto engajamento
535,204499,Cássio Andrade,PSB,PA,219,219,186,97.72,0.1304,0.1305,0.9772,0.3196,32.82,Baixo engajamento
536,204500,Eduardo Costa,PSD,PA,357,357,76,100.0,0.2126,0.2128,1.0,0.1306,35.78,Baixo engajamento
537,204501,Alencar Santana,PT,SP,1421,1420,306,98.66,0.8463,0.8462,0.9866,0.5258,82.63,Alto engajamento
538,204502,Bozzella,UNIÃO,SP,416,416,156,100.0,0.2478,0.2479,1.0,0.268,40.13,Médio engajamento
539,204503,Alexandre Padilha,PT,SP,454,454,216,94.05,0.2704,0.2706,0.9405,0.3711,41.96,Médio engajamento
540,204504,Cezinha De Madureira,PL,SP,1377,1376,269,100.0,0.8201,0.82,1.0,0.4622,80.24,Alto engajamento
541,204505,Vavá Martins,REPUBLICANOS,PA,345,345,195,100.0,0.2055,0.2056,1.0,0.3351,38.39,Baixo engajamento
542,204506,Marcos Pereira,REPUBLICANOS,SP,1020,1019,151,95.39,0.6075,0.6073,0.9539,0.2595,62.45,Médio engajamento
543,204507,Carla Zambelli,PL,SP,1019,1019,248,94.11,0.6069,0.6073,0.9411,0.4261,64.67,Médio engajamento
544,204508,Igor Timo,UNIÃO,MG,1185,1184,103,100.0,0.7058,0.7056,1.0,0.177,68.53,Médio engajamento
545,204509,Áurea Carolina,PSOL,MG,374,374,58,96.26,0.2228,0.2229,0.9626,0.0997,35.23,Baixo engajamento
546,204510,Franco Cartafina,PP,MG,381,381,66,100.0,0.2269,0.2271,1.0,0.1134,36.46,Baixo engajamento
547,204511,David Soares,PODE,SP,852,852,248,98.0,0.5074,0.5077,0.98,0.4261,58.98,Médio engajamento
548,204512,Delegado Marcelo Freitas,UNIÃO,MG,1632,1631,233,100.0,0.972,0.972,1.0,0.4003,89.18,Alto engajamento
549,204513,Guiga Peixoto,PSC,SP,494,494,124,100.0,0.2942,0.2944,1.0,0.2131,42.33,Médio engajamento
550,204514,Coronel Tadeu,PL,SP,515,515,169,100.0,0.3067,0.3069,1.0,0.2904,44.3,Médio engajamento
551,204515,André Janones,REDE,MG,1303,1302,283,99.92,0.7761,0.7759,0.9992,0.4863,77.72,Alto engajamento
552,204516,Alexis Fonteyne,NOVO,SP,470,470,106,99.15,0.2799,0.2801,0.9915,0.1821,40.76,Médio engajamento
553,204517,Zé Vitor,PL,MG,709,709,317,96.9,0.4223,0.4225,0.969,0.5447,55.01,Médio engajamento
554,204518,Dr. Frederico,PRD,MG,1116,1116,335,100.0,0.6647,0.6651,1.0,0.5756,71.85,Médio engajamento
555,204519,Tiago Mitraud,NOVO,MG,513,513,37,99.03,0.3055,0.3057,0.9903,0.0636,40.62,Médio engajamento
556,204520,Junio Amaral,PL,MG,1328,1327,235,97.29,0.7909,0.7908,0.9729,0.4038,76.92,Alto engajamento
557,204521,Abou Anni,UNIÃO,SP,420,420,189,100.0,0.2501,0.2503,1.0,0.3247,41.13,Médio engajamento
558,204522,Marco Bertaiolli,PSD,SP,518,518,332,99.81,0.3085,0.3087,0.9981,0.5704,48.58,Médio engajamento
559,204523,Lucas Gonzalez,NOVO,MG,456,456,87,98.9,0.2716,0.2718,0.989,0.1495,39.68,Baixo engajamento
560,204524,Pinheirinho,PP,MG,677,677,248,99.85,0.4032,0.4035,0.9985,0.4261,52.58,Médio engajamento
561,204525,Rosana Valle,PL,SP,1398,1398,262,95.71,0.8326,0.8331,0.9571,0.4502,80.03,Alto engajamento
562,204526,Luiz Philippe De Orleans E Bragança,PL,SP,1298,1297,257,96.14,0.7731,0.7729,0.9614,0.4416,76.1,Alto engajamento
563,204527,Geninho Zuliani,UNIÃO,SP,113,113,157,100.0,0.0673,0.0673,1.0,0.2698,28.42,Baixo engajamento
564,204528,Adriana Ventura,NOVO,SP,1514,1513,272,92.53,0.9017,0.9017,0.9253,0.4674,84.13,Alto engajamento
565,204529,Policial Katia Sastre,PL,SP,447,447,150,100.0,0.2662,0.2664,1.0,0.2577,41.17,Médio engajamento
566,204530,Rodrigo Agostinho,PSB,SP,486,486,250,97.33,0.2895,0.2896,0.9733,0.4296,44.73,Médio engajamento
567,204531,Guilherme Derrite,PP,SP,509,509,155,100.0,0.3032,0.3033,1.0,0.2663,43.71,Médio engajamento
568,204532,Vinicius Poit,NOVO,SP,464,464,81,99.35,0.2764,0.2765,0.9935,0.1392,39.93,Baixo engajamento
569,204533,Idilvan Alencar,PSB,CE,1022,1022,146,99.32,0.6087,0.6091,0.9932,0.2509,63.21,Médio engajamento
570,204534,Tabata Amaral,PSB,SP,1491,1491,168,99.06,0.888,0.8886,0.9906,0.2887,81.88,Alto engajamento
571,204535,Sâmia Bomfim,PSOL,SP,1328,1328,257,95.93,0.7909,0.7914,0.9593,0.4416,77.23,Alto engajamento
572,204536,Kim Kataguiri,MISSÃO,SP,1373,1372,364,99.49,0.8177,0.8176,0.9949,0.6254,82.43,Alto engajamento
573,204537,Enrico Misasi,MDB,SP,428,428,144,99.77,0.2549,0.2551,0.9977,0.2474,40.24,Médio engajamento
574,204538,Paulo Bengtson,PTB,PA,269,269,88,100.0,0.1602,0.1603,1.0,0.1512,32.68,Baixo engajamento
575,204539,Hercílio Coelho Diniz,MDB,MG,1076,1075,183,100.0,0.6409,0.6406,1.0,0.3144,66.37,Médio engajamento
576,204540,Maria Rosas,REPUBLICANOS,SP,1311,1311,166,100.0,0.7808,0.7813,1.0,0.2852,75.05,Alto engajamento
577,204541,Eduardo Bismarck,PV,CE,1015,1015,320,97.93,0.6045,0.6049,0.9793,0.5498,67.14,Médio engajamento
578,204542,Denis Bezerra,PSB,CE,445,445,166,96.63,0.265,0.2652,0.9663,0.2852,40.84,Médio engajamento
579,204543,Luiz Flávio Gomes,PSB,SP,0,0,111,,0.0,0.0,0.0,0.1907,2.86,Baixo engajamento
580,204544,Alexandre Frota,PROS,SP,353,353,150,99.43,0.2102,0.2104,0.9943,0.2577,37.42,Baixo engajamento
581,204545,Alê Silva,REPUBLICANOS,MG,427,427,9,100.0,0.2543,0.2545,1.0,0.0155,36.77,Baixo engajamento
582,204546,Joice Hasselmann,PSDB,SP,459,459,68,100.0,0.2734,0.2735,1.0,0.1168,39.53,Baixo engajamento
583,204547,Léo Motta,REPUBLICANOS,MG,266,266,38,83.46,0.1584,0.1585,0.8346,0.0653,27.97,Baixo engajamento
584,204548,Heitor Freire,UNIÃO,CE,375,375,140,100.0,0.2233,0.2235,1.0,0.2405,38.13,Baixo engajamento
585,204549,Aj Albuquerque,PP,CE,1156,1155,122,99.74,0.6885,0.6883,0.9974,0.2096,67.84,Médio engajamento
586,204550,Júnior Mano,PSB,CE,596,596,266,99.16,0.355,0.3552,0.9916,0.457,49.77,Médio engajamento
587,204551,Bosco Saraiva,SOLIDARIEDADE,AM,252,252,127,100.0,0.1501,0.1502,1.0,0.2182,33.03,Baixo engajamento
588,204552,Eduardo Braide,PODE,MA,0,0,165,,0.0,0.0,0.0,0.2835,4.25,Baixo engajamento
589,204553,Pastor Sargento Isidório,AVANTE,BA,1498,1498,277,98.87,0.8922,0.8927,0.9887,0.4759,84.92,Alto engajamento
590,204554,Abílio Santana,PSC,BA,321,321,227,100.0,0.1912,0.1913,1.0,0.39,38.28,Baixo engajamento
591,204555,José Ricardo,PT,AM,421,421,154,95.72,0.2507,0.2509,0.9572,0.2646,39.41,Baixo engajamento
592,204556,Marcelo Ramos,PSD,AM,219,219,252,74.43,0.1304,0.1305,0.7443,0.433,29.86,Baixo engajamento
593,204557,Sidney Leite,PSD,AM,1196,1195,221,99.0,0.7123,0.7122,0.99,0.3797,71.79,Médio engajamento
594,204558,Marcelo Nilo,REPUBLICANOS,BA,442,442,274,99.77,0.2633,0.2634,0.9977,0.4708,44.13,Médio engajamento
595,204559,Zé Neto,PT,BA,1177,1176,277,98.13,0.701,0.7008,0.9813,0.4759,72.32,Médio engajamento
596,204560,Adolfo Viana,PSDB,BA,902,901,230,100.0,0.5372,0.5369,1.0,0.3952,60.84,Médio engajamento
597,204561,Bira Do Pindaré,PSB,MA,405,405,149,95.31,0.2412,0.2414,0.9531,0.256,38.59,Baixo engajamento
598,204562,Edilázio Júnior,PSD,MA,355,355,194,100.0,0.2114,0.2116,1.0,0.3333,38.75,Baixo engajamento
599,204563,Josimar Maranhãozinho,PL,MA,708,707,96,98.3,0.4217,0.4213,0.983,0.1649,49.53,Médio engajamento
600,204564,Igor Kannário,UNIÃO,BA,233,233,11,100.0,0.1388,0.1389,1.0,0.0189,29.31,Baixo engajamento
601,204565,Professora Dayane Pimentel,UNIÃO,BA,315,315,86,100.0,0.1876,0.1877,1.0,0.1478,34.41,Baixo engajamento
602,204566,Marreca Filho,PRD,MA,897,896,473,99.67,0.5342,0.534,0.9967,0.8127,66.84,Médio engajamento
603,204567,Raimundo Costa,PSD,BA,1099,1099,317,99.91,0.6546,0.6549,0.9991,0.5447,70.71,Médio engajamento
604,204569,Delegado Pablo,UNIÃO,AM,342,342,87,100.0,0.2037,0.2038,1.0,0.1495,35.49,Baixo engajamento
605,204570,Pastor Gil,PL,MA,976,975,135,98.67,0.5813,0.581,0.9867,0.232,60.99,Médio engajamento
606,204571,Alex Santana,REPUBLICANOS,BA,1012,1011,214,99.41,0.6027,0.6025,0.9941,0.3677,64.57,Médio engajamento
607,204572,Capitão Alberto Neto,PL,AM,1416,1416,425,95.97,0.8434,0.8439,0.9597,0.7302,84.98,Alto engajamento
608,204573,Otto Alencar Filho,PSD,BA,1236,1235,397,100.0,0.7362,0.736,1.0,0.6821,78.08,Alto engajamento
609,204574,Junior Lourenço,MDB,MA,778,777,197,100.0,0.4634,0.4631,1.0,0.3385,55.19,Médio engajamento
610,204575,Gil Cutrim,REPUBLICANOS,MA,432,432,103,100.0,0.2573,0.2574,1.0,0.177,39.38,Baixo engajamento
611,204576,João Roma,PL,BA,257,257,261,100.0,0.1531,0.1532,1.0,0.4485,36.68,Baixo engajamento
612,205476,Charles Fernandes,PSD,BA,1316,1316,234,99.54,0.7838,0.7843,0.9954,0.4021,76.9,Alto engajamento
613,205535,Patricia Ferraz,PL,AP,73,73,3,100.0,0.0435,0.0435,1.0,0.0052,22.91,Baixo engajamento
614,205548,David Miranda,PDT,RJ,316,316,42,97.78,0.1882,0.1883,0.9778,0.0722,32.88,Baixo engajamento
615,205550,Jorge Braz,REPUBLICANOS,RJ,1455,1454,176,100.0,0.8666,0.8665,1.0,0.3024,80.86,Alto engajamento
616,205863,Marcelo Brum,REPUBLICANOS,RS,114,114,37,100.0,0.0679,0.0679,1.0,0.0636,25.37,Baixo engajamento
617,205865,Reinhold Stephanes,PL,PR,898,898,213,99.78,0.5348,0.5352,0.9978,0.366,60.22,Médio engajamento
618,206018,Célia Xakriabá,PSOL,MG,847,846,116,99.53,0.5045,0.5042,0.9953,0.1993,55.68,Médio engajamento
619,206231,Ted Conti,PSB,ES,120,120,124,97.5,0.0715,0.0715,0.975,0.2131,27.34,Baixo engajamento
620,207176,Bia Cavassa,PSDB,MS,125,125,53,100.0,0.0744,0.0745,1.0,0.0911,26.21,Baixo engajamento
621,207309,Enéias Reis,UNIÃO,MG,0,0,82,,0.0,0.0,0.0,0.1409,2.11,Baixo engajamento
622,208297,Katia Dias,REPUBLICANOS,MG,110,110,0,100.0,0.0655,0.0656,1.0,0.0,24.26,Baixo engajamento
623,209189,Joseildo Ramos,PT,BA,1290,1289,146,97.67,0.7683,0.7682,0.9767,0.2509,73.23,Médio engajamento
624,209787,Nikolas Ferreira,PL,MG,1042,1041,80,93.95,0.6206,0.6204,0.9395,0.1375,61.19,Médio engajamento
625,210989,Bruno Farias,REPUBLICANOS,MG,850,849,188,99.41,0.5063,0.506,0.9941,0.323,57.63,Médio engajamento
626,211498,Renato Santana,PSD,DF,0,0,0,,0.0,0.0,0.0,0.0,0.0,Baixo engajamento
627,211649,Ricardo Pericar,UNIÃO,RJ,0,0,4,,0.0,0.0,0.0,0.0069,0.1,Baixo engajamento
628,211866,Fabiano Tolentino,PODE,MG,0,0,27,,0.0,0.0,0.0,0.0464,0.7,Baixo engajamento
629,212504,Fernando Borja,AVANTE,MG,0,0,3,,0.0,0.0,0.0,0.0052,0.08,Baixo engajamento
630,212625,Dr. Gonçalo,PODE,MA,71,71,3,100.0,0.0423,0.0423,1.0,0.0052,22.83,Baixo engajamento
631,212749,Marcão Gomes,PL,RJ,0,0,9,,0.0,0.0,0.0,0.0155,0.23,Baixo engajamento
632,213274,Ricardo Silva,PSD,SP,598,598,148,100.0,0.3562,0.3564,1.0,0.2543,46.97,Médio engajamento
633,213679,Dr. João,PROS,BA,0,0,1,,0.0,0.0,0.0,0.0017,0.03,Baixo engajamento
634,213762,Carla Dickson,PL,RN,929,928,21,100.0,0.5533,0.553,1.0,0.0361,56.5,Médio engajamento
635,213854,Dr. Agripino Magalhães,UNIÃO,CE,115,115,1,100.0,0.0685,0.0685,1.0,0.0017,24.48,Baixo engajamento
636,213856,Deuzinho Filho,REPUBLICANOS,CE,0,0,0,,0.0,0.0,0.0,0.0,0.0,Baixo engajamento
637,214445,Nilson F. Stainsack,PP,SC,0,0,0,,0.0,0.0,0.0,0.0,0.0,Baixo engajamento
638,214477,Rrenato Queiroz,PSD,RR,208,208,3,100.0,0.1239,0.124,1.0,0.0052,28.13,Baixo engajamento
639,214694,Jorge Goetten,REPUBLICANOS,SC,919,918,178,97.17,0.5473,0.5471,0.9717,0.3058,59.59,Médio engajamento
640,214865,Joceval Rodrigues,CIDADANIA,BA,65,65,0,100.0,0.0387,0.0387,1.0,0.0,22.52,Baixo engajamento
641,215042,Ricardo Da Karol,PDT,RJ,421,421,0,98.81,0.2507,0.2509,0.9881,0.0,36.06,Baixo engajamento
642,215043,Josivaldo Jp,UNIÃO,MA,1275,1275,82,99.76,0.7594,0.7598,0.9976,0.1409,71.44,Médio engajamento
643,215044,Vivi Reis,PSOL,PA,488,488,9,95.7,0.2906,0.2908,0.957,0.0155,38.27,Baixo engajamento
644,215045,Pedro Augusto Palareti,PP,RJ,327,327,2,99.69,0.1948,0.1949,0.9969,0.0034,32.65,Baixo engajamento
645,215361,Rachel Marques,PT,CE,0,0,0,,0.0,0.0,0.0,0.0,0.0,Baixo engajamento
646,216198,Norma Pereira,PSDB,SC,0,0,0,,0.0,0.0,0.0,0.0,0.0,Baixo engajamento
647,216313,Rafafá,PSDB,PB,0,0,1,,0.0,0.0,0.0,0.0017,0.03,Baixo engajamento
648,216544,Paulo Vicente Caleffi,PSD,RS,110,110,2,100.0,0.0655,0.0656,1.0,0.0034,24.31,Baixo engajamento
649,216545,Totonho Lopes,PDT,CE,0,0,0,,0.0,0.0,0.0,0.0,0.0,Baixo engajamento
650,217036,Henrique Do Paraíso,REPUBLICANOS,SP,0,0,0,,0.0,0.0,0.0,0.0,0.0,Baixo engajamento
651,217330,Pedro Dalua,PSC,AP,91,91,1,98.9,0.0542,0.0542,0.989,0.0017,23.33,Baixo engajamento
652,217480,Jones Moura,PSD,RJ,622,622,6,99.52,0.3705,0.3707,0.9952,0.0103,44.15,Médio engajamento
653,218086,Ely Santos,REPUBLICANOS,SP,1000,999,10,99.8,0.5956,0.5954,0.998,0.0172,58.93,Médio engajamento
654,218245,Jorielson,PL,AP,148,148,1,100.0,0.0881,0.0882,1.0,0.0017,25.76,Baixo engajamento
655,218741,Patrick Dorneles,PSD,PB,107,107,0,99.07,0.0637,0.0638,0.9907,0.0,23.96,Baixo engajamento
656,218879,Nelho Bezerra,UNIÃO,CE,216,216,1,100.0,0.1286,0.1287,1.0,0.0017,28.39,Baixo engajamento
657,219568,Tiago Andrino,PSB,TO,99,99,0,90.91,0.059,0.059,0.9091,0.0,22.02,Baixo engajamento
658,219585,Marco Brasil,PP,PR,612,612,53,99.84,0.3645,0.3647,0.9984,0.0911,45.03,Médio engajamento
659,219592,Lucas Follador,PSC,RO,97,97,4,100.0,0.0578,0.0578,1.0,0.0069,23.86,Baixo engajamento
660,219599,Sargento Alexandre,PODE,SP,96,96,1,100.0,0.0572,0.0572,1.0,0.0017,23.74,Baixo engajamento
661,219920,Fabio Barros,PSB,PE,0,0,0,,0.0,0.0,0.0,0.0,0.0,Baixo engajamento
662,220008,Eliza Virgínia,PP,PB,163,163,0,96.93,0.0971,0.0971,0.9693,0.0,25.7,Baixo engajamento
663,220526,Gilvan Da Federal,PL,ES,861,860,48,91.16,0.5128,0.5125,0.9116,0.0825,52.79,Médio engajamento
664,220527,Jack Rocha,PT,ES,1040,1039,63,99.52,0.6194,0.6192,0.9952,0.1082,61.78,Médio engajamento
665,220528,Dr. Victor Linhalis,PODE,ES,893,892,125,100.0,0.5319,0.5316,1.0,0.2148,57.79,Médio engajamento
666,220529,Gilson Daniel,PODE,ES,1100,1099,215,99.91,0.6552,0.6549,0.9991,0.3694,68.1,Médio engajamento
667,220530,Messias Donato,UNIÃO,ES,1015,1015,172,99.8,0.6045,0.6049,0.998,0.2955,63.7,Médio engajamento
668,220531,Gilvan Maximo,REPUBLICANOS,DF,623,623,208,100.0,0.3711,0.3713,1.0,0.3574,49.49,Médio engajamento
669,220532,Rafael Prudente,MDB,DF,776,775,55,99.48,0.4622,0.4619,0.9948,0.0945,51.35,Médio engajamento
670,220533,Prof. Reginaldo Veras,PV,DF,973,972,185,100.0,0.5795,0.5793,1.0,0.3179,62.43,Médio engajamento
671,220534,Fred Linhares,REPUBLICANOS,DF,944,943,226,100.0,0.5622,0.562,1.0,0.3883,62.36,Médio engajamento
672,220536,Zé Haroldo Cathedral,UNIÃO,RR,1055,1054,121,99.91,0.6284,0.6281,0.9991,0.2079,63.94,Médio engajamento
673,220537,Helena Lima,PSD,RR,645,645,67,99.53,0.3842,0.3844,0.9953,0.1151,46.61,Médio engajamento
674,220538,Albuquerque,REPUBLICANOS,RR,899,898,201,100.0,0.5354,0.5352,1.0,0.3454,59.98,Médio engajamento
675,220539,Defensor Stélio Dener,UNIÃO,RR,1074,1073,222,100.0,0.6397,0.6395,1.0,0.3814,67.3,Médio engajamento
676,220540,Duda Ramos,PODE,RR,690,689,115,100.0,0.411,0.4106,1.0,0.1976,49.67,Médio engajamento
677,220542,Alexandre Guimarães,MDB,TO,799,798,165,100.0,0.4759,0.4756,1.0,0.2835,55.18,Médio engajamento
678,220543,Ricardo Ayres,REPUBLICANOS,TO,1225,1224,220,100.0,0.7296,0.7294,1.0,0.378,73.09,Médio engajamento
679,220544,Antonio Andrade,PSDB,TO,1014,1013,42,99.7,0.6039,0.6037,0.997,0.0722,60.27,Médio engajamento
680,220545,Filipe Martins,PL,TO,1001,1000,117,93.0,0.5962,0.5959,0.93,0.201,60.36,Médio engajamento
681,220546,Rodolfo Nogueira,PL,MS,1075,1074,43,92.64,0.6403,0.64,0.9264,0.0739,61.25,Médio engajamento
682,220547,Marcos Pollon,PL,MS,1171,1170,127,94.87,0.6974,0.6973,0.9487,0.2182,67.58,Médio engajamento
683,220548,Camila Jara,PT,MS,924,923,192,99.67,0.5503,0.5501,0.9967,0.3299,60.65,Médio engajamento
684,220549,Any Ortiz,PP,RS,933,932,168,100.0,0.5557,0.5554,1.0,0.2887,60.44,Médio engajamento
685,220550,Mauricio Marcon,PL,RS,1133,1132,108,99.73,0.6748,0.6746,0.9973,0.1856,66.59,Médio engajamento
686,220551,Franciane Bayer,REPUBLICANOS,RS,985,984,81,100.0,0.5867,0.5864,1.0,0.1392,60.21,Médio engajamento
687,220552,Zucco,PL,RS,1157,1156,188,97.92,0.6891,0.6889,0.9792,0.323,69.21,Médio engajamento
688,220553,Denise Pessôa,PT,RS,973,972,140,99.59,0.5795,0.5793,0.9959,0.2405,61.19,Médio engajamento
689,220554,Alexandre Lindenmeyer,PT,RS,850,850,173,99.65,0.5063,0.5066,0.9965,0.2973,57.31,Médio engajamento
690,220555,Daiana Santos,PCDOB,RS,926,926,63,99.78,0.5515,0.5518,0.9978,0.1082,57.44,Médio engajamento
691,220556,Ana Paula Lima,PT,SC,961,960,114,99.69,0.5724,0.5721,0.9969,0.1959,60.07,Médio engajamento
692,220557,Daniela Reinehr,PL,SC,928,927,82,93.31,0.5527,0.5524,0.9331,0.1409,56.69,Médio engajamento
693,220558,Zé Trovão,PL,SC,985,984,207,93.29,0.5867,0.5864,0.9329,0.3557,62.12,Médio engajamento
694,220559,Julia Zanatta,PL,SC,1029,1028,77,94.55,0.6129,0.6126,0.9455,0.1323,60.72,Médio engajamento
695,220560,Thiago De Joaldo,REPUBLICANOS,SE,803,802,90,99.88,0.4783,0.4779,0.9988,0.1546,53.37,Médio engajamento
696,220561,Delegada Katarina,PSD,SE,1034,1033,77,99.52,0.6158,0.6156,0.9952,0.1323,61.91,Médio engajamento
697,220563,Icaro De Valmir,REPUBLICANOS,SE,842,842,254,99.29,0.5015,0.5018,0.9929,0.4364,59.01,Médio engajamento
698,220564,Yandra Moura,UNIÃO,SE,675,674,235,100.0,0.402,0.4017,1.0,0.4038,52.18,Médio engajamento
699,220565,Delegada Adriana Accorsi,PT,GO,792,792,82,99.87,0.4717,0.472,0.9987,0.1409,52.76,Médio engajamento
700,220566,Lêda Borges,REPUBLICANOS,GO,753,752,180,99.87,0.4485,0.4482,0.9987,0.3093,53.76,Médio engajamento
701,220567,Jeferson Rodrigues,PSDB,GO,775,774,124,99.87,0.4616,0.4613,0.9987,0.2131,53.17,Médio engajamento
702,220568,Gustavo Gayer,PL,GO,961,960,155,93.65,0.5724,0.5721,0.9365,0.2663,59.92,Médio engajamento
703,220569,Silvye Alves,UNIÃO,GO,826,825,197,100.0,0.492,0.4917,1.0,0.3385,57.05,Médio engajamento
704,220570,Dr. Ismael Alexandrino,PSD,GO,789,788,59,99.75,0.4699,0.4696,0.9975,0.1014,52.01,Médio engajamento
705,220571,Daniel Agrobom,PSD,GO,1066,1065,133,97.65,0.6349,0.6347,0.9765,0.2285,64.22,Médio engajamento
706,220572,Marussa Boldrin,REPUBLICANOS,GO,617,616,143,100.0,0.3675,0.3671,1.0,0.2457,47.56,Médio engajamento
707,220573,Dorinaldo Malafaia,PDT,AP,820,819,209,99.63,0.4884,0.4881,0.9963,0.3591,57.05,Médio engajamento
708,220574,Cabo Gilberto Silva,PL,PB,1081,1080,203,94.72,0.6438,0.6436,0.9472,0.3488,66.02,Médio engajamento
709,220575,Sonize Barbosa,PL,AP,442,442,138,87.78,0.2633,0.2634,0.8778,0.2371,38.23,Baixo engajamento
710,220576,Alfredo Gaspar,PL,AL,1095,1095,92,99.73,0.6522,0.6526,0.9973,0.1581,64.72,Médio engajamento
711,220577,Augusto Puppio,MDB,AP,669,669,149,100.0,0.3985,0.3987,1.0,0.256,49.75,Médio engajamento
712,220578,Josenildo,PDT,AP,1059,1058,74,99.81,0.6307,0.6305,0.9981,0.1271,62.86,Médio engajamento
713,220579,Silvia Waiãpi,PL,AP,556,556,175,90.47,0.3311,0.3313,0.9047,0.3007,44.13,Médio engajamento
714,220580,Professora Goreth,PDT,AP,545,545,216,100.0,0.3246,0.3248,1.0,0.3711,46.67,Médio engajamento
715,220581,Luciano Amaral,PSD,AL,983,982,39,100.0,0.5855,0.5852,1.0,0.067,59.05,Médio engajamento
716,220582,Daniel Barbosa,PP,AL,776,775,29,99.87,0.4622,0.4619,0.9987,0.0498,50.76,Médio engajamento
717,220583,Delegado Fabio Costa,PP,AL,1085,1084,82,99.91,0.6462,0.646,0.9991,0.1409,64.09,Médio engajamento
718,220584,Murilo Galdino,REPUBLICANOS,PB,927,926,70,100.0,0.5521,0.5518,1.0,0.1203,57.68,Médio engajamento
719,220585,Mersinho Lucena,PSD,PB,735,735,103,100.0,0.4378,0.438,1.0,0.177,51.12,Médio engajamento
720,220586,Rafael Brito,MDB,AL,903,902,55,99.89,0.5378,0.5375,0.9989,0.0945,56.34,Médio engajamento
721,220587,Gerlen Diniz,PP,AC,589,589,93,100.0,0.3508,0.351,1.0,0.1598,45.21,Médio engajamento
722,220588,Roberto Duarte,REPUBLICANOS,AC,1286,1285,261,100.0,0.7659,0.7658,1.0,0.4485,76.51,Alto engajamento
723,220589,Eduardo Velloso,SOLIDARIEDADE,AC,829,828,209,99.52,0.4937,0.4934,0.9952,0.3591,57.37,Médio engajamento
724,220590,Coronel Ulysses,UNIÃO,AC,969,968,183,100.0,0.5771,0.5769,1.0,0.3144,62.22,Médio engajamento
725,220591,Meire Serafim,UNIÃO,AC,895,894,205,99.89,0.5331,0.5328,0.9989,0.3522,59.9,Médio engajamento
726,220592,Zezinho Barbary,PP,AC,837,836,197,100.0,0.4985,0.4982,1.0,0.3385,57.47,Médio engajamento
727,220593,Abilio Brunini,PL,MT,414,414,134,86.23,0.2466,0.2467,0.8623,0.2302,36.73,Baixo engajamento
728,220594,Coronel Assis,PL,MT,1041,1040,112,99.81,0.62,0.6198,0.9981,0.1924,63.14,Médio engajamento
729,220595,Coronel Fernanda,PL,MT,1079,1078,197,93.14,0.6426,0.6424,0.9314,0.3385,65.47,Médio engajamento
730,220596,Amália Barros,PL,MT,339,339,105,88.2,0.2019,0.202,0.882,0.1804,33.47,Baixo engajamento
731,220597,Thiago Flores,UNIÃO,RO,902,901,65,100.0,0.5372,0.5369,1.0,0.1117,56.58,Médio engajamento
732,220598,Tarcísio Motta,PSOL,RJ,1110,1109,137,99.19,0.6611,0.6609,0.9919,0.2354,66.33,Médio engajamento
733,220599,Marcelo Crivella,REPUBLICANOS,RJ,997,996,226,99.8,0.5938,0.5936,0.998,0.3883,64.38,Médio engajamento
734,220600,Lebrão,UNIÃO,RO,555,555,75,99.64,0.3306,0.3308,0.9964,0.1289,43.36,Médio engajamento
735,220601,Washington Quaquá,PT,RJ,313,313,162,100.0,0.1864,0.1865,1.0,0.2784,36.3,Baixo engajamento
736,220602,Dimas Gadelha,PT,RJ,904,903,168,100.0,0.5384,0.5381,1.0,0.2887,59.32,Médio engajamento
737,220603,Dani Cunha,PL,RJ,879,878,76,100.0,0.5235,0.5232,1.0,0.1306,55.98,Médio engajamento
738,220604,Marcos Tavares,PDT,RJ,877,876,119,100.0,0.5223,0.5221,1.0,0.2045,57.01,Médio engajamento
739,220605,Bandeira De Mello,PV,RJ,1008,1007,216,100.0,0.6004,0.6001,1.0,0.3711,64.58,Médio engajamento
740,220606,Reimont,PT,RJ,959,958,104,99.79,0.5712,0.5709,0.9979,0.1787,59.76,Médio engajamento
741,220607,Max Lemos,PDT,RJ,995,994,209,100.0,0.5926,0.5924,1.0,0.3591,63.9,Médio engajamento
742,220608,Cristiane Lopes,PODE,RO,981,980,211,100.0,0.5843,0.584,1.0,0.3625,63.41,Médio engajamento
743,220609,Maurício Carvalho,UNIÃO,RO,896,895,61,100.0,0.5337,0.5334,1.0,0.1048,56.25,Médio engajamento
744,220610,Dr. Fernando Máximo,PL,RO,869,868,228,100.0,0.5176,0.5173,1.0,0.3918,59.51,Médio engajamento
745,220611,General Pazuello,PL,RJ,1012,1011,112,92.58,0.6027,0.6025,0.9258,0.1924,60.57,Médio engajamento
746,220612,Bebeto,PP,RJ,1075,1074,188,99.81,0.6403,0.64,0.9981,0.323,66.42,Médio engajamento
747,220613,Roberto Monteiro Pai,PL,RJ,973,973,156,92.19,0.5795,0.5799,0.9219,0.268,60.14,Médio engajamento
748,220614,Dr. Daniel Soranz,PSD,RJ,191,191,119,100.0,0.1138,0.1138,1.0,0.2045,30.46,Baixo engajamento
749,220615,Pastor Henrique Vieira,PSOL,RJ,1079,1079,84,98.89,0.6426,0.643,0.9889,0.1443,63.72,Médio engajamento
750,220616,Luciano Vieira,PSDB,RJ,829,828,151,98.91,0.4937,0.4934,0.9891,0.2595,55.76,Médio engajamento
751,220617,Murillo Gouvea,PSDB,RJ,956,955,161,99.9,0.5694,0.5691,0.999,0.2766,61.13,Médio engajamento
752,220618,Sargento Portugal,PODE,RJ,964,963,224,100.0,0.5742,0.5739,1.0,0.3849,63.09,Médio engajamento
753,220619,Delegado Ramagem,PL,RJ,1044,1043,137,93.67,0.6218,0.6216,0.9367,0.2354,62.68,Médio engajamento
754,220620,Rosângela Reis,PL,MG,1006,1006,98,96.32,0.5992,0.5995,0.9632,0.1684,60.75,Médio engajamento
755,220621,Sargento Gonçalves,PL,RN,1068,1067,87,91.47,0.6361,0.6359,0.9147,0.1495,61.88,Médio engajamento
756,220622,Nely Aquino,PODE,MG,821,820,34,99.76,0.489,0.4887,0.9976,0.0584,52.6,Médio engajamento
757,220623,Duda Salabert,PSOL,MG,905,904,77,99.0,0.539,0.5387,0.99,0.1323,56.81,Médio engajamento
758,220624,Robinson Faria,PP,RN,1100,1099,61,100.0,0.6552,0.6549,1.0,0.1048,64.15,Médio engajamento
759,220625,Delegada Ione,AVANTE,MG,843,842,242,99.88,0.5021,0.5018,0.9988,0.4158,58.84,Médio engajamento
760,220626,Rafael Simoes,UNIÃO,MG,955,955,105,99.79,0.5688,0.5691,0.9979,0.1804,59.64,Médio engajamento
761,220627,Paulinho Freire,UNIÃO,RN,442,442,84,98.64,0.2633,0.2634,0.9864,0.1443,39.01,Baixo engajamento
762,220628,Mauricio Do Vôlei,PL,MG,931,930,87,93.12,0.5545,0.5542,0.9312,0.1495,56.9,Médio engajamento
763,220629,Dandara,PT,MG,779,778,70,100.0,0.464,0.4636,1.0,0.1203,51.95,Médio engajamento
764,220630,Pedro Aihara,PP,MG,924,923,211,100.0,0.5503,0.5501,1.0,0.3625,61.2,Médio engajamento
765,220631,Samuel Viana,UNIÃO,MG,924,923,43,99.67,0.5503,0.5501,0.9967,0.0739,56.81,Médio engajamento
766,220632,Ana Pimentel,PT,MG,978,978,106,99.59,0.5825,0.5828,0.9959,0.1821,60.52,Médio engajamento
767,220633,Ricardo Salles,NOVO,SP,739,738,89,91.19,0.4401,0.4398,0.9119,0.1529,49.13,Médio engajamento
768,220634,Marcelo Lima,PSB,SP,206,206,86,98.54,0.1227,0.1228,0.9854,0.1478,29.9,Baixo engajamento
769,220635,Bruno Ganem,PODE,SP,1004,1003,51,99.9,0.598,0.5977,0.999,0.0876,60.16,Médio engajamento
770,220636,Luiz Marinho,PT,SP,0,0,0,,0.0,0.0,0.0,0.0,0.0,Baixo engajamento
771,220637,Marina Silva,REDE,SP,14,14,0,100.0,0.0083,0.0083,1.0,0.0,20.54,Baixo engajamento
772,220638,Antonio Carlos Rodrigues,PL,SP,1006,1005,123,94.43,0.5992,0.5989,0.9443,0.2113,60.99,Médio engajamento
773,220639,Guilherme Boulos,PSOL,SP,720,720,77,99.44,0.4288,0.4291,0.9944,0.1323,49.75,Médio engajamento
774,220640,Juliana Cardoso,PT,SP,873,873,72,99.77,0.52,0.5203,0.9977,0.1237,55.62,Médio engajamento
775,220641,Rodrigo Gambale,PODE,SP,992,991,158,99.9,0.5908,0.5906,0.999,0.2715,62.45,Médio engajamento
776,220642,Delegado Bruno Lima,PODE,SP,608,607,15,99.67,0.3621,0.3617,0.9967,0.0258,43.85,Médio engajamento
777,220643,Sônia Guajajara,PSOL,SP,19,19,0,100.0,0.0113,0.0113,1.0,0.0,20.73,Baixo engajamento
778,220644,Rosangela Moro,PL,SP,1003,1003,121,99.8,0.5974,0.5977,0.998,0.2079,61.92,Médio engajamento
779,220645,Erika Hilton,PSOL,SP,792,792,142,99.62,0.4717,0.472,0.9962,0.244,54.25,Médio engajamento
780,220646,Felipe Becari,PODE,SP,687,686,252,100.0,0.4092,0.4088,1.0,0.433,53.08,Médio engajamento
781,220647,Mauricio Neves,PP,SP,617,616,191,100.0,0.3675,0.3671,1.0,0.3282,48.8,Médio engajamento
782,220648,Marangoni,PODE,SP,798,797,305,100.0,0.4753,0.475,1.0,0.5241,58.75,Médio engajamento
783,220649,Delegado Da Cunha,UNIÃO,SP,781,781,85,100.0,0.4652,0.4654,1.0,0.146,52.43,Médio engajamento
784,220650,Paulo Alexandre Barbosa,PSDB,SP,932,931,206,99.89,0.5551,0.5548,0.9989,0.354,61.36,Médio engajamento
785,220651,Simone Marquetto,PP,SP,726,725,72,100.0,0.4324,0.4321,1.0,0.1237,49.95,Médio engajamento
786,220652,Delegado Palumbo,PODE,SP,1090,1089,46,99.91,0.6492,0.649,0.9991,0.079,63.36,Médio engajamento
787,220653,Fábio Teruel,MDB,SP,965,964,1,99.79,0.5747,0.5745,0.9979,0.0017,57.33,Médio engajamento
788,220654,Delegado Paulo Bilynskyj,PL,SP,1212,1211,105,93.89,0.7219,0.7217,0.9389,0.1804,68.4,Médio engajamento
789,220655,Mario Frias,PL,SP,826,826,100,91.4,0.492,0.4923,0.914,0.1718,52.85,Médio engajamento
790,220656,Fernanda Pessoa,PSD,CE,1009,1008,248,100.0,0.601,0.6007,1.0,0.4261,65.45,Médio engajamento
791,220657,André Fernandes,PL,CE,812,811,69,95.68,0.4836,0.4833,0.9568,0.1186,52.34,Médio engajamento
792,220658,Luiz Gastão,PSD,CE,851,850,67,99.88,0.5068,0.5066,0.9988,0.1151,54.64,Médio engajamento
793,220659,Dayany Bittencourt,UNIÃO,CE,927,926,212,100.0,0.5521,0.5518,1.0,0.3643,61.34,Médio engajamento
794,220660,Yury Do Paredão,MDB,CE,686,685,40,100.0,0.4086,0.4082,1.0,0.0687,47.58,Médio engajamento
795,220661,Matheus Noronha,PL,CE,784,784,70,98.85,0.4669,0.4672,0.9885,0.1203,51.93,Médio engajamento
796,220662,Lucas Ramos,PSB,PE,991,990,167,100.0,0.5902,0.59,1.0,0.2869,62.66,Médio engajamento
797,220663,Eriberto Medeiros,PSB,PE,910,909,177,100.0,0.542,0.5417,1.0,0.3041,59.78,Médio engajamento
798,220664,Guilherme Uchoa,PSD,PE,934,933,37,100.0,0.5563,0.556,1.0,0.0636,57.1,Médio engajamento
799,220665,Clarissa Tércio,PP,PE,879,878,50,100.0,0.5235,0.5232,1.0,0.0859,55.31,Médio engajamento
800,220666,Coronel Meira,PL,PE,1109,1108,152,93.86,0.6605,0.6603,0.9386,0.2612,65.62,Médio engajamento
801,220667,Pedro Campos,PSB,PE,1020,1019,101,99.71,0.6075,0.6073,0.9971,0.1735,62.03,Médio engajamento
802,220668,Maria Arraes,PSB,PE,1050,1049,186,99.9,0.6254,0.6251,0.999,0.3196,65.42,Médio engajamento
803,220669,Lula Da Fonte,PP,PE,878,877,104,96.69,0.5229,0.5226,0.9669,0.1787,56.0,Médio engajamento
804,220670,Iza Arruda,MDB,PE,835,834,44,100.0,0.4973,0.497,1.0,0.0756,53.45,Médio engajamento
805,220671,Dilvanda Faro,PT,PA,996,995,27,99.5,0.5932,0.593,0.995,0.0464,59.15,Médio engajamento
806,220672,Henderson Pinto,UNIÃO,PA,862,861,165,100.0,0.5134,0.5131,1.0,0.2835,57.61,Médio engajamento
807,220673,Delegado Caveira,PL,PA,938,937,72,94.02,0.5587,0.5584,0.9402,0.1237,56.97,Médio engajamento
808,220674,Dra. Alessandra Haber,PODE,PA,644,643,79,100.0,0.3836,0.3832,1.0,0.1357,46.96,Médio engajamento
809,220675,Antônio Doido,MDB,PA,909,908,53,100.0,0.5414,0.5411,1.0,0.0911,56.55,Médio engajamento
810,220676,Andreia Siqueira,PSB,PA,788,788,179,100.0,0.4693,0.4696,1.0,0.3076,55.13,Médio engajamento
811,220677,Keniston Braga,MDB,PA,836,836,22,100.0,0.4979,0.4982,1.0,0.0378,52.94,Médio engajamento
812,220681,Fábio Macedo,PODE,MA,715,714,4,99.3,0.4258,0.4255,0.993,0.0069,47.63,Médio engajamento
813,220682,Tadeu Veneri,PT,PR,953,952,157,99.89,0.5676,0.5673,0.9989,0.2698,60.91,Médio engajamento
814,220683,Beto Richa,PSDB,PR,1025,1024,161,99.9,0.6105,0.6103,0.999,0.2766,63.81,Médio engajamento
815,220684,Tião Medeiros,PP,PR,814,813,84,99.63,0.4848,0.4845,0.9963,0.1443,53.59,Médio engajamento
816,220685,Paulo Litro,UNIÃO,PR,938,937,63,100.0,0.5587,0.5584,1.0,0.1082,57.93,Médio engajamento
817,220686,Duarte Jr.,AVANTE,MA,1019,1018,160,99.61,0.6069,0.6067,0.9961,0.2749,63.49,Médio engajamento
818,220687,Márcio Honaiser,SOLIDARIEDADE,MA,818,817,254,97.8,0.4872,0.4869,0.978,0.4364,57.77,Médio engajamento
819,220688,Dr. Francisco,PT,PI,984,983,93,99.8,0.5861,0.5858,0.998,0.1598,60.44,Médio engajamento
820,220689,Detinha,PL,MA,546,545,55,97.8,0.3252,0.3248,0.978,0.0945,42.1,Médio engajamento
821,220690,Capitão Alden,PL,BA,1067,1066,106,93.53,0.6355,0.6353,0.9353,0.1821,62.74,Médio engajamento
822,220691,Diego Coronel,REPUBLICANOS,BA,1041,1040,192,99.81,0.62,0.6198,0.9981,0.3299,65.2,Médio engajamento
823,220692,Dal Barreto,UNIÃO,BA,816,815,125,99.14,0.486,0.4857,0.9914,0.2148,54.63,Médio engajamento
824,220693,Roberta Roma,PL,BA,779,778,73,95.5,0.464,0.4636,0.955,0.1254,51.13,Médio engajamento
825,220694,Ricardo Maia,MDB,BA,877,876,61,100.0,0.5223,0.5221,1.0,0.1048,55.52,Médio engajamento
826,220695,Rogéria Santos,REPUBLICANOS,BA,892,892,209,99.78,0.5313,0.5316,0.9978,0.3591,59.89,Médio engajamento
827,220696,Ivoneide Caetano,PT,BA,964,963,57,99.9,0.5742,0.5739,0.999,0.0979,58.76,Médio engajamento
828,220697,Jadyel Alencar,REPUBLICANOS,PI,755,754,224,99.87,0.4497,0.4493,0.9987,0.3849,54.97,Médio engajamento
829,220698,Beto Preto,PSD,PR,118,118,56,98.31,0.0703,0.0703,0.9831,0.0962,25.67,Baixo engajamento
830,220699,Castro Neto,MDB,PI,878,877,26,100.0,0.5229,0.5226,1.0,0.0447,54.65,Médio engajamento
831,220700,Florentino Neto,PT,PI,911,910,135,99.67,0.5426,0.5423,0.9967,0.232,58.67,Médio engajamento
832,220701,Delegado Matheus Laiola,UNIÃO,PR,1044,1043,49,100.0,0.6218,0.6216,1.0,0.0842,61.67,Médio engajamento
833,220702,Geraldo Mendes,UNIÃO,PR,673,672,165,99.85,0.4008,0.4005,0.9985,0.2835,50.27,Médio engajamento
834,220703,Neto Carletto,AVANTE,BA,939,938,121,100.0,0.5593,0.559,1.0,0.2079,59.46,Médio engajamento
835,220704,Carol Dartora,PT,PR,719,719,157,100.0,0.4282,0.4285,1.0,0.2698,51.89,Médio engajamento
836,220705,Deltan Dallagnol,PODE,PR,80,80,47,100.0,0.0476,0.0477,1.0,0.0808,24.31,Baixo engajamento
837,220706,Padovani,PP,PR,531,530,95,100.0,0.3163,0.3159,1.0,0.1632,43.0,Médio engajamento
838,220707,Amanda Gentil,PP,MA,670,669,214,99.7,0.399,0.3987,0.997,0.3677,51.38,Médio engajamento
839,220708,Gabriel Nunes,PSD,BA,1024,1023,33,100.0,0.6099,0.6097,1.0,0.0567,60.49,Médio engajamento
840,220712,Fausto Jr.,UNIÃO,AM,726,725,193,100.0,0.4324,0.4321,1.0,0.3316,53.07,Médio engajamento
841,220713,Saullo Vianna,MDB,AM,516,516,189,100.0,0.3073,0.3075,1.0,0.3247,44.85,Médio engajamento
842,220714,Adail Filho,MDB,AM,1003,1002,182,100.0,0.5974,0.5971,1.0,0.3127,63.51,Médio engajamento
843,220715,Amom Mandel,REPUBLICANOS,AM,737,736,138,100.0,0.439,0.4386,1.0,0.2371,52.08,Médio engajamento
844,221147,Marcia Scherer,MDB,RS,0,0,0,,0.0,0.0,0.0,0.0,0.0,Baixo engajamento
845,221148,Alfredinho,PT,SP,1039,1038,134,99.71,0.6188,0.6186,0.9971,0.2302,63.61,Médio engajamento
846,221149,Elói Pietá,PT,SP,0,0,0,,0.0,0.0,0.0,0.0,0.0,Baixo engajamento
847,221157,Rui Godinho,UNIÃO,SC,0,0,0,,0.0,0.0,0.0,0.0,0.0,Baixo engajamento
848,221183,Márcio Dória,PCDOB,SE,0,0,0,,0.0,0.0,0.0,0.0,0.0,Baixo engajamento
849,221328,Adilson Barroso,PL,SP,917,916,101,91.59,0.5462,0.5459,0.9159,0.1735,56.41,Médio engajamento
850,221329,Ricardo Abrão,PSDB,RJ,453,452,57,100.0,0.2698,0.2694,1.0,0.0979,38.99,Baixo engajamento
851,221338,Professora Luciene Cavalcante,PSOL,SP,1004,1004,131,99.7,0.598,0.5983,0.997,0.2251,62.2,Médio engajamento
852,221339,Dr. Benjamim,UNIÃO,MA,451,451,66,100.0,0.2686,0.2688,1.0,0.1134,39.17,Baixo engajamento
853,221378,Reginete Bispo,PT,RS,491,491,83,100.0,0.2924,0.2926,1.0,0.1426,41.15,Médio engajamento
854,222142,Coronel Telhada,PP,SP,377,377,174,100.0,0.2245,0.2247,1.0,0.299,39.08,Baixo engajamento
855,222429,Luis Carlos Gomes,REPUBLICANOS,RJ,908,907,70,99.89,0.5408,0.5405,0.9989,0.1203,56.93,Médio engajamento
856,222565,Soldado Noelio,UNIÃO,CE,40,40,3,100.0,0.0238,0.0238,1.0,0.0052,21.63,Baixo engajamento
857,223128,Rodrigo Estacho,PSD,PR,876,875,109,100.0,0.5217,0.5215,1.0,0.1873,56.71,Médio engajamento
858,223398,Ulisses Guimarães,MDB,MG,78,78,4,100.0,0.0465,0.0465,1.0,0.0069,23.13,Baixo engajamento
859,224117,Gabriel Mota,UNIÃO,RR,1003,1002,51,100.0,0.5974,0.5971,1.0,0.0876,60.14,Médio engajamento
860,224333,Welter,PT,PR,933,932,97,99.79,0.5557,0.5554,0.9979,0.1667,58.57,Médio engajamento
861,225386,Renan Ferreirinha,PSD,RJ,79,79,0,100.0,0.0471,0.0471,1.0,0.0,23.06,Baixo engajamento
862,225727,Flavinha,MDB,MT,117,117,6,100.0,0.0697,0.0697,1.0,0.0103,24.69,Baixo engajamento
863,225730,Enfermeira Ana Paula,PODE,CE,322,321,25,98.75,0.1918,0.1913,0.9875,0.043,32.85,Baixo engajamento
864,225846,Itamar Paim,PL,PR,0,0,0,,0.0,0.0,0.0,0.0,0.0,Baixo engajamento
865,226075,Priscila Costa,PL,CE,141,141,5,85.11,0.084,0.084,0.8511,0.0086,22.61,Baixo engajamento
866,226179,Gisela Simona,UNIÃO,MT,1147,1146,27,99.83,0.6831,0.683,0.9983,0.0464,65.06,Médio engajamento
867,226410,Márcio Correa,MDB,GO,111,111,2,98.2,0.0661,0.0662,0.982,0.0034,23.99,Baixo engajamento
868,226553,Eliane Braz,PSD,CE,87,87,0,100.0,0.0518,0.0518,1.0,0.0,23.37,Baixo engajamento
869,226708,Allan Garcês,PP,MA,758,757,21,100.0,0.4515,0.4511,1.0,0.0361,49.88,Médio engajamento
870,226837,Saulo Pedroso,PSD,SP,674,673,17,100.0,0.4014,0.4011,1.0,0.0292,46.52,Médio engajamento
871,227275,Mariana Carvalho,REPUBLICANOS,MA,87,87,0,100.0,0.0518,0.0518,1.0,0.0,23.37,Baixo engajamento
872,227310,Silvio Antonio,PL,MA,184,184,0,84.78,0.1096,0.1097,0.8478,0.0,24.08,Baixo engajamento
873,227323,Luciano Galego,PL,MA,85,85,2,75.29,0.0506,0.0507,0.7529,0.0034,18.4,Baixo engajamento
874,227324,Henrique Júnior,PL,MA,92,92,1,95.65,0.0548,0.0548,0.9565,0.0017,22.72,Baixo engajamento
875,227370,Felipe Saliba,PRD,MG,95,95,1,100.0,0.0566,0.0566,1.0,0.0017,23.7,Baixo engajamento
876,227401,Dr Fabio Rueda,UNIÃO,AC,83,83,1,100.0,0.0494,0.0495,1.0,0.0017,23.24,Baixo engajamento
877,227433,Douglas Viegas,UNIÃO,SP,649,648,22,100.0,0.3865,0.3862,1.0,0.0378,45.68,Médio engajamento
878,227660,Nitinho,PSD,SE,335,335,4,100.0,0.1995,0.1996,1.0,0.0069,33.07,Baixo engajamento
879,227800,Duarte Gonçalves Jr,REPUBLICANOS,MG,71,71,5,100.0,0.0423,0.0423,1.0,0.0086,22.88,Baixo engajamento
880,227991,Dr Flávio,PL,RJ,164,164,2,100.0,0.0977,0.0977,1.0,0.0034,26.4,Baixo engajamento
881,228042,Naumi Amorim,PSD,CE,26,26,0,100.0,0.0155,0.0155,1.0,0.0,21.01,Baixo engajamento
882,228272,Délio Pinheiro,PDT,MG,57,57,1,100.0,0.0339,0.034,1.0,0.0017,22.23,Baixo engajamento
883,228616,Dr. Remy Soares,PP,MA,67,67,1,100.0,0.0399,0.0399,1.0,0.0017,22.62,Baixo engajamento
884,228797,Júlio Oliveira,PP,TO,87,87,7,100.0,0.0518,0.0518,1.0,0.012,23.55,Baixo engajamento
885,228837,Juliana Kolankiewicz,MDB,MT,90,90,1,100.0,0.0536,0.0536,1.0,0.0017,23.51,Baixo engajamento
886,228941,Daniel José,PODE,SP,70,70,0,98.57,0.0417,0.0417,0.9857,0.0,22.42,Baixo engajamento
887,229069,Capitão Samuel,PP,SE,58,58,2,82.76,0.0345,0.0346,0.8276,0.0034,18.85,Baixo engajamento
888,229082,Lucyana Genésio,PDT,MA,57,57,6,100.0,0.0339,0.034,1.0,0.0103,22.36,Baixo engajamento
889,229106,Carla Ayres,PT,SC,76,76,0,100.0,0.0453,0.0453,1.0,0.0,22.94,Baixo engajamento
890,229112,Pedro Jr,PL,TO,82,82,1,73.17,0.0488,0.0489,0.7317,0.0017,17.83,Baixo engajamento
891,229225,Missionária Michele Collins,PP,PE,72,72,4,100.0,0.0429,0.0429,1.0,0.0069,22.89,Baixo engajamento
892,229259,Pedro Tourinho,PT,SP,81,81,0,100.0,0.0482,0.0483,1.0,0.0,23.14,Baixo engajamento
893,229333,Gláucia Santiago,PL,MG,88,88,0,77.27,0.0524,0.0524,0.7727,0.0,18.86,Baixo engajamento
894,229432,Luiz Fernando Vampiro,MDB,SC,417,416,12,99.76,0.2484,0.2479,0.9976,0.0206,36.39,Baixo engajamento
895,229585,Elisangela Araujo,PT,BA,103,103,0,100.0,0.0613,0.0614,1.0,0.0,23.99,Baixo engajamento
896,229939,Newton Bonin,UNIÃO,PR,128,128,1,100.0,0.0762,0.0763,1.0,0.0017,24.98,Baixo engajamento
897,230088,Dra. Mayra Pinheiro,PL,CE,83,83,0,96.39,0.0494,0.0495,0.9639,0.0,22.49,Baixo engajamento
898,230177,Tadeu Oliveira,PL,CE,83,83,2,97.59,0.0494,0.0495,0.9759,0.0034,22.78,Baixo engajamento
899,230762,Pastor Claudio Mariano,UNIÃO,PA,277,277,2,100.0,0.165,0.1651,1.0,0.0034,30.78,Baixo engajamento
900,230764,Ivan Junior,UNIÃO,MA,26,26,0,100.0,0.0155,0.0155,1.0,0.0,21.01,Baixo engajamento
901,230765,Enfermeira Rejane,PCDOB,RJ,440,439,11,100.0,0.2621,0.2616,1.0,0.0189,37.31,Baixo engajamento
902,230767,Rodrigo Da Zaeli,PL,MT,474,473,12,98.31,0.2823,0.2819,0.9831,0.0206,38.31,Baixo engajamento
903,230768,Zé Adriano,PP,AC,461,460,7,100.0,0.2746,0.2741,1.0,0.012,38.01,Baixo engajamento
904,230957,João Cury,MDB,SP,360,359,4,100.0,0.2144,0.2139,1.0,0.0069,34.02,Baixo engajamento
905,231911,Lenir De Assis,PT,PR,418,417,2,99.28,0.249,0.2485,0.9928,0.0034,36.08,Baixo engajamento
906,233218,Nelinho Freitas,MDB,CE,102,102,1,100.0,0.0608,0.0608,1.0,0.0017,23.98,Baixo engajamento
907,233592,Paulo Lemos,PT,AP,155,154,2,100.0,0.0923,0.0918,1.0,0.0034,26.04,Baixo engajamento
908,233594,Rafael Fera,PODE,RO,240,239,7,100.0,0.1429,0.1424,1.0,0.012,29.45,Baixo engajamento
909,233598,Samuel Santos,PODE,GO,173,172,1,100.0,0.103,0.1025,1.0,0.0017,26.71,Baixo engajamento
910,234253,Lucas Abrahao,REDE,AP,87,87,1,96.55,0.0518,0.0518,0.9655,0.0017,22.7,Baixo engajamento
911,234310,Ricardo Galvão,REDE,SP,148,148,0,93.92,0.0881,0.0882,0.9392,0.0,24.51,Baixo engajamento
912,234388,Fabiano Cazeca,PRD,MG,66,66,0,100.0,0.0393,0.0393,1.0,0.0,22.55,Baixo engajamento
913,234406,Elmano Férrer,PP,PI,79,79,1,100.0,0.0471,0.0471,1.0,0.0017,23.09,Baixo engajamento
914,234673,Vanderlan Alves,SOLIDARIEDADE,CE,118,118,1,100.0,0.0703,0.0703,1.0,0.0017,24.6,Baixo engajamento
915,234788,Heloísa Helena,REDE,RJ,77,77,1,98.7,0.0459,0.0459,0.987,0.0017,22.75,Baixo engajamento
916,234840,Cristiano Furlan,REDE,AP,22,22,0,100.0,0.0131,0.0131,1.0,0.0,20.85,Baixo engajamento
917,235088,Ribeiro Neto,SOLIDARIEDADE,MA,78,78,0,94.87,0.0465,0.0465,0.9487,0.0,22.0,Baixo engajamento
918,235620,Ilacir Bicalho,REPUBLICANOS,MG,18,18,0,100.0,0.0107,0.0107,1.0,0.0,20.7,Baixo engajamento
919,235712,Vavá,AVANTE,MG,18,18,0,100.0,0.0107,0.0107,1.0,0.0,20.7,Baixo engajamento
920,235776,Sérgio Turra,PP,RS,19,19,2,100.0,0.0113,0.0113,1.0,0.0034,20.79,Baixo engajamento
921,235800,Jorge Araújo,PP,BA,11,11,0,100.0,0.0066,0.0066,1.0,0.0,20.43,Baixo engajamento
922,235869,João Carlos,REPUBLICANOS,AM,12,12,0,100.0,0.0071,0.0072,1.0,0.0,20.46,Baixo engajamento
