id_deputado,dept_tx_nome_parlamentar,part_sg_partido,uf_sg_uf,qt_documentos,qt_documentos_comprovados,qt_glosas,qt_restituicoes,pc_documentacao
178993,Carlos Henrique Gaguim,UNIÃO,TO,1809,1575,86,0,87.06
74075,Elcione Barbalho,MDB,PA,1226,578,87,0,47.15
160669,Genecias Noronha,PL,CE,137,41,0,0,29.93
139285,Lídice Da Mata,PSB,BA,3615,3062,115,0,84.7
204495,Airton Faleiro,PT,PA,1092,402,60,0,36.81
178939,Clarissa Garotinho,UNIÃO,RJ,300,84,16,0,28.0
204361,Carlos Chiodini,MDB,SC,1930,1440,79,0,74.61
204572,Capitão Alberto Neto,PL,AM,928,427,6,0,46.01
204374,Bia Kicis,PL,DF,1323,1297,12,0,98.03
221338,Professora Luciene Cavalcante,PSOL,SP,1198,951,28,0,79.38
221329,Ricardo Abrão,PSDB,RJ,276,235,3,0,85.14
204485,Luiz Carlos Motta,PL,SP,960,810,3,0,84.38
157130,Túlio Gadêlha,PSD,PE,2163,1666,136,0,77.02
178876,Célio Silveira,MDB,GO,993,946,10,0,95.27
204458,Major Fabiana,PL,RJ,360,255,17,0,70.83
220566,Lêda Borges,REPUBLICANOS,GO,855,822,27,0,96.14
224117,Gabriel Mota,UNIÃO,RR,195,155,2,0,79.49
160599,Dimas Fabiano,PP,MG,5185,4984,128,0,96.12
204358,Beto Pereira,REPUBLICANOS,MS,970,628,92,0,64.74
62881,Danilo Forte,PP,CE,1967,1538,151,0,78.19
213762,Carla Dickson,PL,RN,671,550,4,0,81.97
178843,Marx Beltrão,UNIÃO,AL,859,435,25,0,50.64
220577,Augusto Puppio,MDB,AP,655,365,14,0,55.73
220537,Helena Lima,PSD,RR,1138,855,99,0,75.13
220689,Detinha,PL,MA,408,159,0,0,38.97
220673,Delegado Caveira,PL,PA,556,495,1,0,89.03
220699,Castro Neto,MDB,PI,1248,952,15,0,76.28
204516,Alexis Fonteyne,NOVO,SP,268,218,4,0,81.34
204413,Alcides Rodrigues,PATRIOTA,GO,316,307,17,0,97.15
204457,Juninho Do Pneu,PSDB,RJ,1404,1050,74,11,74.79
160552,Danrlei De Deus Hinterholz,PSD,RS,1224,987,30,0,80.64
220558,Zé Trovão,PL,SC,1655,1364,73,0,82.42
160161,Marcelo Queiroz,PSDB,RJ,614,404,10,0,65.8
204465,Haroldo Cathedral,PSD,RR,157,108,3,0,68.79
178857,Jorge Solla,PT,BA,5487,4973,172,0,90.63
204558,Marcelo Nilo,REPUBLICANOS,BA,550,469,61,0,85.27
220629,Dandara,PT,MG,758,529,32,0,69.79
220626,Rafael Simoes,UNIÃO,MG,1074,895,59,0,83.33
229106,Carla Ayres,PT,SC,352,325,19,0,92.33
178981,Herculano Passos,REPUBLICANOS,SP,443,323,48,0,72.91
209189,Joseildo Ramos,PT,BA,2068,1746,94,0,84.43
204548,Heitor Freire,UNIÃO,CE,239,152,10,0,63.6
204403,Marlon Santos,PL,RS,308,251,4,0,81.49
204365,Gilson Marques,NOVO,SC,840,626,22,0,74.52
93083,Cacá Leão,PP,BA,364,230,58,0,63.19
178989,Renata Abreu,PODE,SP,901,553,29,0,61.38
73466,Rubens Bueno,CIDADANIA,PR,506,285,14,0,56.32
204408,Gustinho Ribeiro,PP,SE,460,91,1,0,19.78
108338,Jaqueline Cassol,PP,RO,423,333,15,0,78.72
154919,Eleuses Paiva,PSD,SP,167,118,1,0,70.66
204428,Marília Arraes,SOLIDARIEDADE,PE,353,206,34,0,58.36
74366,João Campos,REPUBLICANOS,GO,126,107,20,0,84.92
227991,Dr Flávio,PL,RJ,138,123,1,0,89.13
204521,Abou Anni,UNIÃO,SP,750,718,32,0,95.73
178910,Joaquim Passarinho,PL,PA,1468,841,40,0,57.29
204557,Sidney Leite,PSD,AM,1081,609,1,0,56.34
107970,Ana Paula Leão,PP,MG,1907,1757,109,1,92.13
141515,Otavio Leite,PSDB,RJ,93,74,13,0,79.57
220581,Luciano Amaral,PSD,AL,958,750,70,13,78.29
74428,Mendonça Filho,PL,PE,934,678,21,0,72.59
205550,Jorge Braz,REPUBLICANOS,RJ,1158,897,25,0,77.46
204379,Acácio Favacho,MDB,AP,1132,807,6,0,71.29
220593,Abilio Brunini,PL,MT,1026,898,27,4,87.52
220663,Eriberto Medeiros,PSB,PE,896,671,101,0,74.89
160629,Romero Rodrigues,PODE,PB,460,302,33,0,65.65
74784,Luiza Erundina,PSOL,SP,1794,1038,91,0,57.86
160588,Diego Andrade,PSD,MG,1421,835,132,0,58.76
191923,Flávio Nogueira,PT,PI,1024,701,39,0,68.46
225730,Enfermeira Ana Paula,PODE,CE,471,420,16,0,89.17
204482,Euclydes Pettersen,REPUBLICANOS,MG,398,198,27,0,49.75
220554,Alexandre Lindenmeyer,PT,RS,6260,5936,182,0,94.82
220683,Beto Richa,PSDB,PR,1893,1574,81,1,83.15
74254,Leonardo Picciani,MDB,RJ,55,36,0,0,65.45
204422,Ossesio Silva,REPUBLICANOS,PE,1326,1109,74,0,83.63
160604,Pedro Uczai,PT,SC,3805,3238,303,0,85.1
179000,Marcelo Álvaro Antônio,PL,MG,1931,1433,78,0,74.21
171617,Paulão,PT,AL,1288,972,141,0,75.47
220526,Gilvan Da Federal,PL,ES,1410,1190,23,1,84.4
220527,Jack Rocha,PT,ES,1199,1009,52,0,84.15
220703,Neto Carletto,AVANTE,BA,549,422,8,0,76.87
226708,Allan Garcês,PP,MA,752,599,25,0,79.65
204418,Luizão Goulart,SOLIDARIEDADE,PR,641,520,39,0,81.12
76874,Marcelo Freixo,PSB,RJ,279,154,7,0,55.2
178895,Misael Varella,PSD,MG,695,538,56,0,77.41
178987,Orlando Silva,PCDOB,SP,808,420,77,0,51.98
204396,Vermelho,PL,PR,1540,1067,104,0,69.29
220583,Delegado Fabio Costa,PP,AL,740,632,9,0,85.41
98148,Cobalchini,MDB,SC,2229,1852,195,0,83.09
100689,Hildo Do Candango,REPUBLICANOS,GO,23,22,0,0,95.65
228042,Naumi Amorim,PSD,CE,15,7,0,0,46.67
229432,Luiz Fernando Vampiro,MDB,SC,829,773,79,0,93.24
220008,Eliza Virgínia,PP,PB,286,235,20,0,82.17
229585,Elisangela Araujo,PT,BA,255,226,8,0,88.63
220636,Luiz Marinho,PT,SP,1,0,0,0,0.0
141533,Rodrigo Rollemberg,PSB,DF,208,207,8,0,99.52
233592,Paulo Lemos,PT,AP,84,70,5,0,83.33
221149,Elói Pietá,PT,SP,88,85,0,0,96.59
211498,Renato Santana,PSD,DF,1,0,0,0,0.0
216198,Norma Pereira,PSDB,SC,24,20,1,0,83.33
151965,Maia Filho,PP,PI,21,15,1,0,71.43
204529,Policial Katia Sastre,PL,SP,853,699,37,0,81.95
204363,Osires Damaso,PSC,TO,197,155,5,0,78.68
178929,Diego Garcia,UNIÃO,PR,4823,4387,242,4,90.96
178861,Ronaldo Carletto,PP,BA,179,104,2,0,58.1
160640,Eros Biondini,PL,MG,1762,1225,62,0,69.52
220628,Mauricio Do Vôlei,PL,MG,1136,1043,3,0,91.81
220533,Prof. Reginaldo Veras,PV,DF,806,801,126,0,99.38
220545,Filipe Martins,PL,TO,927,853,24,0,92.02
221148,Alfredinho,PT,SP,769,597,35,0,77.63
204523,Lucas Gonzalez,NOVO,MG,254,174,6,0,68.5
74471,André De Paula,PSD,PE,588,459,115,0,78.06
81297,Dra. Soraya Manato,PTB,ES,190,68,17,0,35.79
220670,Iza Arruda,MDB,PE,816,545,11,0,66.79
178966,Geovania De Sá,REPUBLICANOS,SC,2224,2000,242,1,89.93
160511,Alessandro Molon,PSB,RJ,712,492,5,0,69.1
178860,Paulo Azi,UNIÃO,BA,904,685,20,0,75.77
160610,Valmir Assunção,PT,BA,1535,978,121,0,63.71
204513,Guiga Peixoto,PSC,SP,1174,1112,38,0,94.72
160535,Marcon,PT,RS,4212,3772,116,1,89.55
89536,Prof. Paulo Fernando,REPUBLICANOS,DF,103,97,7,0,94.17
204364,Eli Borges,REPUBLICANOS,TO,1927,1913,116,0,99.27
141421,Eduardo Da Fonte,PP,PE,2167,1651,45,0,76.19
74160,Patrus Ananias,PT,MG,5095,4861,148,0,95.41
179001,Márcio Biolchi,MDB,RS,3395,2900,175,0,85.42
204383,Professor Israel Batista,PSB,DF,192,165,2,0,85.94
220529,Gilson Daniel,PODE,ES,1193,1029,65,0,86.25
220630,Pedro Aihara,PP,MG,2290,2067,147,11,90.26
204423,André Ferreira,PL,PE,2109,1731,185,1,82.08
73692,Osmar Terra,PL,RS,2906,2497,254,1,85.93
160976,Tiririca,PSD,SP,742,203,35,0,27.36
160589,Bruna Furlan,PSDB,SP,107,72,3,0,67.29
141431,Fernando Coelho Filho,UNIÃO,PE,1289,747,36,0,57.95
204525,Rosana Valle,PL,SP,2163,1874,56,0,86.64
204405,Liziane Bayer,REPUBLICANOS,RS,498,407,38,0,81.73
204466,Tereza Nelma,PSD,AL,438,304,23,0,69.41
74253,Julio Lopes,PP,RJ,750,525,26,1,70.0
107283,Gleisi Hoffmann,PT,PR,1628,1527,49,0,93.8
178924,Capitão Fábio Abreu,PSD,PI,182,103,21,0,56.59
74161,Reginaldo Lopes,PT,MG,1762,804,124,0,45.63
178839,Jéssica Sales,MDB,AC,118,66,0,0,55.93
220585,Mersinho Lucena,PSD,PB,835,658,9,0,78.8
220601,Washington Quaquá,PT,RJ,454,270,6,0,59.47
141464,José Airton Félix Cirilo,PT,CE,739,332,18,0,44.93
74044,Wilson Santiago,REPUBLICANOS,PB,1616,1547,73,3,95.73
160510,Luis Tibé,AVANTE,MG,1377,748,129,0,54.32
226179,Gisela Simona,UNIÃO,MT,930,837,43,0,90.0
204473,General Girão,PL,RN,2609,2322,191,0,89.0
204400,Aline Sleutjes,PROS,PR,504,379,12,0,75.2
121948,Adriano Do Baldy,PP,GO,2030,1806,107,9,88.97
74273,Jefferson Campos,PL,SP,1332,765,67,2,57.43
220555,Daiana Santos,PCDOB,RS,1175,985,57,0,83.83
171139,Loreny,SOLIDARIEDADE,SP,133,95,3,0,71.43
141458,João Carlos Bacelar,PL,BA,1408,783,86,2,55.61
178969,Fábio Mitidieri,PSD,SE,220,145,2,0,65.91
160639,Professora Dorinha Seabra Rezende,UNIÃO,TO,297,146,24,1,49.16
204550,Júnior Mano,PSB,CE,614,273,26,0,44.46
214694,Jorge Goetten,REPUBLICANOS,SC,1276,995,17,0,77.98
220607,Max Lemos,PDT,RJ,695,549,1,0,78.99
220540,Duda Ramos,PODE,RR,589,383,8,0,65.03
74095,Pauderney Avelino,UNIÃO,AM,439,309,16,0,70.39
204409,Daniel Trzeciak,PSDB,RS,2309,1979,143,1,85.71
220586,Rafael Brito,MDB,AL,1149,832,31,0,72.41
220605,Bandeira De Mello,PV,RJ,2299,1988,264,2,86.47
162067,Kiko Celeguim,PT,SP,980,690,13,0,70.41
160598,Flávia Morais,MDB,GO,703,620,113,0,88.19
204484,General Peternelli,UNIÃO,SP,552,390,48,0,70.65
204375,Leda Sadala,PP,AP,425,245,12,0,57.65
164359,Delegado Waldir,UNIÃO,GO,169,168,3,0,99.41
220690,Capitão Alden,PL,BA,716,475,5,0,66.34
141531,Rodrigo De Castro,UNIÃO,MG,2203,1746,134,0,79.26
220671,Dilvanda Faro,PT,PA,386,186,1,0,48.19
220613,Roberto Monteiro Pai,PL,RJ,2022,1774,229,0,87.73
220660,Yury Do Paredão,MDB,CE,321,202,2,0,62.93
204411,Filipe Barros,PL,PR,1978,1421,88,2,71.84
220655,Mario Frias,PL,SP,997,823,7,0,82.55
204382,Loester Trutis,PL,MS,238,194,9,0,81.51
204373,Hélio Costa,PSD,SC,553,452,12,0,81.74
214477,Rrenato Queiroz,PSD,RR,70,42,0,0,60.0
204381,Luis Miranda,REPUBLICANOS,DF,202,82,0,0,40.59
74317,Júlio Cesar,PSD,PI,666,287,107,0,43.09
204412,Dr. Zacharias Calil,MDB,GO,2014,1945,57,1,96.57
204576,João Roma,PL,BA,278,147,2,0,52.88
178920,Ricardo Teobaldo,PODE,PE,174,107,5,0,61.49
178990,Samuel Moreira,PSDB,SP,400,290,25,0,72.5
74283,Vicentinho,PT,SP,1793,1328,129,0,74.07
74158,Mário Heringer,PDT,MG,612,152,0,0,24.84
220616,Luciano Vieira,PSDB,RJ,884,555,10,0,62.78
204502,Bozzella,UNIÃO,SP,286,151,34,0,52.8
204414,Aroldo Martins,REPUBLICANOS,PR,478,401,14,0,83.89
160655,Ricardo Izar,REPUBLICANOS,SP,220,115,5,0,52.27
74041,Luiz Couto,PT,PB,1284,961,27,0,74.84
178862,Tia Eron,REPUBLICANOS,BA,33,18,1,0,54.55
230957,João Cury,MDB,SP,709,654,39,0,92.24
141428,Fábio Faria,PP,RN,3,0,0,0,0.0
167614,Severino Ninho,PSB,PE,48,35,2,0,72.92
219920,Fabio Barros,PSB,PE,57,56,18,0,98.25
129618,Gorete Pereira,MDB,CE,25,25,0,0,100.0
168175,Simplício Araújo,SOLIDARIEDADE,MA,17,2,0,0,11.76
178916,Daniel Coelho,CIDADANIA,PE,420,289,44,0,68.81
74439,Wolney Queiroz,PDT,PE,179,75,8,0,41.9
92172,Milton Coelho,PSB,PE,417,332,12,0,79.62
204554,Abílio Santana,PSC,BA,201,150,2,0,74.63
135054,Cristiano Vale,PP,PA,256,126,29,0,49.22
74156,Leonardo Monteiro,PT,MG,1182,653,176,0,55.25
220666,Coronel Meira,PL,PE,1495,1247,60,3,83.41
204370,Célio Moura,PT,TO,673,602,61,0,89.45
204380,Celina Leão,PP,DF,61,59,0,0,96.72
178925,Rejane Dias,PT,PI,218,135,11,0,61.93
103758,Luciano Azevedo,PSD,RS,860,694,3,0,80.7
220573,Dorinaldo Malafaia,PDT,AP,681,445,5,0,65.35
218879,Nelho Bezerra,UNIÃO,CE,189,147,5,0,77.78
178884,Hildo Rocha,MDB,MA,792,622,7,0,78.54
204386,Jose Mario Schreiner,MDB,GO,152,151,9,0,99.34
220604,Marcos Tavares,PDT,RJ,795,431,31,0,54.21
227323,Luciano Galego,PL,MA,23,19,1,0,82.61
218245,Jorielson,PL,AP,42,23,0,0,54.76
204474,Juarez Costa,REPUBLICANOS,MT,1144,928,59,0,81.12
178956,Mariana Carvalho,REPUBLICANOS,RO,161,66,1,0,40.99
160635,Ruy Carneiro,PODE,PB,1181,1040,52,0,88.06
73463,Osmar Serraglio,PP,PR,570,462,52,1,81.05
178896,Newton Cardoso Jr,MDB,MG,938,680,12,0,72.49
141516,Paulo Abi-ackel,PSDB,MG,2103,1423,184,0,67.67
204544,Alexandre Frota,PROS,SP,120,81,19,0,67.5
150418,Márcio Marinho,REPUBLICANOS,BA,1036,645,78,0,62.26
209787,Nikolas Ferreira,PL,MG,971,789,48,2,81.26
204551,Bosco Saraiva,SOLIDARIEDADE,AM,220,148,11,0,67.27
220706,Padovani,PP,PR,1650,1388,102,0,84.12
222429,Luis Carlos Gomes,REPUBLICANOS,RJ,715,538,13,0,75.24
143942,Caio Vianna,PSD,RJ,517,332,43,0,64.22
204534,Tabata Amaral,PSB,SP,2553,2160,62,1,84.61
204492,Paulo Guedes,PT,MG,1268,962,20,1,75.87
109429,Benes Leocádio,UNIÃO,RN,1977,1630,81,0,82.45
141398,Carlos Zarattini,PT,SP,3495,2870,339,1,82.12
204505,Vavá Martins,REPUBLICANOS,PA,375,221,6,0,58.93
213274,Ricardo Silva,PSD,SP,1527,1327,34,0,86.9
160508,Afonso Florence,PT,BA,586,471,30,0,80.38
178962,Carlos Gomes,REPUBLICANOS,RS,1230,969,120,1,78.78
204421,Edna Henrique,REPUBLICANOS,PB,183,133,0,0,72.68
220575,Sonize Barbosa,PL,AP,253,126,3,0,49.8
74856,Laura Carneiro,PSD,RJ,1906,1554,198,1,81.53
220571,Daniel Agrobom,PSD,GO,554,553,9,0,99.82
227660,Nitinho,PSD,SE,406,172,22,0,42.36
204555,José Ricardo,PT,AM,381,210,17,0,55.12
178922,Tadeu Alencar,PSB,PE,1008,877,38,0,87.0
160545,Alexandre Leite,UNIÃO,SP,966,550,16,2,56.94
178943,Marcos Soares,PSDB,RJ,1897,1194,95,0,62.94
204438,Sergio Toledo,PV,AL,118,77,5,0,65.25
74352,Nilson Pinto,PSDB,PA,316,180,16,0,56.96
141405,Celso Maldaner,MDB,SC,666,497,16,0,74.62
204395,Pedro Lupion,REPUBLICANOS,PR,1093,605,22,0,55.35
74646,Aécio Neves,PSDB,MG,1453,958,29,0,65.93
141555,Vinicius Carvalho,PL,SP,2180,1650,92,0,75.69
220559,Julia Zanatta,PL,SC,1759,1437,114,1,81.69
228837,Juliana Kolankiewicz,MDB,MT,76,75,0,0,98.68
,,,,3580,3554,133,0,99.27
178889,Zé Carlos,PT,MA,738,610,41,0,82.66
204564,Igor Kannário,UNIÃO,BA,166,84,10,0,50.6
210989,Bruno Farias,REPUBLICANOS,MG,1911,1641,127,0,85.87
220708,Gabriel Nunes,PSD,BA,1844,1564,99,0,84.82
160758,Domingos Sávio,PL,MG,2394,1997,273,0,83.42
204368,Fabio Schiochet,UNIÃO,SC,2217,1800,32,0,81.19
204562,Edilázio Júnior,PSD,MA,211,91,8,0,43.13
204570,Pastor Gil,PL,MA,779,592,18,0,75.99
220656,Fernanda Pessoa,PSD,CE,2059,1790,118,0,86.94
220560,Thiago De Joaldo,REPUBLICANOS,SE,931,774,24,0,83.14
204520,Junio Amaral,PL,MG,2186,1685,90,7,77.08
74052,Bosco Costa,PL,SE,311,206,49,0,66.24
229112,Pedro Jr,PL,TO,76,68,4,0,89.47
141422,Efraim Filho,UNIÃO,PB,216,127,4,0,58.8
160665,Augusto Coutinho,REPUBLICANOS,PE,2111,1739,95,0,82.38
204515,André Janones,REDE,MG,1300,1209,143,0,93.0
221328,Adilson Barroso,PL,SP,1570,1372,63,0,87.39
220653,Fábio Teruel,MDB,SP,1456,876,55,0,60.16
220662,Lucas Ramos,PSB,PE,568,184,16,0,32.39
73579,Alberto Fraga,PL,DF,200,146,3,3,73.0
220576,Alfredo Gaspar,PL,AL,723,585,9,0,80.91
204450,Doutor Luizinho,PP,RJ,916,543,22,0,59.28
204499,Cássio Andrade,PSB,PA,357,257,30,0,71.99
204384,Ney Leprevost,UNIÃO,PR,228,168,0,0,73.68
178983,Marcio Alvino,PL,SP,407,78,2,0,19.16
220546,Rodolfo Nogueira,PL,MS,1013,684,67,0,67.52
204563,Josimar Maranhãozinho,PL,MA,549,265,6,0,48.27
220647,Mauricio Neves,PP,SP,513,221,3,0,43.08
226837,Saulo Pedroso,PSD,SP,832,607,48,2,72.96
178882,André Fufuca,PP,MA,445,38,0,0,8.54
66828,Fausto Pinato,UNIÃO,SP,1361,1074,103,0,78.91
204439,Dr. Leonardo,REPUBLICANOS,MT,535,423,23,0,79.07
220648,Marangoni,PODE,SP,1380,963,104,0,69.78
204512,Delegado Marcelo Freitas,UNIÃO,MG,1839,1548,94,0,84.18
178879,Lucas Vergilio,SOLIDARIEDADE,GO,173,172,2,0,99.42
74171,Chico Alencar,PSOL,RJ,1612,1323,113,0,82.07
220622,Nely Aquino,PODE,MG,1115,1004,44,0,90.04
204507,Carla Zambelli,PL,SP,2316,1931,42,0,83.38
146307,Neri Geller,PP,MT,418,292,17,0,69.86
160653,Roberto De Lucena,REPUBLICANOS,SP,524,415,21,2,79.2
204477,Felício Laterça,PP,RJ,827,731,21,0,88.39
204406,Pedro Westphalen,PP,RS,3056,2388,108,0,78.14
178972,Alex Manente,CIDADANIA,SP,830,416,165,0,50.12
171623,Fabio Reis,PSD,SE,838,560,107,0,66.83
178975,Baleia Rossi,MDB,SP,1204,737,117,0,61.21
220531,Gilvan Maximo,REPUBLICANOS,DF,634,630,7,1,99.37
194260,Nivaldo Albuquerque,REPUBLICANOS,AL,135,13,0,0,9.63
204488,Célio Studart,PSD,CE,795,535,29,0,67.3
204542,Denis Bezerra,PSB,CE,242,177,20,0,73.14
132504,Enio Verri,PT,PR,183,87,29,0,47.54
220634,Marcelo Lima,PSB,SP,179,126,7,0,70.39
73806,Roseana Sarney,MDB,MA,251,215,2,0,85.66
153423,Renilce Nicodemos,MDB,PA,387,87,1,0,22.48
206231,Ted Conti,PSB,ES,48,42,4,0,87.5
216544,Paulo Vicente Caleffi,PSD,RS,123,107,0,0,86.99
141401,Carlos Bezerra,MDB,MT,41,9,0,0,21.95
204011,Marcos Pacco,PODE,DF,6,3,0,0,50.0
221183,Márcio Dória,PCDOB,SE,30,17,1,0,56.67
74806,Tadeu Filippelli,MDB,DF,2,1,0,0,50.0
235776,Sérgio Turra,PP,RS,1,1,0,0,100.0
204460,Carlos Jordy,PL,RJ,1692,1386,83,0,81.91
160538,Bohn Gass,PT,RS,4473,3957,224,0,88.46
204352,Camilo Capiberibe,PSB,AP,314,235,24,0,74.84
204426,Carlos Veras,PT,PE,3421,3009,136,0,87.96
160512,Aureo Ribeiro,SOLIDARIEDADE,RJ,868,244,2,0,28.11
204404,Lucas Redecker,PSD,RS,3040,2481,80,0,81.61
141417,Edio Lopes,PL,RR,260,38,1,0,14.62
178871,Evair Vieira De Melo,REPUBLICANOS,ES,1560,1226,79,2,78.59
204472,José Medeiros,PL,MT,3375,3115,260,1,92.3
115200,Raniery Paulino,REPUBLICANOS,PB,47,40,2,0,85.11
227433,Douglas Viegas,UNIÃO,SP,425,236,13,0,55.53
204351,Dr. Luiz Ovando,PP,MS,2539,2395,40,0,94.33
141427,Fábio Ramalho,MDB,MG,401,214,64,0,53.37
73482,Henrique Fontana,PT,RS,883,767,69,0,86.86
162332,Luiz Nishimori,PSD,PR,1188,737,47,0,62.04
178977,Eduardo Cury,PSDB,SP,608,473,38,0,77.8
227310,Silvio Antonio,PL,MA,78,67,27,0,85.9
204490,Charlles Evangelista,PP,MG,542,377,24,0,69.56
73433,Arlindo Chinaglia,PT,SP,1406,963,133,2,68.49
204508,Igor Timo,UNIÃO,MG,2104,1788,201,0,84.98
178963,Covatti Filho,PP,RS,1105,831,114,0,75.2
143632,Domingos Neto,PSD,CE,548,238,62,0,43.43
66179,Norma Ayub,PP,ES,437,362,61,0,82.84
73801,Renildo Calheiros,PCDOB,PE,1411,1143,74,0,81.01
204535,Sâmia Bomfim,PSOL,SP,841,426,20,0,50.65
204476,Chiquinho Brazão,S.PART.,RJ,325,235,4,0,72.31
220645,Erika Hilton,PSOL,SP,1758,1313,72,0,74.69
220633,Ricardo Salles,NOVO,SP,1116,790,46,1,70.79
220713,Saullo Vianna,MDB,AM,454,199,20,0,43.83
204385,Valdevan Noventa,PL,SE,67,9,0,0,13.43
74043,Wellington Roberto,PSD,PB,880,576,3,0,65.45
220615,Pastor Henrique Vieira,PSOL,RJ,1215,806,82,0,66.34
220646,Felipe Becari,PODE,SP,662,575,29,13,86.86
160591,Vinicius Gurgel,PL,AP,463,194,0,0,41.9
204468,Joenia Wapichana,REDE,RR,317,220,5,0,69.4
204489,Robério Monteiro,PSB,CE,424,277,0,0,65.33
74262,Carlos Sampaio,PSD,SP,1515,429,98,0,28.32
204436,Isnaldo Bulhões Jr.,MDB,AL,1426,835,47,0,58.56
220669,Lula Da Fonte,PP,PE,1831,1408,26,0,76.9
220597,Thiago Flores,UNIÃO,RO,1480,1210,26,0,81.76
220587,Gerlen Diniz,PP,AC,429,279,28,0,65.03
204427,Fernando Rodolfo,PRD,PE,1506,975,19,0,64.74
74079,José Priante,MDB,PA,748,263,111,0,35.16
204452,Márcio Labre,PL,RJ,128,44,0,0,34.38
143084,Tiago Dimas,PODE,TO,699,575,48,0,82.26
204459,Daniela Do Waguinho,REPUBLICANOS,RJ,590,309,3,0,52.37
220649,Delegado Da Cunha,UNIÃO,SP,606,324,18,0,53.47
221378,Reginete Bispo,PT,RS,932,744,36,0,79.83
74696,Alberto Mourão,MDB,SP,217,53,6,0,24.42
160541,Arthur Lira,PP,AL,801,617,5,0,77.03
204553,Pastor Sargento Isidório,AVANTE,BA,494,263,53,0,53.24
74454,Eunício Oliveira,MDB,CE,189,138,14,0,73.02
204362,Ricardo Guidi,PL,SC,2179,1943,89,1,89.17
206018,Célia Xakriabá,PSOL,MG,2679,2393,113,0,89.32
220539,Defensor Stélio Dener,UNIÃO,RR,560,358,16,0,63.93
165470,Rodrigo Valadares,PL,SE,668,387,19,0,57.93
220547,Marcos Pollon,PL,MS,881,687,25,0,77.98
204501,Alencar Santana,PT,SP,1031,709,107,0,68.77
204567,Raimundo Costa,PSD,BA,2678,2473,131,0,92.35
146788,Marcelo Aro,PP,MG,400,304,70,0,76.0
220658,Luiz Gastão,PSD,CE,624,402,65,0,64.42
204372,Julio Cesar Ribeiro,REPUBLICANOS,DF,510,478,4,0,93.73
204394,Gervásio Maia,PCDOB,PB,2282,1854,40,0,81.24
204497,Júnior Ferrari,PSD,PA,907,624,1,0,68.8
74400,Paulo Pimenta,PT,RS,319,223,31,0,69.91
160553,Antonio Brito,PSD,BA,2379,1535,278,0,64.52
66385,Julio Arcoverde,PP,PI,785,519,7,0,66.11
227800,Duarte Gonçalves Jr,REPUBLICANOS,MG,165,106,22,0,64.24
160619,José Nunes,PSD,BA,224,176,20,0,78.57
141439,Chico D'angelo,PDT,RJ,601,473,40,0,78.7
178954,Lucio Mosquini,PL,RO,1483,1088,56,0,73.36
74057,Alice Portugal,PCDOB,BA,1309,788,32,0,60.2
220714,Adail Filho,MDB,AM,690,603,2,0,87.39
204455,Luiz Lima,NOVO,RJ,1521,1099,133,0,72.26
204353,Aline Gurgel,UNIÃO,AP,89,39,1,0,43.82
220552,Zucco,PL,RS,1388,1089,69,5,78.46
88256,Clodoaldo Magalhães,PV,PE,880,735,21,0,83.52
178996,Giovani Feltes,MDB,RS,525,436,22,0,83.05
204522,Marco Bertaiolli,PSD,SP,526,247,39,0,46.96
160674,Hugo Motta,REPUBLICANOS,PB,1552,1226,13,0,78.99
220606,Reimont,PT,RJ,1756,1451,36,0,82.63
220684,Tião Medeiros,PP,PR,1219,890,92,0,73.01
171786,Miguel Ângelo,PT,MG,1718,1591,72,0,92.61
204539,Hercílio Coelho Diniz,MDB,MG,552,541,18,0,98.01
179587,Major Vitor Hugo,PL,GO,495,482,20,0,97.37
178928,Christiane De Souza Yared,PP,PR,317,158,29,1,49.84
160642,Pastor Eurico,PSDB,PE,2030,1593,90,1,78.47
90201,Pedro Augusto Bezerra,PDT,CE,400,238,7,0,59.5
141553,Vanderlei Macris,PSDB,SP,280,200,16,0,71.43
178986,Nilto Tatto,PT,SP,2591,2249,172,1,86.8
160527,Aguinaldo Ribeiro,PP,PB,1808,1258,38,0,69.58
122974,Pedro Lucas Fernandes,UNIÃO,MA,1397,1058,29,0,75.73
178887,Rubens Pereira Júnior,PT,MA,479,216,1,0,45.09
175765,Ribamar Silva,PODE,SP,470,395,32,0,84.04
207176,Bia Cavassa,PSDB,MS,109,80,4,0,73.39
227275,Mariana Carvalho,REPUBLICANOS,MA,98,66,5,0,67.35
230762,Pastor Claudio Mariano,UNIÃO,PA,417,371,15,0,88.97
178984,Miguel Haddad,PSDB,SP,37,25,7,0,67.57
141478,Laerte Bessa,PL,DF,41,39,7,0,95.12
230764,Ivan Junior,UNIÃO,MA,10,3,1,0,30.0
229225,Missionária Michele Collins,PP,PE,96,82,12,0,85.42
212625,Dr. Gonçalo,PODE,MA,3,0,0,0,0.0
230088,Dra. Mayra Pinheiro,PL,CE,100,77,28,0,77.0
229939,Newton Bonin,UNIÃO,PR,91,72,10,0,79.12
214865,Joceval Rodrigues,CIDADANIA,BA,20,8,0,0,40.0
74693,Rodrigo Maia,PSDB,RJ,56,17,4,0,30.36
74065,Fatima Pelaes,REPUBLICANOS,AP,43,43,3,0,100.0
178830,Dr. Sinval Malheiros,PODE,SP,37,28,4,0,75.68
178945,Rosangela Gomes,REPUBLICANOS,RJ,293,165,26,0,56.31
92102,Leur Lomanto Júnior,UNIÃO,BA,864,621,27,1,71.88
204526,Luiz Philippe De Orleans E Bragança,PL,SP,2336,1937,96,0,82.92
204533,Idilvan Alencar,PSB,CE,1533,1063,83,0,69.34
141508,Mauro Nazif,PSB,RO,161,117,1,0,72.67
204546,Joice Hasselmann,PSDB,SP,191,103,16,0,53.93
220657,André Fernandes,PL,CE,538,255,22,0,47.4
178935,Rossoni,PSDB,PR,180,128,15,0,71.11
204378,Coronel Chrisóstomo,PL,RO,1782,1584,92,0,88.89
215042,Ricardo Da Karol,PDT,RJ,204,111,12,0,54.41
73696,Angela Amin,PP,SC,295,193,42,0,65.42
204415,Nereu Crispim,PSD,RS,909,834,101,0,91.75
141408,Cleber Verde,MDB,MA,476,244,4,0,51.26
220550,Mauricio Marcon,PL,RS,1131,777,69,0,68.7
204430,Margarete Coelho,PP,PI,343,214,35,0,62.39
73808,Sérgio Brito,PSD,BA,593,367,12,0,61.89
74374,Geraldo Resende,UNIÃO,MS,569,467,82,0,82.07
220696,Ivoneide Caetano,PT,BA,1021,853,37,0,83.55
73586,Júlio Delgado,PV,MG,834,635,32,0,76.14
215044,Vivi Reis,PSOL,PA,345,227,7,0,65.8
188097,Merlong Solano,PT,PI,2247,1982,169,0,88.21
220702,Geraldo Mendes,UNIÃO,PR,766,519,42,0,67.75
91228,Waldemar Oliveira,AVANTE,PE,1299,976,30,0,75.13
229333,Gláucia Santiago,PL,MG,208,182,6,0,87.5
204437,Severino Pessoa,MDB,AL,114,54,0,0,47.37
166402,Magda Mofatto,PL,GO,931,867,118,1,93.13
74356,Silas Câmara,REPUBLICANOS,AM,444,70,6,0,15.77
133968,Paulo Ramos,PDT,RJ,442,334,34,0,75.57
177282,Subtenente Gonzaga,PSD,MG,1171,1048,34,0,89.5
74141,Josias Gomes,PT,BA,1976,1522,149,0,77.02
136811,Afonso Hamm,PP,RS,3985,3437,208,0,86.25
178953,Expedito Netto,PSD,RO,328,202,15,0,61.59
220659,Dayany Bittencourt,UNIÃO,CE,1653,1298,36,5,78.52
178888,Victor Mendes,MDB,MA,70,61,4,0,87.14
151208,Laercio Oliveira,PP,SE,223,86,5,0,38.57
204442,Gurgel,PL,RJ,335,154,15,0,45.97
220681,Fábio Macedo,PODE,MA,136,64,1,0,47.06
220694,Ricardo Maia,MDB,BA,829,671,17,0,80.94
220639,Guilherme Boulos,PSOL,SP,475,163,7,0,34.32
204464,Talíria Petrone,PSOL,RJ,2002,1532,155,0,76.52
161550,Emidinho Madeira,PL,MG,1968,1808,123,0,91.87
122195,Leonardo Gadelha,PODE,PB,223,185,9,0,82.96
204425,Silvio Costa Filho,REPUBLICANOS,PE,275,112,30,0,40.73
225727,Flavinha,MDB,MT,63,56,2,0,88.89
74419,Gonzaga Patriota,PSB,PE,351,200,25,0,56.98
204387,Sargento Fahur,PL,PR,2885,2184,103,1,75.7
220715,Amom Mandel,REPUBLICANOS,AM,102,0,0,0,0.0
226410,Márcio Correa,MDB,GO,7,6,0,0,85.71
220705,Deltan Dallagnol,PODE,PR,456,368,42,2,80.7
141488,Paulo Teixeira,PT,SP,607,419,42,0,69.03
204527,Geninho Zuliani,UNIÃO,SP,523,90,28,0,17.21
178931,Luciano Ducci,PSB,PR,2418,1915,39,0,79.2
178951,Rafael Motta,PSB,RN,296,171,18,0,57.77
220603,Dani Cunha,PL,RJ,2327,2033,93,14,87.37
68720,Fábio Henrique,UNIÃO,SE,311,193,8,2,62.06
73788,Ricardo Barros,PP,PR,473,193,15,0,40.8
220672,Henderson Pinto,UNIÃO,PA,1013,706,8,0,69.69
160517,Paulo Folletto,PSB,ES,998,723,67,0,72.44
138286,Luciano Alves,PSD,PR,778,590,39,0,75.84
178930,Roman,PP,PR,97,68,11,0,70.1
160621,Sandro Alex,PSD,PR,377,274,15,0,72.68
160645,Luiz Carlos,PSDB,AP,126,40,7,0,31.75
220594,Coronel Assis,PL,MT,1264,1047,46,0,82.83
74554,José Rocha,UNIÃO,BA,1463,1011,88,0,69.1
204369,Caroline De Toni,PL,SC,1109,738,34,0,66.55
74398,Maria Do Rosário,PT,RS,4968,4645,279,0,93.5
196358,Lourival Gomes,PP,RJ,336,252,31,0,75.0
74574,Paulo Magalhães,PSD,BA,1395,908,166,0,65.09
220556,Ana Paula Lima,PT,SC,1483,1256,88,0,84.69
220609,Maurício Carvalho,UNIÃO,RO,1100,745,62,0,67.73
73943,Perpétua Almeida,PCDOB,AC,395,255,43,0,64.56
160592,Zeca Dirceu,PT,PR,2149,1753,194,0,81.57
141335,Beto Faro,PT,PA,146,32,1,0,21.92
205476,Charles Fernandes,PSD,BA,1230,1087,73,0,88.37
220638,Antonio Carlos Rodrigues,PL,SP,732,407,4,0,55.6
74749,Mauro Lopes,PP,MG,268,166,20,0,61.94
178992,Vitor Lippi,PSD,SP,3810,3531,102,0,92.68
204530,Rodrigo Agostinho,PSB,SP,366,303,6,0,82.79
75431,Maurício Dziedricki,PODE,RS,954,836,28,0,87.63
220528,Dr. Victor Linhalis,PODE,ES,691,410,73,1,59.33
226553,Eliane Braz,PSD,CE,54,46,2,0,85.19
160667,Guilherme Mussi,PP,SP,101,9,0,0,8.91
160556,Padre João,PT,MG,2635,2363,185,0,89.68
73460,Gustavo Fruet,PDT,PR,220,152,24,0,69.09
204449,Nelson Barbudo,PODE,MT,733,647,21,0,88.27
98057,Lafayette De Andrada,PL,MG,1758,1440,97,0,81.91
197438,Tito,AVANTE,BA,404,357,8,1,88.37
220624,Robinson Faria,PP,RN,828,556,32,0,67.15
229082,Lucyana Genésio,PDT,MA,161,154,12,0,95.65
204393,Frei Anastacio Ribeiro,PT,PB,406,318,7,0,78.33
204461,Paulo Ganime,NOVO,RJ,156,88,3,0,56.41
154178,Milton Vieira,REPUBLICANOS,SP,586,411,18,0,70.14
178844,Pedro Vilela,PSDB,AL,245,150,0,0,61.22
123086,Átila Lira,PP,PI,680,386,61,2,56.76
220674,Dra. Alessandra Haber,PODE,PA,416,128,0,0,30.77
204451,Delegado Antônio Furtado,UNIÃO,RJ,967,901,16,0,93.17
220592,Zezinho Barbary,PP,AC,714,538,4,0,75.35
220612,Bebeto,PP,RJ,900,681,7,2,75.67
74550,João Leão,PP,BA,1372,1048,137,0,76.38
178905,Fabio Garcia,UNIÃO,MT,119,75,2,0,63.03
74655,Eduardo Barbosa,PSDB,MG,703,553,43,0,78.66
215045,Pedro Augusto Palareti,PP,RJ,334,247,71,0,73.95
204518,Dr. Frederico,PRD,MG,1104,867,31,0,78.53
195866,Vaidon Oliveira,UNIÃO,CE,172,131,7,0,76.16
160548,Jonas Donizette,PSB,SP,2627,2334,50,0,88.85
220582,Daniel Barbosa,PP,AL,770,673,9,0,87.4
204456,Gutemberg Reis,MDB,RJ,2433,1887,114,0,77.56
220691,Diego Coronel,REPUBLICANOS,BA,1447,1111,42,0,76.78
220693,Roberta Roma,PL,BA,1318,1206,39,0,91.5
160558,Paulo Freire Costa,PL,SP,717,194,0,0,27.06
141487,Luiz Fernando Faria,UNIÃO,MG,1014,782,184,0,77.12
123756,Antônia Lúcia,MDB,AC,466,145,2,0,31.12
227324,Henrique Júnior,PL,MA,52,17,2,0,32.69
208297,Katia Dias,REPUBLICANOS,MG,65,21,0,0,32.31
233218,Nelinho Freitas,MDB,CE,19,15,1,0,78.95
105534,Alexandre Figueiredo,PSD,SE,97,81,1,0,83.51
122466,Ronaldo Martins,REPUBLICANOS,CE,41,26,2,0,63.41
133373,Marco Maia,PT,RS,16,4,1,0,25.0
234788,Heloísa Helena,REDE,RJ,13,13,0,0,100.0
77003,Sergio Santos Rodrigues,PODE,MG,71,71,1,0,100.0
221157,Rui Godinho,UNIÃO,SC,32,31,6,0,96.88
180018,Thiago Cartaxo,PODE,RN,64,52,4,0,81.25
178923,Zeca Cavalcanti,PTB,PE,5,2,0,0,40.0
234673,Vanderlan Alves,SOLIDARIEDADE,CE,104,103,4,0,99.04
234310,Ricardo Galvão,REDE,SP,69,69,4,0,100.0
235620,Ilacir Bicalho,REPUBLICANOS,MG,3,3,0,0,100.0
235712,Vavá,AVANTE,MG,2,2,0,0,100.0
234840,Cristiano Furlan,REDE,AP,2,2,0,0,100.0
74478,Luciano Bivar,MDB,PE,717,398,37,0,55.51
178832,Leandre,PSD,PR,719,605,15,0,84.14
220664,Guilherme Uchoa,PSD,PE,905,587,9,0,64.86
73778,Luiz Carlos Hauly,PODE,PR,1100,894,35,3,81.27
204494,Fred Costa,PRD,MG,2172,1761,141,0,81.08
218741,Patrick Dorneles,PSD,PB,33,32,4,0,96.97
141523,Raul Henry,MDB,PE,457,275,14,0,60.18
178937,Altineu Côrtes,PL,RJ,535,128,1,0,23.93
220544,Antonio Andrade,PSDB,TO,832,791,38,0,95.07
224333,Welter,PT,PR,2295,2141,130,0,93.29
80815,Leo Prates,REPUBLICANOS,BA,972,755,27,0,77.67
220635,Bruno Ganem,PODE,SP,597,360,44,0,60.3
204446,Professor Joziel,PATRIOTA,RJ,464,390,74,0,84.05
73701,Benedita Da Silva,PT,RJ,1330,954,109,0,71.73
204573,Otto Alencar Filho,PSD,BA,1533,1256,181,3,81.93
74537,Claudio Cajado,PP,BA,2112,1353,150,0,64.06
204517,Zé Vitor,PL,MG,1592,1447,4,0,90.89
222142,Coronel Telhada,PP,SP,633,547,35,0,86.41
220620,Rosângela Reis,PL,MG,811,614,66,0,75.71
204419,Glaustin Da Fokus,PODE,GO,123,116,8,0,94.31
220542,Alexandre Guimarães,MDB,TO,1158,1084,71,0,93.61
73772,Hermes Parcianello,MDB,PR,302,242,38,0,80.13
160518,Weliton Prado,SOLIDARIEDADE,MG,752,483,11,0,64.23
152610,Roberto Alves,REPUBLICANOS,SP,322,249,41,0,77.33
74848,Jandira Feghali,PCDOB,RJ,1303,857,25,0,65.77
178952,Walter Alves,MDB,RN,198,113,5,0,57.07
220553,Denise Pessôa,PT,RS,5148,4887,234,0,94.93
204479,Nicoletti,PL,RR,1882,1455,8,0,77.31
193726,Paulo Eduardo Martins,PL,PR,180,55,1,0,30.56
220548,Camila Jara,PT,MS,1580,1358,89,0,85.95
228272,Délio Pinheiro,PDT,MG,104,77,13,0,74.04
204491,Gilberto Abramo,REPUBLICANOS,MG,943,703,18,0,74.55
204462,Chris Tonietto,PL,RJ,2709,2051,193,0,75.71
204547,Léo Motta,REPUBLICANOS,MG,450,394,53,1,87.56
178881,Aluisio Mendes,REPUBLICANOS,MA,1695,1299,77,0,76.64
74159,Odair Cunha,PT,MG,3054,2688,56,0,88.02
204389,Elias Vaz,PSB,GO,197,182,3,0,92.39
160575,Erika Kokay,PT,DF,1721,1720,44,0,99.94
220599,Marcelo Crivella,REPUBLICANOS,RJ,1301,1207,248,0,92.77
220572,Marussa Boldrin,REPUBLICANOS,GO,1074,1059,28,0,98.6
141480,Lázaro Botelho,PP,TO,377,196,28,0,51.99
74165,Neucimar Fraga,PP,ES,443,298,41,0,67.27
178933,Sergio Souza,MDB,PR,2838,2277,336,0,80.23
204398,Felipe Francischini,PODE,PR,1627,1281,51,0,78.73
229069,Capitão Samuel,PP,SE,43,31,0,0,72.09
74459,Átila Lira,PP,PI,197,86,15,0,43.65
220557,Daniela Reinehr,PL,SC,2033,1650,118,0,81.16
218086,Ely Santos,REPUBLICANOS,SP,831,616,22,0,74.13
74858,Lindbergh Farias,PT,RJ,841,321,2,0,38.17
74270,Gilberto Nascimento,PODE,SP,682,340,39,0,49.85
74399,Onyx Lorenzoni,PL,RS,226,125,0,0,55.31
160528,Danilo Cabral,PSB,PE,312,213,7,0,68.27
220584,Murilo Galdino,REPUBLICANOS,PB,880,705,15,0,80.11
220565,Delegada Adriana Accorsi,PT,GO,478,465,54,0,97.28
141372,Aelton Freitas,PP,MG,647,625,40,0,96.6
220569,Silvye Alves,UNIÃO,GO,807,798,44,0,98.88
160600,Arthur Oliveira Maia,UNIÃO,BA,1830,1260,49,0,68.85
204528,Adriana Ventura,NOVO,SP,1113,776,63,0,69.72
164360,Carmen Zanotto,CIDADANIA,SC,613,480,29,0,78.3
204566,Marreca Filho,PRD,MA,1062,746,83,1,70.24
204432,Marina Santos,REPUBLICANOS,PI,309,236,4,0,76.38
204441,Otoni De Paula,PSD,RJ,1414,1036,46,0,73.27
74200,Gastão Vieira,PROS,MA,64,47,0,0,73.44
204496,Celso Sabino,PDT,PA,531,341,14,0,64.22
133810,Marcelo Moraes,PL,RS,1597,1137,74,0,71.2
160534,Lauriete,PSC,ES,286,174,72,0,60.84
178866,Luizianne Lins,REDE,CE,1616,1203,298,1,74.44
204391,José Nelto,UNIÃO,GO,918,900,14,0,98.04
220580,Professora Goreth,PDT,AP,604,417,2,0,69.04
220568,Gustavo Gayer,PL,GO,1311,1195,91,0,91.15
220665,Clarissa Tércio,PP,PE,732,534,21,1,72.95
220598,Tarcísio Motta,PSOL,RJ,1915,1483,157,4,77.44
178831,André Abdon,PP,AP,537,393,18,0,73.18
160531,Jhonatan De Jesus,REPUBLICANOS,RR,166,24,0,0,14.46
220704,Carol Dartora,PT,PR,2481,2292,57,1,92.38
220590,Coronel Ulysses,UNIÃO,AC,791,552,15,1,69.79
118594,Marcelo Squassoni,REPUBLICANOS,SP,59,23,1,0,38.98
204416,Sanderson,PL,RS,2523,2027,152,0,80.34
178825,Leo De Brito,PT,AC,593,479,17,0,80.78
204453,Natália Bonavides,PT,RN,4359,3675,199,11,84.31
220688,Dr. Francisco,PT,PI,1171,999,39,0,85.31
160570,Jerônimo Goergen,PP,RS,748,576,36,0,77.01
204565,Professora Dayane Pimentel,UNIÃO,BA,205,130,8,0,63.41
178970,João Daniel,PT,SE,718,471,20,0,65.6
220608,Cristiane Lopes,PODE,RO,2126,1809,37,0,85.09
220625,Delegada Ione,AVANTE,MG,2350,2154,46,0,91.66
220611,General Pazuello,PL,RJ,1373,1102,49,0,80.26
160569,Waldenor Pereira,PT,BA,1431,883,168,0,61.71
81055,Márcio Jerry,PCDOB,MA,2008,1647,79,0,82.02
217480,Jones Moura,PSD,RJ,1513,1349,110,0,89.16
204574,Junior Lourenço,MDB,MA,612,176,38,0,28.76
223128,Rodrigo Estacho,PSD,PR,2625,2338,89,0,89.07
220700,Florentino Neto,PT,PI,484,282,38,0,58.26
220561,Delegada Katarina,PSD,SE,1751,1431,12,1,81.72
220563,Icaro De Valmir,REPUBLICANOS,SE,1018,688,29,0,67.58
223398,Ulisses Guimarães,MDB,MG,92,55,3,0,59.78
228616,Dr. Remy Soares,PP,MA,99,86,2,0,86.87
230768,Zé Adriano,PP,AC,264,214,19,0,81.06
231911,Lenir De Assis,PT,PR,830,796,30,0,95.9
219599,Sargento Alexandre,PODE,SP,163,129,5,0,79.14
213854,Dr. Agripino Magalhães,UNIÃO,CE,110,84,0,0,76.36
219568,Tiago Andrino,PSB,TO,90,58,7,1,64.44
230177,Tadeu Oliveira,PL,CE,64,37,1,0,57.81
233598,Samuel Santos,PODE,GO,44,43,3,0,97.73
235088,Ribeiro Neto,SOLIDARIEDADE,MA,46,46,1,0,100.0
234406,Elmano Férrer,PP,PI,31,31,4,0,100.0
74212,Aníbal Gomes,UNIÃO,CE,2,1,0,0,50.0
204410,Luisa Canziani,UNIÃO,PR,1069,660,71,0,61.74
73604,Rui Falcão,PT,SP,1340,1028,41,0,76.72
178959,Hiran Gonçalves,PP,RR,260,133,24,0,51.15
220536,Zé Haroldo Cathedral,UNIÃO,RR,683,507,41,0,74.23
178908,Delegado Éder Mauro,PL,PA,470,225,0,0,47.87
220641,Rodrigo Gambale,PODE,SP,1097,883,25,0,80.49
220701,Delegado Matheus Laiola,UNIÃO,PR,962,846,58,0,87.94
204388,Bibo Nunes,PL,RS,3484,3182,225,1,91.33
204467,Professora Rosa Neide,PT,MT,585,449,41,0,76.75
178994,Dulce Miranda,MDB,TO,365,285,16,0,78.08
178858,Mário Negromonte Jr.,PSB,BA,876,541,47,0,61.76
160601,Pr. Marco Feliciano,PL,SP,556,155,1,0,27.88
160641,Professora Marcivania,PCDOB,AP,186,119,6,0,63.98
204367,Daniel Freitas,PL,SC,2276,1682,154,0,73.9
204514,Coronel Tadeu,PL,SP,540,439,34,0,81.3
178836,Alan Rick,UNIÃO,AC,214,159,14,0,74.3
220695,Rogéria Santos,REPUBLICANOS,BA,987,646,14,0,65.45
204571,Alex Santana,REPUBLICANOS,BA,972,671,16,0,69.03
74467,Damião Feliciano,UNIÃO,PB,685,356,21,0,51.97
178997,Moses Rodrigues,UNIÃO,CE,617,280,2,0,45.38
122158,Pedro Paulo,PSD,RJ,540,148,54,0,27.41
205865,Reinhold Stephanes,PL,PR,1105,946,131,1,85.61
141470,José Guimarães,PT,CE,2330,1727,163,0,74.12
220549,Any Ortiz,PP,RS,1292,1024,92,0,79.26
220588,Roberto Duarte,REPUBLICANOS,AC,1317,1091,35,0,82.84
141456,Jilmar Tatto,PT,SP,499,420,30,0,84.17
204360,Silvia Cristina,PP,RO,2101,1716,35,1,81.68
220667,Pedro Campos,PSB,PE,1723,1404,94,0,81.49
178873,Helder Salomão,PT,ES,2603,2463,53,1,94.62
115746,Gelson Azevedo,PL,RJ,195,117,0,0,60.0
160559,Alceu Moreira,MDB,RS,3794,3302,264,0,87.03
204509,Áurea Carolina,PSOL,MG,615,415,32,0,67.48
178946,Soraya Santos,PL,RJ,812,158,14,0,19.46
204510,Franco Cartafina,PP,MG,428,397,36,0,92.76
204556,Marcelo Ramos,PSD,AM,295,109,7,0,36.95
74299,Leônidas Cristino,PDT,CE,1772,1528,240,0,86.23
204354,Flávia Arruda,PL,DF,65,59,0,0,90.77
220682,Tadeu Veneri,PT,PR,3233,2916,107,0,90.19
220551,Franciane Bayer,REPUBLICANOS,RS,2560,2376,98,0,92.81
220698,Beto Preto,PSD,PR,400,307,12,0,76.75
220614,Dr. Daniel Soranz,PSD,RJ,254,144,14,0,56.69
198783,Emanuel Pinheiro Neto,PSD,MT,2338,1930,119,0,82.55
204376,Coronel Armando,PP,SC,625,538,28,0,86.08
141552,Valtenir Pereira,MDB,MT,219,172,6,0,78.54
156190,Marcel Van Hattem,NOVO,RS,1942,1468,98,0,75.59
204506,Marcos Pereira,REPUBLICANOS,SP,564,257,5,0,45.57
141513,Bilac Pinto,UNIÃO,MG,46,38,23,0,82.61
220619,Delegado Ramagem,PL,RJ,941,759,29,0,80.66
204545,Alê Silva,REPUBLICANOS,MG,498,446,15,0,89.56
204559,Zé Neto,PT,BA,1385,960,192,0,69.31
204503,Alexandre Padilha,PT,SP,858,764,24,0,89.04
220610,Dr. Fernando Máximo,PL,RO,1179,927,44,0,78.63
220578,Josenildo,PDT,AP,971,778,23,0,80.12
204445,Fernando Mineiro,PT,RN,1277,1158,108,0,90.68
220600,Lebrão,UNIÃO,RO,998,831,32,2,83.27
104552,Socorro Neri,PP,AC,652,515,1,0,78.99
160532,Eli Corrêa Filho,UNIÃO,SP,181,51,1,0,28.18
178854,Elmar Nascimento,UNIÃO,BA,747,330,49,0,44.18
74319,Paes Landim,UNIÃO,PI,70,33,7,0,47.14
204356,Amaro Neto,PP,ES,1051,780,169,0,74.22
178921,Sebastião Oliveira,AVANTE,PE,406,304,27,0,74.88
204355,Da Vitoria,PP,ES,1393,798,289,0,57.29
204390,Professor Alcides,PSDB,GO,259,262,24,4,101.16
178964,Heitor Schuch,PSD,RS,3461,2883,247,0,83.3
204481,Dr. Jaziel,PL,CE,886,437,2,0,49.32
141434,Flaviano Melo,MDB,AC,163,73,12,0,44.79
73768,Dilceu Sperafico,PP,PR,1550,1397,15,0,90.13
220668,Maria Arraes,PSB,PE,1460,1378,75,0,94.38
204359,Léo Moraes,PODE,RO,297,187,15,0,62.96
204537,Enrico Misasi,MDB,SP,335,242,12,0,72.24
204486,Mauro Benevides Filho,UNIÃO,CE,767,337,101,0,43.94
116379,Darci De Matos,PSD,SC,1107,825,60,0,74.53
220591,Meire Serafim,UNIÃO,AC,1718,1556,92,0,90.57
220652,Delegado Palumbo,PODE,SP,1866,1621,285,0,86.87
220651,Simone Marquetto,PP,SP,1555,1352,103,0,86.95
141485,Luiz Carlos Busato,UNIÃO,RS,2237,1907,229,0,85.25
220687,Márcio Honaiser,SOLIDARIEDADE,MA,1044,934,11,1,89.46
161440,Pezenti,MDB,SC,1058,850,51,0,80.34
220589,Eduardo Velloso,SOLIDARIEDADE,AC,1101,941,27,0,85.47
220697,Jadyel Alencar,REPUBLICANOS,PI,692,478,10,0,69.08
204407,Fernanda Melchionna,PSOL,RS,2048,1650,140,0,80.57
92776,Stefano Aguiar,PSD,MG,1728,1430,54,0,82.75
204532,Vinicius Poit,NOVO,SP,198,148,6,0,74.75
204420,Julian Lemos,UNIÃO,PB,375,204,7,0,54.4
204480,Rogério Correia,PT,MG,3055,2726,157,0,89.23
74090,Átila Lins,PSD,AM,559,167,52,0,29.87
204471,Mara Rocha,MDB,AC,256,189,15,0,73.83
178947,Sóstenes Cavalcante,PL,RJ,1634,1118,5,0,68.42
204433,Marcelo Calero,PSD,RJ,565,509,79,0,90.09
133439,André Figueiredo,PDT,CE,1272,740,108,0,58.18
178835,Afonso Motta,PDT,RS,3398,2856,127,1,84.05
204448,Luiz Antonio Corrêa,PP,RJ,752,648,59,0,86.17
204540,Maria Rosas,REPUBLICANOS,SP,1765,1399,84,0,79.26
141450,Hugo Leal,PSD,RJ,1604,1072,175,0,66.83
74371,Rubens Otoni,PT,GO,983,766,163,2,77.92
229259,Pedro Tourinho,PT,SP,51,41,10,0,80.39
178912,Pedro Cunha Lima,PSDB,PB,71,36,1,0,50.7
205535,Patricia Ferraz,PL,AP,84,57,0,0,67.86
234253,Lucas Abrahao,REDE,AP,7,7,0,0,100.0
221147,Marcia Scherer,MDB,RS,42,37,0,0,88.1
160666,Félix Mendonça Júnior,PDT,BA,1346,850,51,0,63.15
204536,Kim Kataguiri,MISSÃO,SP,737,90,17,0,12.21
72442,Felipe Carreras,PSB,PE,1704,963,21,0,56.51
220650,Paulo Alexandre Barbosa,PSDB,SP,584,315,17,0,53.94
226075,Priscila Costa,PL,CE,37,31,5,0,83.78
225386,Renan Ferreirinha,PSD,RJ,54,41,8,0,75.93
204561,Bira Do Pindaré,PSB,MA,441,356,8,0,80.73
74585,Lincoln Portela,PL,MG,2075,1666,107,0,80.29
204511,David Soares,PODE,SP,1774,1260,206,0,71.03
204366,Rodrigo Coelho,PODE,SC,310,214,2,0,69.03
204440,Christino Aureo,PP,RJ,422,334,14,0,79.15
178948,Beto Rosado,PP,RN,395,300,14,0,75.95
204519,Tiago Mitraud,NOVO,MG,171,127,5,0,74.27
220642,Delegado Bruno Lima,PODE,SP,361,313,28,0,86.7
204560,Adolfo Viana,PSDB,BA,777,441,18,0,56.76
204569,Delegado Pablo,UNIÃO,AM,233,123,8,1,52.79
204435,Jesus Sérgio,PDT,AC,214,150,0,0,70.09
220617,Murillo Gouvea,PSDB,RJ,1136,716,16,0,63.03
220532,Rafael Prudente,MDB,DF,615,605,79,0,98.37
220685,Paulo Litro,UNIÃO,PR,1588,1126,20,1,70.91
74376,Vander Loubet,PT,MS,1720,1408,59,0,81.86
204475,Ottaci Nascimento,SOLIDARIEDADE,RR,213,28,0,0,13.15
92699,Fernando Monteiro,PSD,PE,1475,940,77,0,63.73
220618,Sargento Portugal,PODE,RJ,888,686,27,1,77.25
221339,Dr. Benjamim,UNIÃO,MA,188,82,3,0,43.62
163321,Ronaldo Nogueira,REPUBLICANOS,RS,2325,2132,142,0,91.7
182146,Wolmer Araújo,SOLIDARIEDADE,MA,59,40,1,0,67.8
220677,Keniston Braga,MDB,PA,657,364,7,0,55.4
220538,Albuquerque,REPUBLICANOS,RR,649,572,10,0,88.14
220686,Duarte Jr.,AVANTE,MA,879,590,117,0,67.12
220570,Dr. Ismael Alexandrino,PSD,GO,615,575,32,0,93.5
204483,Vilson Da Fetaemg,PSB,MG,333,196,3,0,58.86
220574,Cabo Gilberto Silva,PL,PB,725,473,5,0,65.24
180214,Pastor Diniz,UNIÃO,RR,538,315,17,0,58.55
217330,Pedro Dalua,PSC,AP,44,21,0,0,47.73
141518,Paulinho Da Força,SOLIDARIEDADE,SP,747,301,12,0,40.29
204538,Paulo Bengtson,PTB,PA,189,83,17,0,43.92
220621,Sargento Gonçalves,PL,RN,744,523,5,0,70.3
220675,Antônio Doido,MDB,PA,685,408,17,0,59.56
220567,Jeferson Rodrigues,PSDB,GO,278,257,76,0,92.45
160632,Zé Silva,UNIÃO,MG,1577,1310,149,0,83.07
204357,Rose Modesto,UNIÃO,MS,236,204,22,0,86.44
204524,Pinheirinho,PP,MG,1995,1729,26,2,86.67
92346,Eduardo Bolsonaro,PL,SP,1072,730,26,0,68.1
220707,Amanda Gentil,PP,MA,299,210,9,0,70.23
228941,Daniel José,PODE,SP,72,27,2,0,37.5
178886,Juscelino Filho,PSDB,MA,308,114,55,0,37.01
137070,Vicentinho Júnior,PSDB,TO,336,175,1,0,52.08
220654,Delegado Paulo Bilynskyj,PL,SP,1646,1330,28,1,80.8
219585,Marco Brasil,PP,PR,1029,888,41,0,86.3
220595,Coronel Fernanda,PL,MT,918,614,48,0,66.88
204504,Cezinha De Madureira,PL,SP,1280,876,69,6,68.44
141391,Arnaldo Jardim,CIDADANIA,SP,2428,2035,121,0,83.81
204434,Dra. Vanda Milani,PROS,AC,169,80,7,0,47.34
178909,Hélio Leite,UNIÃO,PA,480,265,11,0,55.21
178934,Toninho Wandscheer,PP,PR,1292,880,207,0,68.11
204371,Felipe Rigoni,UNIÃO,ES,647,485,33,0,74.96
204541,Eduardo Bismarck,PV,CE,1255,965,30,10,76.89
220543,Ricardo Ayres,REPUBLICANOS,TO,1636,1374,79,0,83.99
220712,Fausto Jr.,UNIÃO,AM,591,362,16,0,61.25
198197,Greyce Elias,PL,MG,3213,2684,276,0,83.54
178829,Capitão Augusto,PL,SP,2590,2380,213,0,91.89
160673,Giovani Cherini,PL,RS,3193,2909,133,1,91.11
220644,Rosangela Moro,PL,SP,987,584,32,0,59.17
98615,Ismael,PL,SC,1691,1353,52,0,80.01
178985,Miguel Lombardi,PL,SP,1945,1694,143,1,87.1
178863,Uldurico Junior,MDB,BA,215,27,0,0,12.56
204498,Olival Marques,PODE,PA,571,138,2,0,24.17
204575,Gil Cutrim,REPUBLICANOS,MA,123,72,1,0,58.54
178901,Tereza Cristina,PP,MS,189,100,7,0,52.91
74084,Raimundo Santos,PSD,PA,806,462,117,0,57.32
220661,Matheus Noronha,PL,CE,616,244,22,0,39.61
67138,Iracema Portella,PP,PI,80,10,3,0,12.5
204454,Daniel Silveira,PTB,RJ,727,576,38,1,79.23
204478,Vinicius Farah,UNIÃO,RJ,225,157,3,0,69.78
204431,Marcos Aurélio Sampaio,MDB,PI,471,318,4,0,67.52
215043,Josivaldo Jp,UNIÃO,MA,991,602,12,0,60.75
220602,Dimas Gadelha,PT,RJ,389,244,44,0,62.72
74383,Giacobo,PSD,PR,376,116,8,0,30.85
204487,Capitão Wagner,UNIÃO,CE,262,156,6,0,59.54
160587,Fábio Trad,PSD,MS,161,116,4,0,72.05
220676,Andreia Siqueira,PSB,PA,490,341,6,0,69.59
220640,Juliana Cardoso,PT,SP,1945,1712,81,1,88.02
152605,Glauber Braga,PSOL,RJ,2844,2335,115,0,82.1
160542,Márcio Macêdo,PT,SE,226,140,5,0,61.95
74060,Daniel Almeida,PCDOB,BA,931,542,47,0,58.22
141411,Dagoberto Nogueira,PP,MS,1051,687,146,0,65.37
220623,Duda Salabert,PSOL,MG,1024,570,88,0,55.66
220627,Paulinho Freire,UNIÃO,RN,887,726,85,3,81.85
227401,Dr Fabio Rueda,UNIÃO,AC,52,34,1,0,65.38
204392,Francisco Jr.,PSD,GO,302,276,7,0,91.39
73441,Celso Russomanno,REPUBLICANOS,SP,2240,1484,81,0,66.25
128760,Paulo Marinho Jr,PL,MA,112,43,3,0,38.39
205548,David Miranda,PDT,RJ,159,89,8,0,55.97
220692,Dal Barreto,UNIÃO,BA,544,462,6,0,84.93
160651,Rogério Peninha Mendonça,MDB,SC,391,217,32,0,55.5
178961,Shéridan,PSDB,RR,138,132,7,0,95.65
220596,Amália Barros,PL,MT,843,707,99,0,83.87
73486,Pompeo De Mattos,PDT,RS,3100,2647,305,0,85.39
204500,Eduardo Costa,PSD,PA,211,96,6,0,45.5
69871,Bacelar,PV,BA,914,629,64,0,68.82
204531,Guilherme Derrite,PP,SP,754,586,61,0,77.72
73531,Ivan Valente,PSOL,SP,1569,1230,147,0,78.39
204549,Aj Albuquerque,PP,CE,969,720,35,0,74.3
220534,Fred Linhares,REPUBLICANOS,DF,922,921,8,0,99.89
220564,Yandra Moura,UNIÃO,SE,462,206,5,0,44.59
178927,Aliel Machado,PV,PR,2118,1590,19,0,75.07
220631,Samuel Viana,UNIÃO,MG,2725,2399,63,1,88.04
220632,Ana Pimentel,PT,MG,2216,1985,107,0,89.58
228797,Júlio Oliveira,PP,TO,31,12,2,0,38.71
227370,Felipe Saliba,PRD,MG,244,223,11,0,91.39
204444,Helio Lopes,PL,RJ,1139,775,75,6,68.04
141459,João Maia,PP,RN,1443,1196,4,0,82.88
220579,Silvia Waiãpi,PL,AP,1426,1156,41,0,81.07
220530,Messias Donato,UNIÃO,ES,998,855,55,0,85.67
160561,Missionário José Olimpio,PL,SP,282,271,19,0,96.1
205863,Marcelo Brum,REPUBLICANOS,RS,92,71,3,0,77.17
230765,Enfermeira Rejane,PCDOB,RJ,199,178,8,0,89.45
112437,João Marcelo Souza,MDB,MA,269,213,12,0,79.18
230767,Rodrigo Da Zaeli,PL,MT,830,810,5,0,97.59
219592,Lucas Follador,PSC,RO,38,9,0,0,23.68
233594,Rafael Fera,PODE,RO,411,399,14,0,97.08
220637,Marina Silva,REDE,SP,1,0,0,0,0.0
234388,Fabiano Cazeca,PRD,MG,160,160,4,0,100.0
222565,Soldado Noelio,UNIÃO,CE,48,48,0,0,100.0
141379,Andreia Zito,PSD,RJ,4,0,0,0,0.0
235800,Jorge Araújo,PP,BA,8,8,0,0,100.0
