id_deputado,dept_tx_nome_parlamentar,part_sg_partido,uf_sg_uf,qt_votacoes,qt_ausencias,pc_ausencia,ranking_ausencias
233592,Paulo Lemos,PSOL,AP,145,1,0.69,1
74065,Fatima Pelaes,REPUBLICANOS,AP,153,1,0.65,2
233598,Samuel Santos,PODE,GO,173,1,0.58,3
225730,Enfermeira Ana Paula,PODE,CE,199,1,0.5,4
233594,Rafael Fera,PODE,RO,240,1,0.42,5
73692,Osmar Terra,PL,RS,253,1,0.4,6
204396,Vermelho,PP,PR,264,1,0.38,7
141533,Rodrigo Rollemberg,PSB,DF,275,1,0.36,8
74270,Gilberto Nascimento,PSD,SP,338,1,0.3,9
220624,Robinson Faria,PP,RN,346,1,0.29,10
230957,João Cury,MDB,SP,360,1,0.28,11
204391,José Nelto,UNIÃO,GO,360,1,0.28,12
74478,Luciano Bivar,UNIÃO,PE,389,1,0.26,13
220581,Luciano Amaral,PSD,AL,390,1,0.26,14
220633,Ricardo Salles,NOVO,SP,391,1,0.26,15
175765,Ribamar Silva,PSD,SP,400,1,0.25,16
220703,Neto Carletto,AVANTE,BA,397,1,0.25,17
231911,Lenir De Assis,PT,PR,418,1,0.24,18
204566,Marreca Filho,PRD,MA,409,1,0.24,19
229432,Luiz Fernando Vampiro,MDB,SC,417,1,0.24,20
221329,Ricardo Abrão,UNIÃO,RJ,441,1,0.23,21
230765,Enfermeira Rejane,PCDOB,RJ,440,1,0.23,22
230768,Zé Adriano,PP,AC,461,1,0.22,23
204455,Luiz Lima,NOVO,RJ,472,1,0.21,24
214694,Jorge Goetten,REPUBLICANOS,SC,475,1,0.21,25
230767,Rodrigo Da Zaeli,PL,MT,474,1,0.21,26
220616,Luciano Vieira,REPUBLICANOS,RJ,471,1,0.21,27
204508,Igor Timo,PSD,MG,497,1,0.2,28
204436,Isnaldo Bulhões Jr.,MDB,AL,496,1,0.2,29
204482,Euclydes Pettersen,REPUBLICANOS,MG,506,1,0.2,30
74095,Pauderney Avelino,UNIÃO,AM,537,1,0.19,31
220542,Alexandre Guimarães,MDB,TO,537,1,0.19,32
204362,Ricardo Guidi,PL,SC,524,1,0.19,33
220697,Jadyel Alencar,REPUBLICANOS,PI,529,1,0.19,34
220706,Padovani,UNIÃO,PR,518,1,0.19,35
220597,Thiago Flores,REPUBLICANOS,RO,562,1,0.18,36
141518,Paulinho Da Força,SOLIDARIEDADE,SP,571,1,0.18,37
204450,Doutor Luizinho,PP,RJ,547,1,0.18,38
220689,Detinha,PL,MA,546,1,0.18,39
220660,Yury Do Paredão,MDB,CE,564,1,0.18,40
143084,Tiago Dimas,PODE,TO,584,1,0.17,41
220642,Delegado Bruno Lima,PP,SP,591,1,0.17,42
204360,Silvia Cristina,PP,RO,591,1,0.17,43
143942,Caio Vianna,PSD,RJ,601,1,0.17,44
166402,Magda Mofatto,PRD,GO,582,1,0.17,45
220647,Mauricio Neves,PP,SP,617,1,0.16,46
220674,Dra. Alessandra Haber,MDB,PA,637,1,0.16,47
220572,Marussa Boldrin,MDB,GO,611,1,0.16,48
74262,Carlos Sampaio,PSD,SP,625,1,0.16,49
178943,Marcos Soares,UNIÃO,RJ,672,1,0.15,50
220564,Yandra Moura,UNIÃO,SE,675,1,0.15,51
160553,Antonio Brito,PSD,BA,655,1,0.15,52
163321,Ronaldo Nogueira,REPUBLICANOS,RS,687,1,0.15,53
220631,Samuel Viana,REPUBLICANOS,MG,659,1,0.15,54
74454,Eunício Oliveira,MDB,CE,647,1,0.15,55
204448,Luiz Antonio Corrêa,PP,RJ,665,1,0.15,56
226837,Saulo Pedroso,PSD,SP,674,1,0.15,57
227433,Douglas Viegas,UNIÃO,SP,649,1,0.15,58
220646,Felipe Becari,UNIÃO,SP,669,1,0.15,59
220630,Pedro Aihara,PRD,MG,658,1,0.15,60
220702,Geraldo Mendes,UNIÃO,PR,673,1,0.15,61
178886,Juscelino Filho,UNIÃO,MA,660,1,0.15,62
160510,Luis Tibé,AVANTE,MG,686,1,0.15,63
220707,Amanda Gentil,PP,MA,670,1,0.15,64
220651,Simone Marquetto,MDB,SP,720,1,0.14,65
220715,Amom Mandel,CIDADANIA,AM,730,1,0.14,66
178972,Alex Manente,CIDADANIA,SP,705,1,0.14,67
138286,Luciano Alves,PSD,PR,700,1,0.14,68
153423,Renilce Nicodemos,MDB,PA,701,1,0.14,69
141459,João Maia,PP,RN,704,1,0.14,70
160635,Ruy Carneiro,PODE,PB,692,1,0.14,71
204563,Josimar Maranhãozinho,PL,MA,708,1,0.14,72
220681,Fábio Macedo,PODE,MA,715,1,0.14,73
220540,Duda Ramos,MDB,RR,690,1,0.14,74
220712,Fausto Jr.,UNIÃO,AM,726,1,0.14,75
73788,Ricardo Barros,PP,PR,721,1,0.14,76
220532,Rafael Prudente,MDB,DF,776,1,0.13,77
220570,Dr. Ismael Alexandrino,PSD,GO,789,1,0.13,78
220560,Thiago De Joaldo,PP,SE,791,1,0.13,79
204574,Junior Lourenço,PL,MA,767,1,0.13,80
160641,Professora Marcivania,PCDOB,AP,744,1,0.13,81
66385,Julio Arcoverde,PP,PI,754,1,0.13,82
220629,Dandara,PT,MG,779,1,0.13,83
220566,Lêda Borges,PSDB,GO,743,1,0.13,84
220648,Marangoni,UNIÃO,SP,798,1,0.13,85
178927,Aliel Machado,PV,PR,775,1,0.13,86
73778,Luiz Carlos Hauly,PODE,PR,768,1,0.13,87
74079,José Priante,MDB,PA,794,1,0.13,88
213762,Carla Dickson,UNIÃO,RN,787,1,0.13,89
220582,Daniel Barbosa,PP,AL,776,1,0.13,90
220693,Roberta Roma,PL,BA,779,1,0.13,91
226708,Allan Garcês,PP,MA,758,1,0.13,92
220567,Jeferson Rodrigues,REPUBLICANOS,GO,754,1,0.13,93
220569,Silvye Alves,UNIÃO,GO,826,1,0.12,94
141487,Luiz Fernando Faria,PSD,MG,832,1,0.12,95
220684,Tião Medeiros,PP,PR,814,1,0.12,96
74253,Julio Lopes,PP,RJ,824,1,0.12,97
143632,Domingos Neto,PSD,CE,869,1,0.12,98
206018,Célia Xakriabá,PSOL,MG,847,1,0.12,99
210989,Bruno Farias,AVANTE,MG,839,1,0.12,100
123756,Antônia Lúcia,REPUBLICANOS,AC,833,1,0.12,101
220603,Dani Cunha,UNIÃO,RJ,861,1,0.12,102
220670,Iza Arruda,MDB,PE,835,1,0.12,103
141456,Jilmar Tatto,PT,SP,837,1,0.12,104
160518,Weliton Prado,SOLIDARIEDADE,MG,829,1,0.12,105
220610,Dr. Fernando Máximo,UNIÃO,RO,857,1,0.12,106
220622,Nely Aquino,PODE,MG,821,1,0.12,107
220699,Castro Neto,PSD,PI,869,1,0.12,108
220625,Delegada Ione,AVANTE,MG,843,1,0.12,109
220526,Gilvan Da Federal,PL,ES,861,1,0.12,110
220552,Zucco,PL,RS,814,1,0.12,111
204441,Otoni De Paula,MDB,RJ,851,1,0.12,112
74646,Aécio Neves,PSDB,MG,840,1,0.12,113
220692,Dal Barreto,UNIÃO,BA,816,1,0.12,114
220687,Márcio Honaiser,PDT,MA,811,1,0.12,115
220658,Luiz Gastão,PSD,CE,851,1,0.12,116
74550,João Leão,PP,BA,836,1,0.12,117
220589,Eduardo Velloso,UNIÃO,AC,815,1,0.12,118
220657,André Fernandes,PL,CE,812,1,0.12,119
220573,Dorinaldo Malafaia,PDT,AP,820,1,0.12,120
160588,Diego Andrade,PSD,MG,816,1,0.12,121
171786,Miguel Ângelo,PT,MG,856,1,0.12,122
220672,Henderson Pinto,MDB,PA,849,1,0.12,123
220592,Zezinho Barbary,PP,AC,837,1,0.12,124
204395,Pedro Lupion,PP,PR,885,1,0.11,125
224333,Welter,PT,PR,933,1,0.11,126
220665,Clarissa Tércio,PP,PE,879,1,0.11,127
74374,Geraldo Resende,PSDB,MS,946,1,0.11,128
220586,Rafael Brito,MDB,AL,903,1,0.11,129
204411,Filipe Barros,PL,PR,889,1,0.11,130
204571,Alex Santana,REPUBLICANOS,BA,940,1,0.11,131
220694,Ricardo Maia,MDB,BA,877,1,0.11,132
104552,Socorro Neri,PP,AC,894,1,0.11,133
107970,Ana Paula Leão,PP,MG,918,1,0.11,134
141458,João Carlos Bacelar,PL,BA,890,1,0.11,135
220663,Eriberto Medeiros,PSB,PE,910,1,0.11,136
220591,Meire Serafim,UNIÃO,AC,895,1,0.11,137
220623,Duda Salabert,PDT,MG,894,1,0.11,138
141408,Cleber Verde,MDB,MA,910,1,0.11,139
220557,Daniela Reinehr,PL,SC,928,1,0.11,140
165470,Rodrigo Valadares,UNIÃO,SE,924,1,0.11,141
220628,Mauricio Do Vôlei,PL,MG,931,1,0.11,142
74400,Paulo Pimenta,PT,RS,878,1,0.11,143
160674,Hugo Motta,REPUBLICANOS,PB,931,1,0.11,144
178989,Renata Abreu,PODE,SP,946,1,0.11,145
74356,Silas Câmara,REPUBLICANOS,AM,881,1,0.11,146
220609,Maurício Carvalho,UNIÃO,RO,896,1,0.11,147
220549,Any Ortiz,CIDADANIA,RS,932,1,0.11,148
220602,Dimas Gadelha,PT,RJ,904,1,0.11,149
220548,Camila Jara,PT,MS,924,1,0.11,150
221328,Adilson Barroso,PL,SP,917,1,0.11,151
220650,Paulo Alexandre Barbosa,PSDB,SP,932,1,0.11,152
180214,Pastor Diniz,UNIÃO,RR,907,1,0.11,153
220669,Lula Da Fonte,PP,PE,878,1,0.11,154
162067,Kiko Celeguim,PT,SP,925,1,0.11,155
88256,Clodoaldo Magalhães,PV,PE,902,1,0.11,156
204560,Adolfo Viana,PSDB,BA,902,1,0.11,157
160527,Aguinaldo Ribeiro,PP,PB,943,1,0.11,158
178954,Lucio Mosquini,MDB,RO,877,1,0.11,159
222429,Luis Carlos Gomes,REPUBLICANOS,RJ,908,1,0.11,160
220673,Delegado Caveira,PL,PA,938,1,0.11,161
220604,Marcos Tavares,PDT,RJ,877,1,0.11,162
220538,Albuquerque,REPUBLICANOS,RR,899,1,0.11,163
220659,Dayany Bittencourt,UNIÃO,CE,927,1,0.11,164
141485,Luiz Carlos Busato,UNIÃO,RS,941,1,0.11,165
220534,Fred Linhares,REPUBLICANOS,DF,944,1,0.11,166
220685,Paulo Litro,PSD,PR,932,1,0.11,167
220664,Guilherme Uchoa,PSB,PE,926,1,0.11,168
220700,Florentino Neto,PT,PI,911,1,0.11,169
220528,Dr. Victor Linhalis,PODE,ES,893,1,0.11,170
178881,Aluisio Mendes,REPUBLICANOS,MA,906,1,0.11,171
160629,Romero Rodrigues,PODE,PB,914,1,0.11,172
74161,Reginaldo Lopes,PT,MG,942,1,0.11,173
74090,Átila Lins,PSD,AM,933,1,0.11,174
223128,Rodrigo Estacho,PSD,PR,876,1,0.11,175
220675,Antônio Doido,MDB,PA,909,1,0.11,176
98615,Ismael,PSD,SC,883,1,0.11,177
220584,Murilo Galdino,REPUBLICANOS,PB,927,1,0.11,178
220617,Murillo Gouvea,UNIÃO,RJ,947,1,0.11,179
80815,Leo Prates,PDT,BA,922,1,0.11,180
204570,Pastor Gil,PL,MA,976,1,0.1,181
178884,Hildo Rocha,MDB,MA,1026,1,0.1,182
220556,Ana Paula Lima,PT,SC,961,1,0.1,183
98148,Cobalchini,MDB,SC,1021,1,0.1,184
220618,Sargento Portugal,PODE,RJ,964,1,0.1,185
220638,Antonio Carlos Rodrigues,PL,SP,1006,1,0.1,186
220708,Gabriel Nunes,PSD,BA,1024,1,0.1,187
220605,Bandeira De Mello,PSB,RJ,990,1,0.1,188
220635,Bruno Ganem,PODE,SP,1004,1,0.1,189
141516,Paulo Abi-ackel,PSDB,MG,990,1,0.1,190
204464,Talíria Petrone,PSOL,RJ,1031,1,0.1,191
92776,Stefano Aguiar,PSD,MG,1033,1,0.1,192
220594,Coronel Assis,UNIÃO,MT,1017,1,0.1,193
220561,Delegada Katarina,PSD,SE,1034,1,0.1,194
220606,Reimont,PT,RJ,959,1,0.1,195
220683,Beto Richa,PSDB,PR,1025,1,0.1,196
224117,Gabriel Mota,REPUBLICANOS,RR,988,1,0.1,197
209787,Nikolas Ferreira,PL,MG,1042,1,0.1,198
74428,Mendonça Filho,UNIÃO,PE,954,1,0.1,199
220551,Franciane Bayer,REPUBLICANOS,RS,985,1,0.1,200
162332,Luiz Nishimori,PSD,PR,1030,1,0.1,201
62881,Danilo Forte,UNIÃO,CE,1009,1,0.1,202
220607,Max Lemos,PDT,RJ,985,1,0.1,203
220641,Rodrigo Gambale,PODE,SP,992,1,0.1,204
220544,Antonio Andrade,REPUBLICANOS,TO,1013,1,0.1,205
221148,Alfredinho,PT,SP,1039,1,0.1,206
220682,Tadeu Veneri,PT,PR,953,1,0.1,207
74858,Lindbergh Farias,PT,RJ,1014,1,0.1,208
178997,Moses Rodrigues,UNIÃO,CE,1036,1,0.1,209
220686,Duarte Jr.,PSB,MA,1005,1,0.1,210
220553,Denise Pessôa,PT,RS,973,1,0.1,211
220619,Delegado Ramagem,PL,RJ,1044,1,0.1,212
220653,Fábio Teruel,MDB,SP,965,1,0.1,213
73768,Dilceu Sperafico,PP,PR,1021,1,0.1,214
220536,Zé Haroldo Cathedral,PSD,RR,1042,1,0.1,215
220608,Cristiane Lopes,UNIÃO,RO,971,1,0.1,216
220667,Pedro Campos,PSB,PE,1020,1,0.1,217
220527,Jack Rocha,PT,ES,1040,1,0.1,218
137070,Vicentinho Júnior,PP,TO,990,1,0.1,219
204379,Acácio Favacho,MDB,AP,1011,1,0.1,220
204506,Marcos Pereira,REPUBLICANOS,SP,1020,1,0.1,221
160600,Arthur Oliveira Maia,UNIÃO,BA,985,1,0.1,222
220550,Mauricio Marcon,PODE,RS,1039,1,0.1,223
220611,General Pazuello,PL,RJ,1012,1,0.1,224
161440,Pezenti,MDB,SC,995,1,0.1,225
220701,Delegado Matheus Laiola,UNIÃO,PR,1044,1,0.1,226
220696,Ivoneide Caetano,PT,BA,964,1,0.1,227
74554,José Rocha,UNIÃO,BA,1049,1,0.1,228
220590,Coronel Ulysses,UNIÃO,AC,969,1,0.1,229
220668,Maria Arraes,SOLIDARIEDADE,PE,1034,1,0.1,230
220714,Adail Filho,REPUBLICANOS,AM,984,1,0.1,231
220599,Marcelo Crivella,REPUBLICANOS,RJ,997,1,0.1,232
220656,Fernanda Pessoa,UNIÃO,CE,994,1,0.1,233
160548,Jonas Donizette,PSB,SP,978,1,0.1,234
122974,Pedro Lucas Fernandes,UNIÃO,MA,1023,1,0.1,235
161550,Emidinho Madeira,PL,MG,974,1,0.1,236
220688,Dr. Francisco,PT,PI,984,1,0.1,237
220568,Gustavo Gayer,PL,GO,961,1,0.1,238
220558,Zé Trovão,PL,SC,985,1,0.1,239
220545,Filipe Martins,PL,TO,1001,1,0.1,240
74084,Raimundo Santos,PSD,PA,1026,1,0.1,241
178934,Toninho Wandscheer,PP,PR,1009,1,0.1,242
74044,Wilson Santiago,REPUBLICANOS,PB,1033,1,0.1,243
218086,Ely Santos,REPUBLICANOS,SP,1000,1,0.1,244
74856,Laura Carneiro,PSD,RJ,1048,1,0.1,245
220559,Julia Zanatta,PL,SC,1029,1,0.1,246
220533,Prof. Reginaldo Veras,PV,DF,973,1,0.1,247
220691,Diego Coronel,PSD,BA,1018,1,0.1,248
220671,Dilvanda Faro,PT,PA,996,1,0.1,249
220662,Lucas Ramos,PSB,PE,991,1,0.1,250
204549,Aj Albuquerque,PP,CE,1156,1,0.09,251
204431,Marcos Aurélio Sampaio,PSD,PI,1151,1,0.09,252
74317,Júlio Cesar,PSD,PI,1134,1,0.09,253
220598,Tarcísio Motta,PSOL,RJ,1110,1,0.09,254
74171,Chico Alencar,PSOL,RJ,1151,1,0.09,255
220595,Coronel Fernanda,PL,MT,1079,1,0.09,256
220612,Bebeto,PP,RJ,1075,1,0.09,257
91228,Waldemar Oliveira,AVANTE,PE,1171,1,0.09,258
204489,Robério Monteiro,PDT,CE,1105,1,0.09,259
220583,Delegado Fabio Costa,PP,AL,1085,1,0.09,260
178966,Geovania De Sá,PSDB,SC,1149,1,0.09,261
141450,Hugo Leal,PSD,RJ,1131,1,0.09,262
136811,Afonso Hamm,PP,RS,1142,1,0.09,263
178908,Delegado Éder Mauro,PL,PA,1106,1,0.09,264
141431,Fernando Coelho Filho,UNIÃO,PE,1122,1,0.09,265
74371,Rubens Otoni,PT,GO,1084,1,0.09,266
73701,Benedita Da Silva,PT,RJ,1118,1,0.09,267
220690,Capitão Alden,PL,BA,1067,1,0.09,268
220529,Gilson Daniel,PODE,ES,1100,1,0.09,269
160517,Paulo Folletto,PSB,ES,1075,1,0.09,270
178860,Paulo Azi,UNIÃO,BA,1086,1,0.09,271
178895,Misael Varella,PSD,MG,1144,1,0.09,272
220546,Rodolfo Nogueira,PL,MS,1075,1,0.09,273
123086,Átila Lira,PP,PI,1066,1,0.09,274
220571,Daniel Agrobom,PL,GO,1065,1,0.09,275
198197,Greyce Elias,AVANTE,MG,1053,1,0.09,276
141391,Arnaldo Jardim,CIDADANIA,SP,1091,1,0.09,277
204390,Professor Alcides,PL,GO,1148,1,0.09,278
220652,Delegado Palumbo,MDB,SP,1065,1,0.09,279
74158,Mário Heringer,PDT,MG,1165,1,0.09,280
160632,Zé Silva,SOLIDARIEDADE,MG,1154,1,0.09,281
157130,Túlio Gadêlha,REDE,PE,1144,1,0.09,282
74141,Josias Gomes,PT,BA,1136,1,0.09,283
204539,Hercílio Coelho Diniz,MDB,MG,1076,1,0.09,284
226179,Gisela Simona,UNIÃO,MT,1147,1,0.09,285
179001,Márcio Biolchi,MDB,RS,1126,1,0.09,286
92102,Leur Lomanto Júnior,UNIÃO,BA,1057,1,0.09,287
178843,Marx Beltrão,PP,AL,1073,1,0.09,288
220621,Sargento Gonçalves,PL,RN,1068,1,0.09,289
220547,Marcos Pollon,PL,MS,1171,1,0.09,290
204474,Juarez Costa,MDB,MT,1155,1,0.09,291
204358,Beto Pereira,PSDB,MS,1159,1,0.09,292
141464,José Airton Félix Cirilo,PT,CE,1117,1,0.09,293
220574,Cabo Gilberto Silva,PL,PB,1081,1,0.09,294
220539,Defensor Stélio Dener,REPUBLICANOS,RR,1063,1,0.09,295
220578,Josenildo,PDT,AP,1059,1,0.09,296
220666,Coronel Meira,PL,PE,1109,1,0.09,297
178993,Carlos Henrique Gaguim,UNIÃO,TO,1287,1,0.08,298
74273,Jefferson Campos,PL,SP,1312,1,0.08,299
141421,Eduardo Da Fonte,PP,PE,1267,1,0.08,300
204409,Daniel Trzeciak,PSDB,RS,1297,1,0.08,301
178933,Sergio Souza,MDB,PR,1254,1,0.08,302
152605,Glauber Braga,PSOL,RJ,1263,1,0.08,303
204573,Otto Alencar Filho,PSD,BA,1236,1,0.08,304
160642,Pastor Eurico,PL,PE,1220,1,0.08,305
178857,Jorge Solla,PT,BA,1281,1,0.08,306
178992,Vitor Lippi,PSDB,SP,1264,1,0.08,307
150418,Márcio Marinho,REPUBLICANOS,BA,1206,1,0.08,308
204520,Junio Amaral,PL,MG,1228,1,0.08,309
204536,Kim Kataguiri,UNIÃO,SP,1285,1,0.08,310
204355,Da Vitoria,PP,ES,1320,1,0.08,311
220588,Roberto Duarte,REPUBLICANOS,AC,1286,1,0.08,312
178866,Luizianne Lins,PT,CE,1265,1,0.08,313
204559,Zé Neto,PT,BA,1177,1,0.08,314
178931,Luciano Ducci,PSB,PR,1313,1,0.08,315
160598,Flávia Morais,PDT,GO,1199,1,0.08,316
160592,Zeca Dirceu,PT,PR,1292,1,0.08,317
178946,Soraya Santos,PL,RJ,1245,1,0.08,318
220543,Ricardo Ayres,REPUBLICANOS,TO,1225,1,0.08,319
204378,Coronel Chrisóstomo,PL,RO,1333,1,0.08,320
81055,Márcio Jerry,PCDOB,MA,1252,1,0.08,321
204351,Dr. Luiz Ovando,PP,MS,1271,1,0.08,322
72442,Felipe Carreras,PSB,PE,1238,1,0.08,323
204408,Gustinho Ribeiro,REPUBLICANOS,SE,1245,1,0.08,324
74299,Leônidas Cristino,PDT,CE,1203,1,0.08,325
74398,Maria Do Rosário,PT,RS,1249,1,0.08,326
178970,João Daniel,PT,SE,1265,1,0.08,327
209189,Joseildo Ramos,PT,BA,1290,1,0.08,328
178987,Orlando Silva,PCDOB,SP,1331,1,0.08,329
220654,Delegado Paulo Bilynskyj,PL,SP,1212,1,0.08,330
74156,Leonardo Monteiro,PT,MG,1306,1,0.08,331
204497,Júnior Ferrari,PSD,PA,1317,1,0.08,332
160758,Domingos Sávio,PL,MG,1215,1,0.08,333
204495,Airton Faleiro,PT,PA,1291,1,0.08,334
160599,Dimas Fabiano,PP,MG,1320,1,0.08,335
204491,Gilberto Abramo,REPUBLICANOS,MG,1203,1,0.08,336
204481,Dr. Jaziel,PL,CE,1235,1,0.08,337
160569,Waldenor Pereira,PT,BA,1201,1,0.08,338
204473,General Girão,PL,RN,1293,1,0.08,339
74537,Claudio Cajado,PP,BA,1319,1,0.08,340
178858,Mário Negromonte Jr.,PP,BA,1214,1,0.08,341
178963,Covatti Filho,PP,RS,1283,1,0.08,342
109429,Benes Leocádio,UNIÃO,RN,1332,1,0.08,343
74574,Paulo Magalhães,PSD,BA,1276,1,0.08,344
204367,Daniel Freitas,PL,SC,1289,1,0.08,345
204526,Luiz Philippe De Orleans E Bragança,PL,SP,1232,1,0.08,346
141411,Dagoberto Nogueira,PSDB,MS,1264,1,0.08,347
160559,Alceu Moreira,MDB,RS,1246,1,0.08,348
204472,José Medeiros,PL,MT,1257,1,0.08,349
160512,Aureo Ribeiro,SOLIDARIEDADE,RJ,1201,1,0.08,350
204515,André Janones,AVANTE,MG,1284,1,0.08,351
73441,Celso Russomanno,REPUBLICANOS,SP,1202,1,0.08,352
204372,Julio Cesar Ribeiro,REPUBLICANOS,DF,1179,1,0.08,353
204557,Sidney Leite,PSD,AM,1196,1,0.08,354
66828,Fausto Pinato,PP,SP,1280,1,0.08,355
204498,Olival Marques,MDB,PA,1177,1,0.08,356
160665,Augusto Coutinho,REPUBLICANOS,PE,1268,1,0.08,357
74041,Luiz Couto,PT,PB,1288,1,0.08,358
204398,Felipe Francischini,UNIÃO,PR,1410,1,0.07,359
133439,André Figueiredo,PDT,CE,1357,1,0.07,360
204479,Nicoletti,UNIÃO,RR,1336,1,0.07,361
73531,Ivan Valente,PSOL,SP,1412,1,0.07,362
204368,Fabio Schiochet,UNIÃO,SC,1385,1,0.07,363
204528,Adriana Ventura,NOVO,SP,1514,1,0.07,364
73801,Renildo Calheiros,PCDOB,PE,1423,1,0.07,365
73604,Rui Falcão,PT,SP,1454,1,0.07,366
141398,Carlos Zarattini,PT,SP,1384,1,0.07,367
73486,Pompeo De Mattos,PDT,RS,1413,1,0.07,368
178985,Miguel Lombardi,PL,SP,1449,1,0.07,369
204422,Ossesio Silva,REPUBLICANOS,PE,1336,1,0.07,370
160604,Pedro Uczai,PT,SC,1339,1,0.07,371
178986,Nilto Tatto,PT,SP,1492,1,0.07,372
178910,Joaquim Passarinho,PL,PA,1379,1,0.07,373
74283,Vicentinho,PT,SP,1369,1,0.07,374
178929,Diego Garcia,REPUBLICANOS,PR,1338,1,0.07,375
204388,Bibo Nunes,PL,RS,1434,1,0.07,376
204453,Natália Bonavides,PT,RN,1346,1,0.07,377
204407,Fernanda Melchionna,PSOL,RS,1394,1,0.07,378
204460,Carlos Jordy,PL,RJ,1362,1,0.07,379
74848,Jandira Feghali,PCDOB,RJ,1501,1,0.07,380
160601,Pr. Marco Feliciano,PL,SP,1444,1,0.07,381
171617,Paulão,PT,AL,1392,1,0.07,382
191923,Flávio Nogueira,PT,PI,1486,1,0.07,383
160558,Paulo Freire Costa,PL,SP,1362,1,0.07,384
204356,Amaro Neto,REPUBLICANOS,ES,1485,1,0.07,385
160666,Félix Mendonça Júnior,PDT,BA,1400,1,0.07,386
204501,Alencar Santana,PT,SP,1421,1,0.07,387
178871,Evair Vieira De Melo,PP,ES,1362,1,0.07,388
204416,Sanderson,PL,RS,1366,1,0.07,389
141470,José Guimarães,PT,CE,1506,1,0.07,390
178835,Afonso Motta,PDT,RS,1476,1,0.07,391
121948,Adriano Do Baldy,PP,GO,1384,1,0.07,392
205550,Jorge Braz,REPUBLICANOS,RJ,1455,1,0.07,393
160538,Bohn Gass,PT,RS,1442,1,0.07,394
160535,Marcon,PT,RS,1351,1,0.07,395
74159,Odair Cunha,PT,MG,1393,1,0.07,396
74160,Patrus Ananias,PT,MG,1519,1,0.07,397
139285,Lídice Da Mata,PSB,BA,1352,1,0.07,398
204406,Pedro Westphalen,PP,RS,1348,1,0.07,399
178887,Rubens Pereira Júnior,PT,MA,1441,1,0.07,400
73433,Arlindo Chinaglia,PT,SP,1428,1,0.07,401
188097,Merlong Solano,PT,PI,1536,1,0.07,402
204426,Carlos Veras,PT,PE,1491,1,0.07,403
160556,Padre João,PT,MG,1459,1,0.07,404
204492,Paulo Guedes,PT,MG,1415,1,0.07,405
204457,Juninho Do Pneu,UNIÃO,RJ,1360,1,0.07,406
204480,Rogério Correia,PT,MG,1415,1,0.07,407
74060,Daniel Almeida,PCDOB,BA,1343,1,0.07,408
69871,Bacelar,PV,BA,1412,1,0.07,409
204504,Cezinha De Madureira,PSD,SP,1352,1,0.07,410
160673,Giovani Cherini,PL,RS,1428,1,0.07,411
204456,Gutemberg Reis,MDB,RJ,1409,1,0.07,412
204512,Delegado Marcelo Freitas,UNIÃO,MG,1576,1,0.06,413
204365,Gilson Marques,NOVO,SC,1679,1,0.06,414
74057,Alice Portugal,PCDOB,BA,1550,1,0.06,415
156190,Marcel Van Hattem,NOVO,RS,1604,1,0.06,416
204387,Sargento Fahur,PSD,PR,1544,1,0.06,417
178873,Helder Salomão,PT,ES,1629,1,0.06,418
160575,Erika Kokay,PT,DF,1650,1,0.06,419
204404,Lucas Redecker,PSDB,RS,1634,1,0.06,420
204394,Gervásio Maia,PSB,PB,1553,1,0.06,421
178844,Pedro Vilela,PSDB,AL,371,0,0.0,422
178862,Tia Eron,REPUBLICANOS,BA,125,0,0.0,423
204398,Felipe Francischini,,PR,50,0,0.0,424
178993,Carlos Henrique Gaguim,REPUBLICANOS,TO,60,0,0.0,425
178943,Marcos Soares,,RJ,34,0,0.0,426
178993,Carlos Henrique Gaguim,,TO,52,0,0.0,427
204455,Luiz Lima,PL,RJ,1023,0,0.0,428
141553,Vanderlei Macris,PSDB,SP,392,0,0.0,429
204455,Luiz Lima,,RJ,56,0,0.0,430
204386,Jose Mario Schreiner,MDB,GO,315,0,0.0,431
204455,Luiz Lima,UNIÃO,RJ,19,0,0.0,432
204386,Jose Mario Schreiner,UNIÃO,GO,92,0,0.0,433
204386,Jose Mario Schreiner,,GO,54,0,0.0,434
204455,Luiz Lima,S.PART.,RJ,4,0,0.0,435
204363,Osires Damaso,PSC,TO,333,0,0.0,436
204503,Alexandre Padilha,PT,SP,454,0,0.0,437
141434,Flaviano Melo,MDB,AC,399,0,0.0,438
204389,Elias Vaz,PSB,GO,418,0,0.0,439
204569,Delegado Pablo,,AM,40,0,0.0,440
204569,Delegado Pablo,UNIÃO,AM,302,0,0.0,441
160639,Professora Dorinha Seabra Rezende,UNIÃO,TO,255,0,0.0,442
160639,Professora Dorinha Seabra Rezende,,TO,39,0,0.0,443
74273,Jefferson Campos,PSB,SP,109,0,0.0,444
122466,Ronaldo Martins,REPUBLICANOS,CE,38,0,0.0,445
160587,Fábio Trad,PSD,MS,422,0,0.0,446
178909,Hélio Leite,UNIÃO,PA,590,0,0.0,447
122158,Pedro Paulo,PSD,RJ,830,0,0.0,448
178909,Hélio Leite,,PA,41,0,0.0,449
204507,Carla Zambelli,PL,SP,917,0,0.0,450
204479,Nicoletti,,RR,56,0,0.0,451
74075,Elcione Barbalho,MDB,PA,893,0,0.0,452
204507,Carla Zambelli,UNIÃO,SP,47,0,0.0,453
204507,Carla Zambelli,,SP,55,0,0.0,454
204412,Dr. Zacharias Calil,UNIÃO,GO,1346,0,0.0,455
204431,Marcos Aurélio Sampaio,MDB,PI,149,0,0.0,456
204412,Dr. Zacharias Calil,,GO,52,0,0.0,457
204434,Dra. Vanda Milani,SOLIDARIEDADE,AC,127,0,0.0,458
204434,Dra. Vanda Milani,PROS,AC,232,0,0.0,459
178928,Christiane De Souza Yared,PP,PR,332,0,0.0,460
178836,Alan Rick,UNIÃO,AC,315,0,0.0,461
178836,Alan Rick,,AC,54,0,0.0,462
178928,Christiane De Souza Yared,PL,PR,111,0,0.0,463
204368,Fabio Schiochet,,SC,51,0,0.0,464
204531,Guilherme Derrite,PP,SP,197,0,0.0,465
204531,Guilherme Derrite,PL,SP,312,0,0.0,466
218879,Nelho Bezerra,UNIÃO,CE,173,0,0.0,467
218879,Nelho Bezerra,PROS,CE,43,0,0.0,468
143084,Tiago Dimas,SOLIDARIEDADE,TO,134,0,0.0,469
74419,Gonzaga Patriota,PSB,PE,406,0,0.0,470
214865,Joceval Rodrigues,CIDADANIA,BA,65,0,0.0,471
92172,Milton Coelho,PSB,PE,296,0,0.0,472
178935,Rossoni,PSDB,PR,150,0,0.0,473
133810,Marcelo Moraes,PL,RS,1107,0,0.0,474
204572,Capitão Alberto Neto,PL,AM,1349,0,0.0,475
204419,Glaustin Da Fokus,PSC,GO,396,0,0.0,476
204572,Capitão Alberto Neto,REPUBLICANOS,AM,67,0,0.0,477
133810,Marcelo Moraes,PTB,RS,59,0,0.0,478
178964,Heitor Schuch,PSB,RS,930,0,0.0,479
219585,Marco Brasil,PP,PR,612,0,0.0,480
141488,Paulo Teixeira,PT,SP,449,0,0.0,481
178922,Tadeu Alencar,PSB,PE,406,0,0.0,482
204462,Chris Tonietto,PL,RJ,1414,0,0.0,483
215043,Josivaldo Jp,PSD,MA,1129,0,0.0,484
215043,Josivaldo Jp,PODE,MA,146,0,0.0,485
204462,Chris Tonietto,UNIÃO,RJ,46,0,0.0,486
204462,Chris Tonietto,,RJ,51,0,0.0,487
74439,Wolney Queiroz,PDT,PE,306,0,0.0,488
216544,Paulo Vicente Caleffi,PSD,RS,110,0,0.0,489
204395,Pedro Lupion,,PR,27,0,0.0,490
204395,Pedro Lupion,UNIÃO,PR,39,0,0.0,491
77003,Sergio Santos Rodrigues,PODE,MG,91,0,0.0,492
220644,Rosangela Moro,UNIÃO,SP,986,0,0.0,493
234310,Ricardo Galvão,REDE,SP,148,0,0.0,494
220585,Mersinho Lucena,PP,PB,723,0,0.0,495
204419,Glaustin Da Fokus,PODE,GO,563,0,0.0,496
220563,Icaro De Valmir,PL,SE,828,0,0.0,497
233218,Nelinho Freitas,MDB,CE,102,0,0.0,498
204395,Pedro Lupion,REPUBLICANOS,PR,109,0,0.0,499
222142,Coronel Telhada,PP,SP,377,0,0.0,500
226553,Eliane Braz,PSD,CE,87,0,0.0,501
103758,Luciano Azevedo,PSD,RS,376,0,0.0,502
220593,Abilio Brunini,PL,MT,414,0,0.0,503
227370,Felipe Saliba,PATRIOTA,MG,49,0,0.0,504
220705,Deltan Dallagnol,PODE,PR,80,0,0.0,505
221378,Reginete Bispo,PT,RS,491,0,0.0,506
220597,Thiago Flores,MDB,RO,331,0,0.0,507
220634,Marcelo Lima,S.PART.,SP,27,0,0.0,508
227324,Henrique Júnior,PL,MA,92,0,0.0,509
220634,Marcelo Lima,PSB,SP,179,0,0.0,510
115200,Raniery Paulino,REPUBLICANOS,PB,72,0,0.0,511
228797,Júlio Oliveira,PP,TO,87,0,0.0,512
229939,Newton Bonin,UNIÃO,PR,128,0,0.0,513
227370,Felipe Saliba,PRD,MG,46,0,0.0,514
227991,Dr Flávio,PL,RJ,164,0,0.0,515
204398,Felipe Francischini,PODE,PR,14,0,0.0,516
178943,Marcos Soares,PSDB,RJ,9,0,0.0,517
204479,Nicoletti,PL,RR,40,0,0.0,518
220644,Rosangela Moro,PL,SP,17,0,0.0,519
204412,Dr. Zacharias Calil,MDB,GO,1,0,0.0,520
141487,Luiz Fernando Faria,UNIÃO,MG,11,0,0.0,521
220585,Mersinho Lucena,PSD,PB,12,0,0.0,522
178964,Heitor Schuch,PSD,RS,11,0,0.0,523
220563,Icaro De Valmir,REPUBLICANOS,SE,14,0,0.0,524
220605,Bandeira De Mello,PV,RJ,18,0,0.0,525
220597,Thiago Flores,UNIÃO,RO,9,0,0.0,526
74374,Geraldo Resende,UNIÃO,MS,1,0,0.0,527
74749,Mauro Lopes,PP,MG,257,0,0.0,528
160655,Ricardo Izar,PP,SP,66,0,0.0,529
74749,Mauro Lopes,MDB,MG,109,0,0.0,530
160655,Ricardo Izar,REPUBLICANOS,SP,218,0,0.0,531
204432,Marina Santos,REPUBLICANOS,PI,349,0,0.0,532
204454,Daniel Silveira,PTB,RJ,371,0,0.0,533
204454,Daniel Silveira,UNIÃO,RJ,83,0,0.0,534
204519,Tiago Mitraud,NOVO,MG,513,0,0.0,535
204564,Igor Kannário,UNIÃO,BA,194,0,0.0,536
204432,Marina Santos,PL,PI,87,0,0.0,537
204454,Daniel Silveira,,RJ,55,0,0.0,538
204564,Igor Kannário,,BA,39,0,0.0,539
141427,Fábio Ramalho,MDB,MG,352,0,0.0,540
204427,Fernando Rodolfo,PL,PE,1175,0,0.0,541
204485,Luiz Carlos Motta,PL,SP,1320,0,0.0,542
204518,Dr. Frederico,PATRIOTA,MG,546,0,0.0,543
75431,Maurício Dziedricki,PODE,RS,339,0,0.0,544
194260,Nivaldo Albuquerque,REPUBLICANOS,AL,216,0,0.0,545
160642,Pastor Eurico,PATRIOTA,PE,105,0,0.0,546
204525,Rosana Valle,PL,SP,1263,0,0.0,547
204525,Rosana Valle,PSB,SP,135,0,0.0,548
194260,Nivaldo Albuquerque,PTB,AL,57,0,0.0,549
75431,Maurício Dziedricki,PTB,RS,130,0,0.0,550
204523,Lucas Gonzalez,NOVO,MG,456,0,0.0,551
178969,Fábio Mitidieri,PSD,SE,219,0,0.0,552
204382,Loester Trutis,UNIÃO,MS,46,0,0.0,553
178996,Giovani Feltes,MDB,RS,416,0,0.0,554
73772,Hermes Parcianello,MDB,PR,243,0,0.0,555
204382,Loester Trutis,PL,MS,238,0,0.0,556
160591,Vinicius Gurgel,PL,AP,916,0,0.0,557
204382,Loester Trutis,,MS,55,0,0.0,558
204512,Delegado Marcelo Freitas,,MG,56,0,0.0,559
141401,Carlos Bezerra,MDB,MT,167,0,0.0,560
204449,Nelson Barbudo,PL,MT,645,0,0.0,561
160667,Guilherme Mussi,PP,SP,244,0,0.0,562
204449,Nelson Barbudo,,MT,51,0,0.0,563
204449,Nelson Barbudo,UNIÃO,MT,28,0,0.0,564
178829,Capitão Augusto,PL,SP,1409,0,0.0,565
204396,Vermelho,PSD,PR,102,0,0.0,566
204396,Vermelho,PL,PR,608,0,0.0,567
178832,Leandre,PSD,PR,286,0,0.0,568
204487,Capitão Wagner,PROS,CE,67,0,0.0,569
178832,Leandre,PV,PR,69,0,0.0,570
204487,Capitão Wagner,UNIÃO,CE,113,0,0.0,571
204538,Paulo Bengtson,PTB,PA,269,0,0.0,572
178948,Beto Rosado,PP,RN,372,0,0.0,573
141508,Mauro Nazif,PSB,RO,448,0,0.0,574
178896,Newton Cardoso Jr,MDB,MG,836,0,0.0,575
160528,Danilo Cabral,PSB,PE,375,0,0.0,576
204520,Junio Amaral,UNIÃO,MG,45,0,0.0,577
204520,Junio Amaral,,MG,55,0,0.0,578
141513,Bilac Pinto,UNIÃO,MG,311,0,0.0,579
204411,Filipe Barros,UNIÃO,PR,64,0,0.0,580
141335,Beto Faro,PT,PA,433,0,0.0,581
178939,Clarissa Garotinho,PROS,RJ,131,0,0.0,582
178939,Clarissa Garotinho,UNIÃO,RJ,228,0,0.0,583
204411,Filipe Barros,,PR,45,0,0.0,584
141513,Bilac Pinto,,MG,44,0,0.0,585
204556,Marcelo Ramos,PSD,AM,179,0,0.0,586
178839,Jéssica Sales,MDB,AC,158,0,0.0,587
204571,Alex Santana,PDT,BA,72,0,0.0,588
92699,Fernando Monteiro,PP,PE,905,0,0.0,589
206231,Ted Conti,PSB,ES,120,0,0.0,590
204536,Kim Kataguiri,,SP,44,0,0.0,591
204556,Marcelo Ramos,PL,AM,40,0,0.0,592
204442,Gurgel,PL,RJ,321,0,0.0,593
132504,Enio Verri,PT,PR,464,0,0.0,594
204442,Gurgel,,RJ,54,0,0.0,595
204442,Gurgel,UNIÃO,RJ,98,0,0.0,596
204529,Policial Katia Sastre,PL,SP,447,0,0.0,597
164359,Delegado Waldir,UNIÃO,GO,353,0,0.0,598
204355,Da Vitoria,CIDADANIA,ES,100,0,0.0,599
164359,Delegado Waldir,,GO,54,0,0.0,600
220704,Carol Dartora,PT,PR,719,0,0.0,601
204518,Dr. Frederico,PRD,MG,570,0,0.0,602
73579,Alberto Fraga,PL,DF,1032,0,0.0,603
220695,Rogéria Santos,REPUBLICANOS,BA,892,0,0.0,604
220632,Ana Pimentel,PT,MG,978,0,0.0,605
220537,Helena Lima,MDB,RR,636,0,0.0,606
92699,Fernando Monteiro,REPUBLICANOS,PE,250,0,0.0,607
92699,Fernando Monteiro,PSD,PE,103,0,0.0,608
230762,Pastor Claudio Mariano,UNIÃO,PA,277,0,0.0,609
73806,Roseana Sarney,MDB,MA,270,0,0.0,610
220631,Samuel Viana,PL,MG,255,0,0.0,611
229069,Capitão Samuel,PP,SE,58,0,0.0,612
230177,Tadeu Oliveira,PL,CE,83,0,0.0,613
220594,Coronel Assis,PL,MT,24,0,0.0,614
204427,Fernando Rodolfo,PRD,PE,15,0,0.0,615
160642,Pastor Eurico,PSDB,PE,12,0,0.0,616
233592,Paulo Lemos,PT,AP,10,0,0.0,617
220674,Dra. Alessandra Haber,PODE,PA,7,0,0.0,618
220651,Simone Marquetto,PP,SP,6,0,0.0,619
204449,Nelson Barbudo,PODE,MT,2,0,0.0,620
235620,Ilacir Bicalho,REPUBLICANOS,MG,16,0,0.0,621
235620,Ilacir Bicalho,PODE,MG,2,0,0.0,622
178992,Vitor Lippi,PSD,SP,33,0,0.0,623
220631,Samuel Viana,UNIÃO,MG,10,0,0.0,624
220537,Helena Lima,PSD,RR,9,0,0.0,625
210989,Bruno Farias,REPUBLICANOS,MG,11,0,0.0,626
220715,Amom Mandel,REPUBLICANOS,AM,7,0,0.0,627
204536,Kim Kataguiri,MISSÃO,SP,44,0,0.0,628
204489,Robério Monteiro,PSB,CE,14,0,0.0,629
224117,Gabriel Mota,UNIÃO,RR,15,0,0.0,630
220560,Thiago De Joaldo,REPUBLICANOS,SE,12,0,0.0,631
74428,Mendonça Filho,PL,PE,13,0,0.0,632
204522,Marco Bertaiolli,PSD,SP,518,0,0.0,633
197438,Tito,AVANTE,BA,484,0,0.0,634
162332,Luiz Nishimori,PL,PR,102,0,0.0,635
178984,Miguel Haddad,PSDB,SP,75,0,0.0,636
204369,Caroline De Toni,PL,SC,1444,0,0.0,637
204381,Luis Miranda,REPUBLICANOS,DF,375,0,0.0,638
160545,Alexandre Leite,UNIÃO,SP,713,0,0.0,639
204369,Caroline De Toni,UNIÃO,SC,43,0,0.0,640
205535,Patricia Ferraz,PODE,AP,68,0,0.0,641
204369,Caroline De Toni,,SC,53,0,0.0,642
204381,Luis Miranda,,DF,49,0,0.0,643
160545,Alexandre Leite,,SP,47,0,0.0,644
204381,Luis Miranda,UNIÃO,DF,19,0,0.0,645
205535,Patricia Ferraz,PL,AP,5,0,0.0,646
204475,Ottaci Nascimento,SOLIDARIEDADE,RR,349,0,0.0,647
160542,Márcio Macêdo,PT,SE,233,0,0.0,648
118594,Marcelo Squassoni,REPUBLICANOS,SP,121,0,0.0,649
92346,Eduardo Bolsonaro,PL,SP,727,0,0.0,650
178910,Joaquim Passarinho,PSD,PA,123,0,0.0,651
204353,Aline Gurgel,REPUBLICANOS,AP,367,0,0.0,652
92346,Eduardo Bolsonaro,UNIÃO,SP,47,0,0.0,653
92346,Eduardo Bolsonaro,,SP,56,0,0.0,654
178929,Diego Garcia,PODE,PR,67,0,0.0,655
141408,Cleber Verde,REPUBLICANOS,MA,490,0,0.0,656
204558,Marcelo Nilo,REPUBLICANOS,BA,315,0,0.0,657
204558,Marcelo Nilo,PSB,BA,127,0,0.0,658
178908,Delegado Éder Mauro,PSD,PA,64,0,0.0,659
204420,Julian Lemos,UNIÃO,PB,352,0,0.0,660
74366,João Campos,REPUBLICANOS,GO,375,0,0.0,661
204420,Julian Lemos,,PB,36,0,0.0,662
204388,Bibo Nunes,,RS,54,0,0.0,663
204388,Bibo Nunes,UNIÃO,RS,20,0,0.0,664
204392,Francisco Jr.,PSD,GO,446,0,0.0,665
160653,Roberto De Lucena,REPUBLICANOS,SP,301,0,0.0,666
204359,Léo Moraes,PODE,RO,446,0,0.0,667
160653,Roberto De Lucena,PODE,SP,107,0,0.0,668
204554,Abílio Santana,PSC,BA,198,0,0.0,669
204440,Christino Aureo,PP,RJ,424,0,0.0,670
62881,Danilo Forte,PSDB,CE,87,0,0.0,671
204554,Abílio Santana,PL,BA,123,0,0.0,672
178876,Célio Silveira,PSDB,GO,131,0,0.0,673
178876,Célio Silveira,MDB,GO,1032,0,0.0,674
160651,Rogério Peninha Mendonça,MDB,SC,413,0,0.0,675
115746,Gelson Azevedo,PL,RJ,478,0,0.0,676
178953,Expedito Netto,PSD,RO,437,0,0.0,677
204527,Geninho Zuliani,UNIÃO,SP,89,0,0.0,678
178952,Walter Alves,MDB,RN,262,0,0.0,679
204460,Carlos Jordy,UNIÃO,RJ,31,0,0.0,680
141372,Aelton Freitas,PP,MG,256,0,0.0,681
141372,Aelton Freitas,PL,MG,103,0,0.0,682
204448,Luiz Antonio Corrêa,PL,RJ,124,0,0.0,683
204460,Carlos Jordy,,RJ,53,0,0.0,684
204527,Geninho Zuliani,,SP,24,0,0.0,685
141431,Fernando Coelho Filho,,PE,34,0,0.0,686
160645,Luiz Carlos,PSDB,AP,235,0,0.0,687
178945,Rosangela Gomes,REPUBLICANOS,RJ,365,0,0.0,688
178916,Daniel Coelho,CIDADANIA,PE,370,0,0.0,689
178930,Roman,PATRIOTA,PR,82,0,0.0,690
178930,Roman,PP,PR,41,0,0.0,691
204534,Tabata Amaral,PSB,SP,1491,0,0.0,692
160531,Jhonatan De Jesus,REPUBLICANOS,RR,414,0,0.0,693
178888,Victor Mendes,MDB,MA,171,0,0.0,694
204521,Abou Anni,,SP,45,0,0.0,695
204521,Abou Anni,UNIÃO,SP,375,0,0.0,696
204438,Sergio Toledo,PL,AL,136,0,0.0,697
204490,Charlles Evangelista,,MG,47,0,0.0,698
204490,Charlles Evangelista,PP,MG,264,0,0.0,699
214477,Rrenato Queiroz,PSD,RR,188,0,0.0,700
204490,Charlles Evangelista,UNIÃO,MG,80,0,0.0,701
214477,Rrenato Queiroz,MDB,RR,20,0,0.0,702
204438,Sergio Toledo,PV,AL,55,0,0.0,703
234788,Heloísa Helena,REDE,RJ,77,0,0.0,704
220577,Augusto Puppio,MDB,AP,669,0,0.0,705
220607,Max Lemos,SOLIDARIEDADE,RJ,5,0,0.0,706
220607,Max Lemos,PROS,RJ,5,0,0.0,707
220542,Alexandre Guimarães,REPUBLICANOS,TO,262,0,0.0,708
226075,Priscila Costa,PL,CE,141,0,0.0,709
227275,Mariana Carvalho,REPUBLICANOS,MA,87,0,0.0,710
229106,Carla Ayres,PT,SC,76,0,0.0,711
228272,Délio Pinheiro,PDT,MG,57,0,0.0,712
228616,Dr. Remy Soares,PP,MA,67,0,0.0,713
227800,Duarte Gonçalves Jr,REPUBLICANOS,MG,66,0,0.0,714
229082,Lucyana Genésio,PDT,MA,57,0,0.0,715
227800,Duarte Gonçalves Jr,PODE,MG,5,0,0.0,716
220623,Duda Salabert,PSOL,MG,11,0,0.0,717
178966,Geovania De Sá,REPUBLICANOS,SC,1,0,0.0,718
204574,Junior Lourenço,MDB,MA,11,0,0.0,719
123756,Antônia Lúcia,MDB,AC,11,0,0.0,720
178866,Luizianne Lins,REDE,CE,17,0,0.0,721
220603,Dani Cunha,PL,RJ,18,0,0.0,722
204353,Aline Gurgel,UNIÃO,AP,13,0,0.0,723
178929,Diego Garcia,UNIÃO,PR,1,0,0.0,724
235088,Ribeiro Neto,PRD,MA,64,0,0.0,725
235712,Vavá,AVANTE,MG,18,0,0.0,726
62881,Danilo Forte,PP,CE,16,0,0.0,727
235088,Ribeiro Neto,SOLIDARIEDADE,MA,14,0,0.0,728
175765,Ribamar Silva,PODE,SP,1,0,0.0,729
220544,Antonio Andrade,PSDB,TO,1,0,0.0,730
165470,Rodrigo Valadares,PL,SE,12,0,0.0,731
204533,Idilvan Alencar,PDT,CE,1010,0,0.0,732
204540,Maria Rosas,REPUBLICANOS,SP,1311,0,0.0,733
179000,Marcelo Álvaro Antônio,PL,MG,1071,0,0.0,734
179000,Marcelo Álvaro Antônio,UNIÃO,MG,17,0,0.0,735
179000,Marcelo Álvaro Antônio,,MG,43,0,0.0,736
204551,Bosco Saraiva,SOLIDARIEDADE,AM,252,0,0.0,737
204542,Denis Bezerra,PSB,CE,445,0,0.0,738
74585,Lincoln Portela,PL,MG,1315,0,0.0,739
204360,Silvia Cristina,PL,RO,688,0,0.0,740
204362,Ricardo Guidi,PSD,SC,518,0,0.0,741
204360,Silvia Cristina,PDT,RO,131,0,0.0,742
74784,Luiza Erundina,PSOL,SP,1250,0,0.0,743
133968,Paulo Ramos,PDT,RJ,398,0,0.0,744
204548,Heitor Freire,,CE,47,0,0.0,745
204548,Heitor Freire,UNIÃO,CE,328,0,0.0,746
204486,Mauro Benevides Filho,PDT,CE,1449,0,0.0,747
160541,Arthur Lira,PP,AL,707,0,0.0,748
204370,Célio Moura,PT,TO,482,0,0.0,749
191923,Flávio Nogueira,PDT,PI,94,0,0.0,750
74467,Damião Feliciano,UNIÃO,PB,1053,0,0.0,751
74467,Damião Feliciano,PDT,PB,105,0,0.0,752
191923,Flávio Nogueira,S.PART.,PI,30,0,0.0,753
219592,Lucas Follador,PSC,RO,93,0,0.0,754
67138,Iracema Portella,PP,PI,125,0,0.0,755
204459,Daniela Do Waguinho,UNIÃO,RJ,1104,0,0.0,756
122195,Leonardo Gadelha,PSC,PB,225,0,0.0,757
204459,Daniela Do Waguinho,MDB,RJ,133,0,0.0,758
219592,Lucas Follador,UNIÃO,RO,4,0,0.0,759
171623,Fabio Reis,PSD,SE,703,0,0.0,760
171623,Fabio Reis,MDB,SE,132,0,0.0,761
205863,Marcelo Brum,REPUBLICANOS,RS,18,0,0.0,762
179587,Major Vitor Hugo,PL,GO,342,0,0.0,763
205863,Marcelo Brum,,RS,53,0,0.0,764
179587,Major Vitor Hugo,,GO,46,0,0.0,765
205863,Marcelo Brum,UNIÃO,RS,43,0,0.0,766
179587,Major Vitor Hugo,UNIÃO,GO,65,0,0.0,767
73943,Perpétua Almeida,PCDOB,AC,452,0,0.0,768
66179,Norma Ayub,PP,ES,269,0,0.0,769
160518,Weliton Prado,PROS,MG,436,0,0.0,770
66179,Norma Ayub,,ES,54,0,0.0,771
178997,Moses Rodrigues,MDB,CE,76,0,0.0,772
178961,Shéridan,PSDB,RR,271,0,0.0,773
66179,Norma Ayub,UNIÃO,ES,71,0,0.0,774
204567,Raimundo Costa,PL,BA,95,0,0.0,775
204513,Guiga Peixoto,PSC,SP,324,0,0.0,776
204433,Marcelo Calero,PSD,RJ,340,0,0.0,777
204567,Raimundo Costa,PODE,BA,994,0,0.0,778
105534,Alexandre Figueiredo,PSD,SE,97,0,0.0,779
204466,Tereza Nelma,PSD,AL,232,0,0.0,780
204466,Tereza Nelma,PSDB,AL,114,0,0.0,781
218741,Patrick Dorneles,PSD,PB,97,0,0.0,782
204513,Guiga Peixoto,,SP,50,0,0.0,783
204433,Marcelo Calero,CIDADANIA,RJ,16,0,0.0,784
204513,Guiga Peixoto,UNIÃO,SP,120,0,0.0,785
218741,Patrick Dorneles,PSDB,PB,10,0,0.0,786
178825,Leo De Brito,PT,AC,445,0,0.0,787
178889,Zé Carlos,PT,MA,429,0,0.0,788
204514,Coronel Tadeu,UNIÃO,SP,39,0,0.0,789
204425,Silvio Costa Filho,REPUBLICANOS,PE,519,0,0.0,790
73482,Henrique Fontana,PT,RS,440,0,0.0,791
204514,Coronel Tadeu,PL,SP,429,0,0.0,792
204514,Coronel Tadeu,,SP,47,0,0.0,793
204500,Eduardo Costa,PSD,PA,253,0,0.0,794
204500,Eduardo Costa,PTB,PA,104,0,0.0,795
204378,Coronel Chrisóstomo,UNIÃO,RO,31,0,0.0,796
204378,Coronel Chrisóstomo,,RO,54,0,0.0,797
220008,Eliza Virgínia,PP,PB,163,0,0.0,798
74478,Luciano Bivar,,PE,15,0,0.0,799
198783,Emanuel Pinheiro Neto,MDB,MT,942,0,0.0,800
198783,Emanuel Pinheiro Neto,PTB,MT,102,0,0.0,801
204553,Pastor Sargento Isidório,AVANTE,BA,1498,0,0.0,802
178860,Paulo Azi,,BA,39,0,0.0,803
141523,Raul Henry,MDB,PE,425,0,0.0,804
218245,Jorielson,PL,AP,148,0,0.0,805
204499,Cássio Andrade,PSB,PA,219,0,0.0,806
164360,Carmen Zanotto,CIDADANIA,SC,585,0,0.0,807
204414,Aroldo Martins,REPUBLICANOS,PR,344,0,0.0,808
234673,Vanderlan Alves,UNIÃO,CE,57,0,0.0,809
204445,Fernando Mineiro,PT,RN,904,0,0.0,810
220580,Professora Goreth,PDT,AP,545,0,0.0,811
220555,Daiana Santos,PCDOB,RS,926,0,0.0,812
220575,Sonize Barbosa,PL,AP,442,0,0.0,813
220581,Luciano Amaral,PV,AL,593,0,0.0,814
234388,Fabiano Cazeca,PRD,MG,66,0,0.0,815
225730,Enfermeira Ana Paula,PDT,CE,123,0,0.0,816
220655,Mario Frias,PL,SP,826,0,0.0,817
74696,Alberto Mourão,MDB,SP,305,0,0.0,818
182146,Wolmer Araújo,PATRIOTA,MA,6,0,0.0,819
182146,Wolmer Araújo,SOLIDARIEDADE,MA,62,0,0.0,820
214694,Jorge Goetten,PL,SC,444,0,0.0,821
212625,Dr. Gonçalo,PODE,MA,71,0,0.0,822
228837,Juliana Kolankiewicz,MDB,MT,90,0,0.0,823
122195,Leonardo Gadelha,PODE,PB,67,0,0.0,824
228042,Naumi Amorim,PSD,CE,26,0,0.0,825
229112,Pedro Jr,PL,TO,82,0,0.0,826
171139,Loreny,SOLIDARIEDADE,SP,44,0,0.0,827
220642,Delegado Bruno Lima,PODE,SP,17,0,0.0,828
204533,Idilvan Alencar,PSB,CE,12,0,0.0,829
220686,Duarte Jr.,AVANTE,MA,14,0,0.0,830
234673,Vanderlan Alves,REPUBLICANOS,CE,39,0,0.0,831
234673,Vanderlan Alves,SOLIDARIEDADE,CE,22,0,0.0,832
221329,Ricardo Abrão,PSDB,RJ,12,0,0.0,833
204486,Mauro Benevides Filho,UNIÃO,CE,12,0,0.0,834
220549,Any Ortiz,PP,RS,1,0,0.0,835
204459,Daniela Do Waguinho,REPUBLICANOS,RJ,12,0,0.0,836
220566,Lêda Borges,REPUBLICANOS,GO,10,0,0.0,837
220610,Dr. Fernando Máximo,PL,RO,12,0,0.0,838
204356,Amaro Neto,PP,ES,24,0,0.0,839
204567,Raimundo Costa,PSD,BA,10,0,0.0,840
220571,Daniel Agrobom,PSD,GO,1,0,0.0,841
220536,Zé Haroldo Cathedral,UNIÃO,RR,13,0,0.0,842
220608,Cristiane Lopes,PODE,RO,10,0,0.0,843
74478,Luciano Bivar,MDB,PE,16,0,0.0,844
198783,Emanuel Pinheiro Neto,PSD,MT,19,0,0.0,845
193726,Paulo Eduardo Martins,PL,PR,297,0,0.0,846
141515,Otavio Leite,PSDB,RJ,84,0,0.0,847
146788,Marcelo Aro,PP,MG,222,0,0.0,848
193726,Paulo Eduardo Martins,PSC,PR,124,0,0.0,849
204410,Luisa Canziani,PSD,PR,723,0,0.0,850
204410,Luisa Canziani,PTB,PR,31,0,0.0,851
160640,Eros Biondini,PROS,MG,114,0,0.0,852
160640,Eros Biondini,PL,MG,1296,0,0.0,853
204546,Joice Hasselmann,PSDB,SP,371,0,0.0,854
204546,Joice Hasselmann,,SP,56,0,0.0,855
204546,Joice Hasselmann,UNIÃO,SP,32,0,0.0,856
160976,Tiririca,PL,SP,1081,0,0.0,857
128760,Paulo Marinho Jr,PL,MA,320,0,0.0,858
137070,Vicentinho Júnior,PL,TO,95,0,0.0,859
178927,Aliel Machado,PSB,PR,87,0,0.0,860
204351,Dr. Luiz Ovando,UNIÃO,MS,60,0,0.0,861
204351,Dr. Luiz Ovando,,MS,46,0,0.0,862
204390,Professor Alcides,PP,GO,111,0,0.0,863
204465,Haroldo Cathedral,PSD,RR,180,0,0.0,864
204379,Acácio Favacho,PROS,AP,127,0,0.0,865
141439,Chico D'angelo,PDT,RJ,411,0,0.0,866
178854,Elmar Nascimento,UNIÃO,BA,425,0,0.0,867
178854,Elmar Nascimento,,BA,37,0,0.0,868
204408,Gustinho Ribeiro,SOLIDARIEDADE,SE,106,0,0.0,869
73692,Osmar Terra,MDB,RS,959,0,0.0,870
204375,Leda Sadala,AVANTE,AP,134,0,0.0,871
178983,Marcio Alvino,PL,SP,1455,0,0.0,872
204375,Leda Sadala,PP,AP,163,0,0.0,873
141417,Edio Lopes,PL,RR,318,0,0.0,874
204496,Celso Sabino,UNIÃO,PA,377,0,0.0,875
204496,Celso Sabino,,PA,37,0,0.0,876
178831,André Abdon,PP,AP,613,0,0.0,877
141555,Vinicius Carvalho,REPUBLICANOS,SP,972,0,0.0,878
204468,Joenia Wapichana,REDE,RR,453,0,0.0,879
204565,Professora Dayane Pimentel,UNIÃO,BA,264,0,0.0,880
204458,Major Fabiana,PL,RJ,283,0,0.0,881
219568,Tiago Andrino,PSB,TO,99,0,0.0,882
204530,Rodrigo Agostinho,PSB,SP,486,0,0.0,883
204566,Marreca Filho,PATRIOTA,MA,488,0,0.0,884
204458,Major Fabiana,,RJ,55,0,0.0,885
204565,Professora Dayane Pimentel,,BA,51,0,0.0,886
204458,Major Fabiana,UNIÃO,RJ,46,0,0.0,887
204354,Flávia Arruda,PL,DF,223,0,0.0,888
204371,Felipe Rigoni,UNIÃO,ES,359,0,0.0,889
204555,José Ricardo,PT,AM,421,0,0.0,890
98057,Lafayette De Andrada,REPUBLICANOS,MG,1074,0,0.0,891
204371,Felipe Rigoni,,ES,48,0,0.0,892
215042,Ricardo Da Karol,PDT,RJ,266,0,0.0,893
215042,Ricardo Da Karol,PSC,RJ,155,0,0.0,894
204452,Márcio Labre,PL,RJ,362,0,0.0,895
160619,José Nunes,PSD,BA,199,0,0.0,896
204508,Igor Timo,PODE,MG,687,0,0.0,897
160635,Ruy Carneiro,PSC,PB,273,0,0.0,898
74376,Vander Loubet,PT,MS,1368,0,0.0,899
141459,João Maia,PL,RN,603,0,0.0,900
160635,Ruy Carneiro,PSDB,PB,147,0,0.0,901
204452,Márcio Labre,UNIÃO,RJ,39,0,0.0,902
204452,Márcio Labre,S.PART.,RJ,8,0,0.0,903
204452,Márcio Labre,,RJ,37,0,0.0,904
141552,Valtenir Pereira,MDB,MT,209,0,0.0,905
204416,Sanderson,UNIÃO,RS,21,0,0.0,906
204416,Sanderson,,RS,45,0,0.0,907
178882,André Fufuca,PP,MA,248,0,0.0,908
205548,David Miranda,PDT,RJ,200,0,0.0,909
90201,Pedro Augusto Bezerra,PDT,CE,250,0,0.0,910
204385,Valdevan Noventa,PL,SE,163,0,0.0,911
205548,David Miranda,PSOL,RJ,116,0,0.0,912
90201,Pedro Augusto Bezerra,PTB,CE,130,0,0.0,913
178937,Altineu Côrtes,PL,RJ,655,0,0.0,914
204537,Enrico Misasi,MDB,SP,302,0,0.0,915
178951,Rafael Motta,PSB,RN,355,0,0.0,916
204537,Enrico Misasi,PV,SP,126,0,0.0,917
74254,Leonardo Picciani,MDB,RJ,105,0,0.0,918
152610,Roberto Alves,REPUBLICANOS,SP,389,0,0.0,919
141422,Efraim Filho,UNIÃO,PB,118,0,0.0,920
204413,Alcides Rodrigues,PATRIOTA,GO,400,0,0.0,921
204483,Vilson Da Fetaemg,PSB,MG,448,0,0.0,922
204575,Gil Cutrim,REPUBLICANOS,MA,432,0,0.0,923
160600,Arthur Oliveira Maia,,BA,29,0,0.0,924
141422,Efraim Filho,,PB,5,0,0.0,925
220624,Robinson Faria,PL,RN,754,0,0.0,926
220550,Mauricio Marcon,PL,RS,94,0,0.0,927
160976,Tiririca,PSD,SP,126,0,0.0,928
234253,Lucas Abrahao,REDE,AP,87,0,0.0,929
208297,Katia Dias,REPUBLICANOS,MG,110,0,0.0,930
220554,Alexandre Lindenmeyer,PT,RS,850,0,0.0,931
220614,Dr. Daniel Soranz,PSD,RJ,191,0,0.0,932
220639,Guilherme Boulos,PSOL,SP,720,0,0.0,933
220600,Lebrão,UNIÃO,RO,555,0,0.0,934
220615,Pastor Henrique Vieira,PSOL,RJ,1079,0,0.0,935
220661,Matheus Noronha,PL,CE,784,0,0.0,936
220713,Saullo Vianna,UNIÃO,AM,487,0,0.0,937
220627,Paulinho Freire,UNIÃO,RN,442,0,0.0,938
220601,Washington Quaquá,PT,RJ,313,0,0.0,939
220630,Pedro Aihara,PATRIOTA,MG,253,0,0.0,940
229259,Pedro Tourinho,PT,SP,81,0,0.0,941
229585,Elisangela Araujo,PT,BA,103,0,0.0,942
229333,Gláucia Santiago,PL,MG,88,0,0.0,943
235869,João Carlos,REPUBLICANOS,AM,12,0,0.0,944
137070,Vicentinho Júnior,PSDB,TO,24,0,0.0,945
204390,Professor Alcides,PSDB,GO,15,0,0.0,946
204408,Gustinho Ribeiro,PP,SE,12,0,0.0,947
220652,Delegado Palumbo,PODE,SP,25,0,0.0,948
204496,Celso Sabino,PDT,PA,9,0,0.0,949
141555,Vinicius Carvalho,PL,SP,16,0,0.0,950
178871,Evair Vieira De Melo,REPUBLICANOS,ES,1,0,0.0,951
98057,Lafayette De Andrada,PL,MG,11,0,0.0,952
74295,Inácio Arruda,PCDOB,CE,12,0,0.0,953
204508,Igor Timo,UNIÃO,MG,1,0,0.0,954
204387,Sargento Fahur,PL,PR,45,0,0.0,955
220572,Marussa Boldrin,REPUBLICANOS,GO,6,0,0.0,956
129618,Gorete Pereira,MDB,CE,29,0,0.0,957
220646,Felipe Becari,PODE,SP,18,0,0.0,958
220699,Castro Neto,MDB,PI,9,0,0.0,959
220713,Saullo Vianna,MDB,AM,29,0,0.0,960
220630,Pedro Aihara,PP,MG,13,0,0.0,961
204509,Áurea Carolina,PSOL,MG,374,0,0.0,962
81297,Dra. Soraya Manato,PTB,ES,370,0,0.0,963
81297,Dra. Soraya Manato,,ES,56,0,0.0,964
215044,Vivi Reis,PSOL,PA,488,0,0.0,965
81297,Dra. Soraya Manato,UNIÃO,ES,84,0,0.0,966
213854,Dr. Agripino Magalhães,UNIÃO,CE,109,0,0.0,967
204380,Celina Leão,PP,DF,238,0,0.0,968
160758,Domingos Sávio,PSDB,MG,112,0,0.0,969
213854,Dr. Agripino Magalhães,PROS,CE,6,0,0.0,970
154178,Milton Vieira,REPUBLICANOS,SP,434,0,0.0,971
157130,Túlio Gadêlha,PDT,PE,127,0,0.0,972
204451,Delegado Antônio Furtado,UNIÃO,RJ,424,0,0.0,973
204545,Alê Silva,REPUBLICANOS,MG,357,0,0.0,974
204423,André Ferreira,PSC,PE,109,0,0.0,975
204423,André Ferreira,PL,PE,824,0,0.0,976
204451,Delegado Antônio Furtado,,RJ,55,0,0.0,977
160552,Danrlei De Deus Hinterholz,PSD,RS,684,0,0.0,978
204545,Alê Silva,,MG,51,0,0.0,979
74554,José Rocha,PL,BA,86,0,0.0,980
204545,Alê Silva,UNIÃO,MG,19,0,0.0,981
107283,Gleisi Hoffmann,PT,PR,644,0,0.0,982
207176,Bia Cavassa,PSDB,MS,125,0,0.0,983
74043,Wellington Roberto,PL,PB,905,0,0.0,984
178981,Herculano Passos,REPUBLICANOS,SP,343,0,0.0,985
204374,Bia Kicis,PL,DF,1440,0,0.0,986
160610,Valmir Assunção,PT,BA,1269,0,0.0,987
74399,Onyx Lorenzoni,PL,RS,218,0,0.0,988
178981,Herculano Passos,MDB,SP,124,0,0.0,989
204576,João Roma,PL,BA,257,0,0.0,990
204374,Bia Kicis,UNIÃO,DF,66,0,0.0,991
204374,Bia Kicis,,DF,53,0,0.0,992
74052,Bosco Costa,PL,SE,492,0,0.0,993
204352,Camilo Capiberibe,PSB,AP,432,0,0.0,994
213762,Carla Dickson,PROS,RN,141,0,0.0,995
204393,Frei Anastacio Ribeiro,PT,PB,456,0,0.0,996
73696,Angela Amin,PP,SC,450,0,0.0,997
160534,Lauriete,PSC,ES,475,0,0.0,998
178956,Mariana Carvalho,REPUBLICANOS,RO,136,0,0.0,999
178956,Mariana Carvalho,PSDB,RO,138,0,0.0,1000
204439,Dr. Leonardo,REPUBLICANOS,MT,358,0,0.0,1001
204562,Edilázio Júnior,PSD,MA,355,0,0.0,1002
178912,Pedro Cunha Lima,PSDB,PB,178,0,0.0,1003
204439,Dr. Leonardo,SOLIDARIEDADE,MT,113,0,0.0,1004
178920,Ricardo Teobaldo,PODE,PE,319,0,0.0,1005
204561,Bira Do Pindaré,PSB,MA,405,0,0.0,1006
112437,João Marcelo Souza,MDB,MA,221,0,0.0,1007
178863,Uldurico Junior,MDB,BA,206,0,0.0,1008
204418,Luizão Goulart,REPUBLICANOS,PR,92,0,0.0,1009
160589,Bruna Furlan,PSDB,SP,148,0,0.0,1010
217480,Jones Moura,PSD,RJ,622,0,0.0,1011
74319,Paes Landim,UNIÃO,PI,84,0,0.0,1012
204418,Luizão Goulart,SOLIDARIEDADE,PR,332,0,0.0,1013
141405,Celso Maldaner,MDB,SC,336,0,0.0,1014
178863,Uldurico Junior,PROS,BA,88,0,0.0,1015
74319,Paes Landim,PTB,PI,7,0,0.0,1016
178921,Sebastião Oliveira,AVANTE,PE,265,0,0.0,1017
74459,Átila Lira,PP,PI,389,0,0.0,1018
204415,Nereu Crispim,UNIÃO,RS,79,0,0.0,1019
204415,Nereu Crispim,PSD,RS,278,0,0.0,1020
204473,General Girão,UNIÃO,RN,47,0,0.0,1021
204473,General Girão,,RN,52,0,0.0,1022
204415,Nereu Crispim,,RS,52,0,0.0,1023
220620,Rosângela Reis,PL,MG,1006,0,0.0,1024
220530,Messias Donato,REPUBLICANOS,ES,1000,0,0.0,1025
220640,Juliana Cardoso,PT,SP,873,0,0.0,1026
220531,Gilvan Maximo,REPUBLICANOS,DF,623,0,0.0,1027
220613,Roberto Monteiro Pai,PL,RJ,973,0,0.0,1028
227660,Nitinho,PSD,SE,335,0,0.0,1029
220579,Silvia Waiãpi,PL,AP,556,0,0.0,1030
220676,Andreia Siqueira,MDB,PA,782,0,0.0,1031
220565,Delegada Adriana Accorsi,PT,GO,792,0,0.0,1032
160561,Missionário José Olimpio,PL,SP,271,0,0.0,1033
225727,Flavinha,MDB,MT,117,0,0.0,1034
220596,Amália Barros,PL,MT,339,0,0.0,1035
89536,Prof. Paulo Fernando,REPUBLICANOS,DF,259,0,0.0,1036
225386,Renan Ferreirinha,PSD,RJ,79,0,0.0,1037
220633,Ricardo Salles,PL,SP,348,0,0.0,1038
220552,Zucco,REPUBLICANOS,RS,343,0,0.0,1039
227401,Dr Fabio Rueda,UNIÃO,AC,83,0,0.0,1040
228941,Daniel José,PODE,SP,70,0,0.0,1041
220668,Maria Arraes,PSB,PE,16,0,0.0,1042
160632,Zé Silva,UNIÃO,MG,18,0,0.0,1043
157130,Túlio Gadêlha,PSD,PE,19,0,0.0,1044
220530,Messias Donato,UNIÃO,ES,15,0,0.0,1045
220714,Adail Filho,MDB,AM,19,0,0.0,1046
74043,Wellington Roberto,PSD,PB,5,0,0.0,1047
213762,Carla Dickson,PL,RN,1,0,0.0,1048
234840,Cristiano Furlan,REDE,AP,22,0,0.0,1049
178954,Lucio Mosquini,PL,RO,9,0,0.0,1050
220656,Fernanda Pessoa,PSD,CE,15,0,0.0,1051
235800,Jorge Araújo,PP,BA,11,0,0.0,1052
220676,Andreia Siqueira,PSB,PA,6,0,0.0,1053
204471,Mara Rocha,MDB,AC,292,0,0.0,1054
151208,Laercio Oliveira,PP,SE,386,0,0.0,1055
141531,Rodrigo De Castro,PSDB,MG,122,0,0.0,1056
141531,Rodrigo De Castro,UNIÃO,MG,1166,0,0.0,1057
204516,Alexis Fonteyne,NOVO,SP,470,0,0.0,1058
204476,Chiquinho Brazão,UNIÃO,RJ,507,0,0.0,1059
204471,Mara Rocha,PSDB,AC,123,0,0.0,1060
204476,Chiquinho Brazão,AVANTE,RJ,144,0,0.0,1061
204376,Coronel Armando,PL,SC,451,0,0.0,1062
141478,Laerte Bessa,PL,DF,121,0,0.0,1063
204376,Coronel Armando,,SC,49,0,0.0,1064
204376,Coronel Armando,UNIÃO,SC,46,0,0.0,1065
204403,Marlon Santos,PL,RS,169,0,0.0,1066
204403,Marlon Santos,PDT,RS,84,0,0.0,1067
204494,Fred Costa,PATRIOTA,MG,342,0,0.0,1068
160570,Jerônimo Goergen,PP,RS,284,0,0.0,1069
204541,Eduardo Bismarck,PDT,CE,1001,0,0.0,1070
205476,Charles Fernandes,PSD,BA,1316,0,0.0,1071
178924,Capitão Fábio Abreu,PSD,PI,349,0,0.0,1072
178924,Capitão Fábio Abreu,PL,PI,94,0,0.0,1073
135054,Cristiano Vale,PL,PA,50,0,0.0,1074
204391,José Nelto,PP,GO,440,0,0.0,1075
135054,Cristiano Vale,PP,PA,319,0,0.0,1076
204391,José Nelto,PODE,GO,89,0,0.0,1077
74693,Rodrigo Maia,PSDB,RJ,21,0,0.0,1078
74693,Rodrigo Maia,S.PART.,RJ,2,0,0.0,1079
160669,Genecias Noronha,PL,CE,146,0,0.0,1080
74655,Eduardo Barbosa,PSDB,MG,484,0,0.0,1081
74383,Giacobo,PL,PR,805,0,0.0,1082
204524,Pinheirinho,PP,MG,677,0,0.0,1083
160669,Genecias Noronha,SOLIDARIEDADE,CE,114,0,0.0,1084
92102,Leur Lomanto Júnior,,BA,40,0,0.0,1085
204428,Marília Arraes,PT,PE,160,0,0.0,1086
204435,Jesus Sérgio,PDT,AC,406,0,0.0,1087
74262,Carlos Sampaio,PSDB,SP,743,0,0.0,1088
109429,Benes Leocádio,REPUBLICANOS,RN,123,0,0.0,1089
122974,Pedro Lucas Fernandes,PTB,MA,132,0,0.0,1090
204428,Marília Arraes,SOLIDARIEDADE,PE,170,0,0.0,1091
204441,Otoni De Paula,PSC,RJ,96,0,0.0,1092
204400,Aline Sleutjes,PROS,PR,277,0,0.0,1093
204467,Professora Rosa Neide,PT,MT,455,0,0.0,1094
204510,Franco Cartafina,PP,MG,381,0,0.0,1095
160508,Afonso Florence,PT,BA,391,0,0.0,1096
204383,Professor Israel Batista,PSB,DF,293,0,0.0,1097
204484,General Peternelli,UNIÃO,SP,460,0,0.0,1098
204484,General Peternelli,,SP,53,0,0.0,1099
204400,Aline Sleutjes,UNIÃO,PR,97,0,0.0,1100
204400,Aline Sleutjes,,PR,51,0,0.0,1101
204383,Professor Israel Batista,PV,DF,173,0,0.0,1102
177282,Subtenente Gonzaga,PSD,MG,285,0,0.0,1103
204505,Vavá Martins,REPUBLICANOS,PA,345,0,0.0,1104
177282,Subtenente Gonzaga,PDT,MG,103,0,0.0,1105
68720,Fábio Henrique,UNIÃO,SE,432,0,0.0,1106
178994,Dulce Miranda,MDB,TO,447,0,0.0,1107
154919,Eleuses Paiva,PSD,SP,187,0,0.0,1108
178925,Rejane Dias,PT,PI,457,0,0.0,1109
68720,Fábio Henrique,PDT,SE,134,0,0.0,1110
204544,Alexandre Frota,PSDB,SP,298,0,0.0,1111
178947,Sóstenes Cavalcante,PL,RJ,823,0,0.0,1112
74270,Gilberto Nascimento,PSC,SP,123,0,0.0,1113
178947,Sóstenes Cavalcante,,RJ,27,0,0.0,1114
178843,Marx Beltrão,PSD,AL,107,0,0.0,1115
161550,Emidinho Madeira,PSB,MG,99,0,0.0,1116
178947,Sóstenes Cavalcante,UNIÃO,RJ,24,0,0.0,1117
204544,Alexandre Frota,PROS,SP,55,0,0.0,1118
178861,Ronaldo Carletto,PP,BA,442,0,0.0,1119
146307,Neri Geller,PP,MT,185,0,0.0,1120
160511,Alessandro Molon,PSB,RJ,414,0,0.0,1121
108338,Jaqueline Cassol,PP,RO,409,0,0.0,1122
204367,Daniel Freitas,,SC,56,0,0.0,1123
204366,Rodrigo Coelho,PODE,SC,459,0,0.0,1124
204511,David Soares,UNIÃO,SP,846,0,0.0,1125
204367,Daniel Freitas,UNIÃO,SC,24,0,0.0,1126
178977,Eduardo Cury,PSDB,SP,433,0,0.0,1127
74352,Nilson Pinto,PSDB,PA,317,0,0.0,1128
204502,Bozzella,UNIÃO,SP,367,0,0.0,1129
73466,Rubens Bueno,CIDADANIA,PR,514,0,0.0,1130
204502,Bozzella,,SP,49,0,0.0,1131
204526,Luiz Philippe De Orleans E Bragança,UNIÃO,SP,25,0,0.0,1132
204526,Luiz Philippe De Orleans E Bragança,,SP,41,0,0.0,1133
204421,Edna Henrique,REPUBLICANOS,PB,268,0,0.0,1134
93083,Cacá Leão,PP,BA,332,0,0.0,1135
204517,Zé Vitor,PL,MG,709,0,0.0,1136
204373,Hélio Costa,PSD,SC,296,0,0.0,1137
204373,Hélio Costa,REPUBLICANOS,SC,123,0,0.0,1138
215045,Pedro Augusto Palareti,PP,RJ,198,0,0.0,1139
178934,Toninho Wandscheer,PROS,PR,404,0,0.0,1140
215045,Pedro Augusto Palareti,PSD,RJ,129,0,0.0,1141
178881,Aluisio Mendes,PSC,MA,446,0,0.0,1142
219599,Sargento Alexandre,PODE,SP,96,0,0.0,1143
204376,Coronel Armando,PP,SC,73,0,0.0,1144
204494,Fred Costa,PRD,MG,288,0,0.0,1145
220616,Luciano Vieira,PSDB,RJ,59,0,0.0,1146
230764,Ivan Junior,UNIÃO,MA,26,0,0.0,1147
234406,Elmano Férrer,PP,PI,79,0,0.0,1148
220645,Erika Hilton,PSOL,SP,792,0,0.0,1149
220576,Alfredo Gaspar,UNIÃO,AL,1094,0,0.0,1150
221338,Professora Luciene Cavalcante,PSOL,SP,1004,0,0.0,1151
220626,Rafael Simoes,UNIÃO,MG,955,0,0.0,1152
160161,Marcelo Queiroz,PP,RJ,713,0,0.0,1153
160161,Marcelo Queiroz,PSDB,RJ,76,0,0.0,1154
204476,Chiquinho Brazão,S.PART.,RJ,1,0,0.0,1155
220587,Gerlen Diniz,PP,AC,589,0,0.0,1156
220616,Luciano Vieira,PL,RJ,299,0,0.0,1157
100689,Hildo Do Candango,REPUBLICANOS,GO,106,0,0.0,1158
226410,Márcio Correa,MDB,GO,111,0,0.0,1159
160629,Romero Rodrigues,PSC,PB,95,0,0.0,1160
223398,Ulisses Guimarães,MDB,MG,78,0,0.0,1161
235776,Sérgio Turra,PP,RS,19,0,0.0,1162
178858,Mário Negromonte Jr.,PSB,BA,14,0,0.0,1163
204541,Eduardo Bismarck,PV,CE,14,0,0.0,1164
220687,Márcio Honaiser,SOLIDARIEDADE,MA,7,0,0.0,1165
220643,Sônia Guajajara,PSOL,SP,19,0,0.0,1166
204441,Otoni De Paula,PSD,RJ,10,0,0.0,1167
220576,Alfredo Gaspar,PL,AL,1,0,0.0,1168
220685,Paulo Litro,UNIÃO,PR,6,0,0.0,1169
220664,Guilherme Uchoa,PSD,PE,8,0,0.0,1170
204404,Lucas Redecker,PSD,RS,16,0,0.0,1171
178843,Marx Beltrão,UNIÃO,AL,1,0,0.0,1172
220589,Eduardo Velloso,SOLIDARIEDADE,AC,14,0,0.0,1173
204511,David Soares,PODE,SP,6,0,0.0,1174
178901,Tereza Cristina,PP,MS,307,0,0.0,1175
178887,Rubens Pereira Júnior,PCDOB,MA,122,0,0.0,1176
205865,Reinhold Stephanes,PSD,PR,898,0,0.0,1177
141411,Dagoberto Nogueira,PDT,MS,134,0,0.0,1178
204437,Severino Pessoa,REPUBLICANOS,AL,104,0,0.0,1179
178975,Baleia Rossi,MDB,SP,925,0,0.0,1180
204437,Severino Pessoa,MDB,AL,171,0,0.0,1181
204472,José Medeiros,PODE,MT,83,0,0.0,1182
76874,Marcelo Freixo,PSB,RJ,438,0,0.0,1183
204384,Ney Leprevost,UNIÃO,PR,256,0,0.0,1184
204547,Léo Motta,PL,MG,32,0,0.0,1185
204547,Léo Motta,REPUBLICANOS,MG,172,0,0.0,1186
204430,Margarete Coelho,PP,PI,381,0,0.0,1187
217330,Pedro Dalua,PSC,AP,91,0,0.0,1188
204547,Léo Motta,UNIÃO,MG,21,0,0.0,1189
204547,Léo Motta,,MG,41,0,0.0,1190
178886,Juscelino Filho,,MA,47,0,0.0,1191
204405,Liziane Bayer,PSB,RS,116,0,0.0,1192
166402,Magda Mofatto,PL,GO,558,0,0.0,1193
204357,Rose Modesto,PSDB,MS,122,0,0.0,1194
204364,Eli Borges,PL,TO,1064,0,0.0,1195
204405,Liziane Bayer,REPUBLICANOS,RS,372,0,0.0,1196
204357,Rose Modesto,UNIÃO,MS,185,0,0.0,1197
204364,Eli Borges,SOLIDARIEDADE,TO,111,0,0.0,1198
204457,Juninho Do Pneu,,RJ,55,0,0.0,1199
204477,Felício Laterça,PP,RJ,342,0,0.0,1200
204446,Professor Joziel,UNIÃO,RJ,103,0,0.0,1201
204446,Professor Joziel,,RJ,50,0,0.0,1202
204446,Professor Joziel,PATRIOTA,RJ,255,0,0.0,1203
204477,Felício Laterça,UNIÃO,RJ,83,0,0.0,1204
74200,Gastão Vieira,PROS,MA,108,0,0.0,1205
204477,Felício Laterça,,RJ,55,0,0.0,1206
213274,Ricardo Silva,PSB,SP,97,0,0.0,1207
204461,Paulo Ganime,NOVO,RJ,476,0,0.0,1208
213274,Ricardo Silva,PSD,SP,501,0,0.0,1209
73808,Sérgio Brito,PSD,BA,452,0,0.0,1210
74165,Neucimar Fraga,PP,ES,242,0,0.0,1211
204478,Vinicius Farah,UNIÃO,RJ,174,0,0.0,1212
204478,Vinicius Farah,MDB,RJ,16,0,0.0,1213
74165,Neucimar Fraga,PSD,ES,104,0,0.0,1214
178959,Hiran Gonçalves,PP,RR,332,0,0.0,1215
204535,Sâmia Bomfim,PSOL,SP,1328,0,0.0,1216
160532,Eli Corrêa Filho,UNIÃO,SP,395,0,0.0,1217
160532,Eli Corrêa Filho,,SP,56,0,0.0,1218
178879,Lucas Vergilio,SOLIDARIEDADE,GO,126,0,0.0,1219
74044,Wilson Santiago,PTB,PB,71,0,0.0,1220
116379,Darci De Matos,PSD,SC,669,0,0.0,1221
73463,Osmar Serraglio,PP,PR,450,0,0.0,1222
195866,Vaidon Oliveira,PROS,CE,119,0,0.0,1223
69871,Bacelar,PODE,BA,125,0,0.0,1224
195866,Vaidon Oliveira,UNIÃO,CE,112,0,0.0,1225
204482,Euclydes Pettersen,PSC,MG,238,0,0.0,1226
204444,Helio Lopes,PL,RJ,1108,0,0.0,1227
204444,Helio Lopes,UNIÃO,RJ,83,0,0.0,1228
204444,Helio Lopes,,RJ,52,0,0.0,1229
74090,Átila Lins,PP,AM,113,0,0.0,1230
178990,Samuel Moreira,PSDB,SP,461,0,0.0,1231
204488,Célio Studart,PSD,CE,934,0,0.0,1232
73460,Gustavo Fruet,PDT,PR,389,0,0.0,1233
204550,Júnior Mano,PL,CE,385,0,0.0,1234
204488,Célio Studart,PV,CE,91,0,0.0,1235
204532,Vinicius Poit,NOVO,SP,464,0,0.0,1236
178962,Carlos Gomes,REPUBLICANOS,RS,714,0,0.0,1237
204498,Olival Marques,UNIÃO,PA,68,0,0.0,1238
141480,Lázaro Botelho,PP,TO,833,0,0.0,1239
204498,Olival Marques,,PA,52,0,0.0,1240
160665,Augusto Coutinho,SOLIDARIEDADE,PE,79,0,0.0,1241
204377,Paula Belmonte,CIDADANIA,DF,406,0,0.0,1242
204361,Carlos Chiodini,MDB,SC,671,0,0.0,1243
196358,Lourival Gomes,UNIÃO,RJ,98,0,0.0,1244
196358,Lourival Gomes,PP,RJ,262,0,0.0,1245
196358,Lourival Gomes,,RJ,44,0,0.0,1246
73586,Júlio Delgado,PV,MG,348,0,0.0,1247
74471,André De Paula,PSD,PE,332,0,0.0,1248
73586,Júlio Delgado,PSB,MG,128,0,0.0,1249
160621,Sandro Alex,PSD,PR,334,0,0.0,1250
178905,Fabio Garcia,UNIÃO,MT,96,0,0.0,1251
220649,Delegado Da Cunha,PP,SP,780,0,0.0,1252
204550,Júnior Mano,PSB,CE,211,0,0.0,1253
220677,Keniston Braga,MDB,PA,836,0,0.0,1254
220703,Neto Carletto,PP,BA,542,0,0.0,1255
227310,Silvio Antonio,PL,MA,184,0,0.0,1256
220697,Jadyel Alencar,PV,PI,226,0,0.0,1257
220660,Yury Do Paredão,S.PART.,CE,49,0,0.0,1258
220660,Yury Do Paredão,PL,CE,73,0,0.0,1259
166402,Magda Mofatto,PATRIOTA,GO,141,0,0.0,1260
227323,Luciano Galego,PL,MA,85,0,0.0,1261
220698,Beto Preto,PSD,PR,118,0,0.0,1262
221339,Dr. Benjamim,UNIÃO,MA,451,0,0.0,1263
229225,Missionária Michele Collins,PP,PE,72,0,0.0,1264
230088,Dra. Mayra Pinheiro,PL,CE,83,0,0.0,1265
204394,Gervásio Maia,PCDOB,PB,14,0,0.0,1266
141411,Dagoberto Nogueira,PP,MS,12,0,0.0,1267
204474,Juarez Costa,REPUBLICANOS,MT,18,0,0.0,1268
178886,Juscelino Filho,PSDB,MA,12,0,0.0,1269
220539,Defensor Stélio Dener,UNIÃO,RR,11,0,0.0,1270
220637,Marina Silva,REDE,SP,14,0,0.0,1271
204515,André Janones,REDE,MG,19,0,0.0,1272
98615,Ismael,PL,SC,16,0,0.0,1273
204364,Eli Borges,REPUBLICANOS,TO,11,0,0.0,1274
204457,Juninho Do Pneu,PSDB,RJ,15,0,0.0,1275
204358,Beto Pereira,REPUBLICANOS,MS,11,0,0.0,1276
220617,Murillo Gouvea,PSDB,RJ,9,0,0.0,1277
220672,Henderson Pinto,UNIÃO,PA,13,0,0.0,1278
220567,Jeferson Rodrigues,PSDB,GO,21,0,0.0,1279
80815,Leo Prates,REPUBLICANOS,BA,1,0,0.0,1280
220649,Delegado Da Cunha,UNIÃO,SP,1,0,0.0,1281
222565,Soldado Noelio,UNIÃO,CE,40,0,0.0,1282
204504,Cezinha De Madureira,PL,SP,25,0,0.0,1283
220691,Diego Coronel,REPUBLICANOS,BA,23,0,0.0,1284
66828,Fausto Pinato,UNIÃO,SP,1,0,0.0,1285
204498,Olival Marques,PODE,PA,8,0,0.0,1286
220706,Padovani,PP,PR,8,0,0.0,1287
220706,Padovani,PL,PR,4,0,0.0,1288
220706,Padovani,REPUBLICANOS,PR,1,0,0.0,1289
